transaction_id,customer_id,product_id,transaction_date,quantity,payment_method,amount
1,125,1,2025-03-08,1,Debit Card,4299.93
2,354,7,2024-02-19,2,Credit Card,4467.98
3,273,1,2024-11-09,1,Cash,4299.93
4,619,49,2024-11-04,2,Cash,9082.92
5,811,96,2025-08-25,4,Debit Card,4593.56
6,245,73,2024-04-24,3,Cash,8338.83
7,848,29,2025-07-22,2,UPI,4839.32
8,450,26,2024-12-07,2,Credit Card,7159.32
9,930,87,2025-06-13,1,UPI,3219.04
10,247,45,2025-10-03,4,Debit Card,6576.88
11,520,93,2025-05-09,1,UPI,2348.92
12,141,97,2024-09-25,4,Cash,655.36
13,362,71,2024-03-20,4,Debit Card,18601.76
14,8,12,2025-03-31,1,Debit Card,3245.11
15,478,95,2024-10-25,3,UPI,2888.61
16,352,32,2024-07-20,4,Debit Card,11811.28
17,996,20,2025-05-17,3,UPI,12497.52
18,495,51,2025-11-01,1,UPI,3249.81
19,606,81,2025-12-16,3,UPI,2313.8999999999996
20,833,36,2025-10-10,4,Debit Card,13158.76
21,427,67,2025-04-29,1,Debit Card,1835.91
22,39,1,2025-08-07,3,Credit Card,12899.79
23,593,27,2025-07-13,1,UPI,4693.15
24,187,40,2024-01-18,1,UPI,1104.41
25,596,97,2025-04-22,3,UPI,491.52
26,600,84,2025-05-02,4,UPI,8080.44
27,754,14,2025-03-21,4,UPI,11534.6
28,854,100,2024-12-05,4,UPI,14749.6
29,93,69,2025-06-14,4,UPI,19261.28
30,86,87,2025-09-03,2,Credit Card,6438.08
31,44,79,2024-04-25,1,Credit Card,4498.61
32,137,6,2024-03-14,1,Cash,990.52
33,421,33,2024-09-25,2,UPI,9904.04
34,74,55,2025-09-28,1,UPI,3652.41
35,548,19,2024-04-25,1,Credit Card,2780.12
36,613,77,2025-11-16,3,Credit Card,13000.23
37,988,29,2025-11-23,2,UPI,4839.32
38,512,61,2025-10-30,1,UPI,2536.83
39,156,70,2024-06-12,1,Credit Card,3142.45
40,938,79,2025-08-05,2,Credit Card,8997.22
41,255,80,2024-08-09,2,Cash,6808.62
42,171,24,2024-05-05,3,Cash,2539.23
43,981,23,2025-10-18,3,UPI,3344.31
44,728,10,2024-06-24,4,Credit Card,14884.92
45,170,54,2025-10-25,4,Cash,7011.88
46,764,41,2025-11-24,3,UPI,10966.710000000001
47,872,49,2025-01-09,1,Cash,4541.46
48,322,17,2025-05-12,2,Cash,8816.7
49,567,56,2024-03-25,3,Cash,8220.539999999999
50,456,45,2025-01-17,4,Debit Card,6576.88
51,944,30,2025-09-24,2,UPI,785.22
52,603,44,2025-10-02,4,Cash,17005.0
53,790,74,2025-04-07,1,UPI,983.51
54,613,55,2025-03-26,1,UPI,3652.41
55,155,19,2025-06-01,4,Credit Card,11120.48
56,889,29,2025-11-25,2,UPI,4839.32
57,349,2,2025-07-03,4,Cash,11676.96
58,451,36,2024-04-25,2,UPI,6579.38
59,876,19,2025-09-05,3,Credit Card,8340.36
60,653,7,2024-01-08,4,Debit Card,8935.96
61,173,26,2024-08-05,4,Debit Card,14318.64
62,10,79,2025-12-19,2,Credit Card,8997.22
63,740,38,2025-08-12,3,Cash,8551.02
64,265,3,2025-02-07,2,Cash,948.58
65,438,80,2025-07-20,2,Cash,6808.62
66,760,66,2024-10-30,4,UPI,15317.32
67,247,95,2025-04-11,4,Debit Card,3851.48
68,667,92,2024-03-28,2,Cash,2347.36
69,546,71,2024-01-10,1,Debit Card,4650.44
70,499,94,2024-11-03,1,Credit Card,4605.0
71,129,43,2025-03-09,1,Debit Card,4490.77
72,672,62,2024-06-12,4,Cash,4912.92
73,601,71,2024-08-26,4,Debit Card,18601.76
74,605,100,2024-11-12,3,Credit Card,11062.2
75,327,93,2025-10-17,4,Debit Card,9395.68
76,753,24,2024-11-30,3,UPI,2539.23
77,835,39,2024-01-18,4,Credit Card,15627.8
78,980,68,2024-03-11,1,UPI,4750.45
79,404,93,2024-06-23,1,UPI,2348.92
80,629,44,2024-12-04,2,Cash,8502.5
81,606,5,2024-09-04,2,Cash,3803.78
82,675,55,2024-07-11,3,Credit Card,10957.23
83,611,93,2025-02-22,3,Cash,7046.76
84,625,30,2024-11-20,2,Debit Card,785.22
85,359,29,2024-11-01,3,Credit Card,7258.98
86,603,26,2024-07-22,4,Cash,14318.64
87,858,83,2024-05-02,1,Cash,2683.44
88,718,26,2025-07-23,2,Debit Card,7159.32
89,17,37,2025-03-22,2,UPI,6517.0
90,274,91,2025-12-13,4,Debit Card,10641.76
91,685,94,2025-05-05,3,UPI,13815.0
92,116,53,2025-03-08,2,Cash,9484.48
93,861,30,2025-09-15,2,UPI,785.22
94,980,3,2024-05-07,4,UPI,1897.16
95,693,43,2025-07-01,1,Cash,4490.77
96,91,7,2024-02-16,2,Credit Card,4467.98
97,82,49,2025-05-19,2,Debit Card,9082.92
98,324,73,2024-04-24,4,Cash,11118.44
99,961,41,2025-02-19,2,Debit Card,7311.14
100,114,77,2024-08-10,2,Debit Card,8666.82
101,769,79,2025-09-27,1,UPI,4498.61
102,58,54,2025-05-17,2,Cash,3505.94
103,154,69,2025-11-02,4,Credit Card,19261.28
104,877,93,2024-04-05,1,Debit Card,2348.92
105,404,99,2024-04-16,1,Debit Card,4164.02
106,628,91,2025-09-23,1,Credit Card,2660.44
107,855,27,2025-09-04,3,Debit Card,14079.449999999999
108,266,8,2025-09-06,4,Cash,6909.16
109,315,32,2025-11-08,3,Credit Card,8858.460000000001
110,715,84,2025-11-28,2,Cash,4040.22
111,41,64,2024-02-01,1,Credit Card,2136.65
112,105,10,2025-05-07,3,Debit Card,11163.69
113,901,13,2024-03-06,2,Credit Card,5792.36
114,890,63,2024-06-27,3,Cash,955.08
115,193,93,2025-03-18,1,Credit Card,2348.92
116,401,35,2025-07-02,2,Debit Card,5401.22
117,278,61,2024-07-19,1,UPI,2536.83
118,354,54,2024-02-18,1,Debit Card,1752.97
119,749,8,2025-11-10,3,Debit Card,5181.87
120,937,29,2024-09-19,4,UPI,9678.64
121,733,95,2024-05-12,2,Credit Card,1925.74
122,580,41,2024-12-09,2,Debit Card,7311.14
123,709,30,2024-06-24,4,UPI,1570.44
124,256,86,2025-01-25,2,Cash,1267.16
125,651,21,2024-01-11,3,UPI,9210.36
126,824,76,2024-07-19,2,Debit Card,5696.56
127,947,11,2024-01-03,3,Cash,3581.9700000000003
128,661,2,2024-08-01,2,Debit Card,5838.48
129,99,50,2024-11-02,3,UPI,2709.06
130,588,41,2025-06-27,4,Cash,14622.28
131,282,66,2025-07-13,2,Debit Card,7658.66
132,883,98,2024-11-22,3,UPI,508.59000000000003
133,403,3,2024-07-17,1,Cash,474.29
134,109,80,2025-08-23,1,Debit Card,3404.31
135,700,51,2024-04-18,1,UPI,3249.81
136,199,68,2024-10-17,2,Debit Card,9500.9
137,303,87,2024-04-17,3,Debit Card,9657.119999999999
138,327,84,2025-02-11,1,Debit Card,2020.11
139,154,25,2025-07-05,2,Credit Card,9014.66
140,552,30,2024-02-21,3,Debit Card,1177.83
141,645,82,2024-04-21,1,Cash,4975.41
142,405,11,2024-10-21,1,UPI,1193.99
143,462,93,2025-08-02,2,UPI,4697.84
144,132,17,2024-07-07,3,Credit Card,13225.050000000001
145,791,26,2025-12-21,2,Credit Card,7159.32
146,874,23,2024-03-05,1,Credit Card,1114.77
147,84,56,2025-07-27,2,Debit Card,5480.36
148,399,52,2025-04-09,2,Debit Card,8136.62
149,754,48,2024-09-14,1,Cash,2683.6
150,628,20,2025-10-07,1,UPI,4165.84
151,109,2,2025-09-25,3,UPI,8757.72
152,221,88,2024-11-26,3,Debit Card,7624.08
153,904,31,2025-05-15,1,UPI,3391.05
154,553,27,2025-11-13,1,Debit Card,4693.15
155,368,2,2024-07-28,4,Credit Card,11676.96
156,147,78,2024-03-29,4,Debit Card,9834.12
157,112,4,2025-11-09,3,Cash,5923.92
158,615,13,2024-01-28,2,Debit Card,5792.36
159,558,100,2024-08-25,1,Debit Card,3687.4
160,924,35,2024-12-01,1,UPI,2700.61
161,494,72,2024-03-03,2,Debit Card,7656.38
162,505,66,2025-07-06,3,Cash,11487.99
163,475,6,2025-05-14,4,Debit Card,3962.08
164,836,31,2025-06-24,3,Debit Card,10173.150000000001
165,890,10,2025-04-13,2,Credit Card,7442.46
166,271,21,2025-08-14,1,Debit Card,3070.12
167,995,74,2024-02-20,4,Debit Card,3934.04
168,421,23,2024-04-21,2,Debit Card,2229.54
169,897,3,2024-10-27,1,Cash,474.29
170,707,32,2024-03-30,3,UPI,8858.460000000001
171,367,20,2024-08-16,4,Credit Card,16663.36
172,280,74,2024-05-29,1,Credit Card,983.51
173,283,29,2024-05-17,1,Debit Card,2419.66
174,40,52,2024-05-14,1,Debit Card,4068.31
175,959,46,2025-04-01,1,UPI,1453.56
176,189,34,2025-08-23,1,Debit Card,1271.88
177,164,84,2025-05-08,3,Cash,6060.33
178,994,61,2025-06-10,2,UPI,5073.66
179,989,72,2024-11-28,4,Debit Card,15312.76
180,536,71,2024-12-27,3,UPI,13951.32
181,536,70,2024-06-22,4,Credit Card,12569.8
182,4,11,2025-08-24,1,Debit Card,1193.99
183,835,82,2024-07-31,2,UPI,9950.82
184,290,93,2024-12-08,1,UPI,2348.92
185,953,89,2024-03-01,3,Debit Card,6278.099999999999
186,433,63,2024-03-01,3,UPI,955.08
187,471,21,2025-11-08,4,Debit Card,12280.48
188,181,3,2025-06-07,1,Debit Card,474.29
189,248,82,2024-08-03,1,Cash,4975.41
190,628,88,2025-08-11,2,Cash,5082.72
191,279,10,2025-09-15,2,UPI,7442.46
192,877,27,2025-07-31,1,UPI,4693.15
193,581,12,2025-11-24,4,UPI,12980.44
194,863,7,2025-02-26,2,Credit Card,4467.98
195,254,17,2025-12-16,1,Debit Card,4408.35
196,181,65,2025-02-26,1,Debit Card,1579.39
197,830,64,2025-01-05,1,Credit Card,2136.65
198,681,26,2024-07-24,3,Credit Card,10738.98
199,825,15,2024-10-12,4,UPI,13394.96
200,509,33,2024-04-14,1,Debit Card,4952.02
201,761,62,2025-11-18,1,Cash,1228.23
202,700,47,2025-12-23,1,Cash,4910.1
203,566,95,2025-06-26,2,Credit Card,1925.74
204,326,35,2024-08-29,1,Credit Card,2700.61
205,357,65,2025-05-05,3,Debit Card,4738.17
206,825,72,2025-10-26,3,Debit Card,11484.57
207,650,76,2025-12-08,4,Cash,11393.12
208,680,83,2025-05-12,1,Debit Card,2683.44
209,391,25,2025-03-10,1,UPI,4507.33
210,615,57,2025-04-28,1,Credit Card,397.08
211,934,32,2025-03-22,3,Cash,8858.460000000001
212,85,63,2025-01-18,2,Cash,636.72
213,317,12,2025-05-24,2,UPI,6490.22
214,212,63,2024-06-18,1,Debit Card,318.36
215,515,77,2024-11-18,2,Debit Card,8666.82
216,384,92,2025-04-18,4,Credit Card,4694.72
217,691,1,2024-08-19,3,UPI,12899.79
218,342,51,2025-11-26,1,Cash,3249.81
219,815,70,2024-12-24,2,UPI,6284.9
220,964,8,2024-10-01,1,Cash,1727.29
221,988,68,2024-02-01,1,UPI,4750.45
222,844,5,2024-06-25,3,Debit Card,5705.67
223,38,89,2024-03-05,3,Cash,6278.099999999999
224,511,86,2025-12-10,2,Credit Card,1267.16
225,420,92,2024-01-27,3,UPI,3521.04
226,751,39,2025-10-24,4,Debit Card,15627.8
227,169,23,2025-04-23,1,Cash,1114.77
228,965,68,2024-09-24,3,Debit Card,14251.349999999999
229,909,52,2025-08-19,2,UPI,8136.62
230,343,4,2024-03-06,2,Credit Card,3949.28
231,826,47,2024-05-12,2,Credit Card,9820.2
232,306,21,2024-12-31,4,UPI,12280.48
233,542,56,2024-03-22,3,Cash,8220.539999999999
234,702,66,2024-11-23,3,Debit Card,11487.99
235,869,59,2024-04-07,4,Debit Card,13925.88
236,537,7,2025-08-07,3,Cash,6701.969999999999
237,112,49,2024-11-22,3,UPI,13624.380000000001
238,411,16,2025-06-25,3,Debit Card,8361.210000000001
239,947,17,2024-05-04,4,Debit Card,17633.4
240,206,84,2024-07-28,4,UPI,8080.44
241,185,87,2025-12-25,2,Debit Card,6438.08
242,382,98,2024-05-12,4,Cash,678.12
243,496,75,2025-05-17,4,Cash,9388.52
244,379,34,2024-06-05,2,UPI,2543.76
245,47,33,2025-07-12,4,UPI,19808.08
246,886,26,2025-01-16,3,Cash,10738.98
247,740,66,2024-01-22,1,UPI,3829.33
248,551,63,2025-08-17,2,Cash,636.72
249,528,87,2025-02-22,1,Cash,3219.04
250,504,41,2025-04-16,1,Cash,3655.57
251,22,86,2024-08-21,2,Debit Card,1267.16
252,213,58,2025-07-25,1,UPI,3481.0
253,310,98,2025-03-29,1,Debit Card,169.53
254,661,79,2025-11-30,2,UPI,8997.22
255,968,10,2025-07-23,2,Credit Card,7442.46
256,753,15,2024-06-10,3,Debit Card,10046.22
257,272,42,2024-10-27,2,Debit Card,6273.4
258,571,93,2024-11-01,4,Debit Card,9395.68
259,799,57,2024-01-02,1,Credit Card,397.08
260,938,87,2024-09-27,2,UPI,6438.08
261,202,17,2025-02-24,3,Credit Card,13225.050000000001
262,32,60,2024-05-22,2,UPI,9319.94
263,443,9,2025-11-30,1,UPI,1774.84
264,162,36,2025-11-22,2,UPI,6579.38
265,767,73,2025-06-18,1,UPI,2779.61
266,254,80,2024-02-06,2,UPI,6808.62
267,521,36,2024-04-16,3,Credit Card,9869.07
268,977,48,2024-10-23,4,Debit Card,10734.4
269,651,51,2024-04-06,3,Credit Card,9749.43
270,480,97,2024-10-07,2,Debit Card,327.68
271,10,95,2024-04-19,1,Debit Card,962.87
272,726,70,2025-07-02,3,Cash,9427.349999999999
273,505,74,2025-07-05,4,Debit Card,3934.04
274,785,80,2025-08-19,4,Credit Card,13617.24
275,836,68,2024-07-06,1,Cash,4750.45
276,560,22,2025-05-02,2,UPI,3053.22
277,436,77,2024-12-19,3,UPI,13000.23
278,111,80,2024-01-19,3,Debit Card,10212.93
279,153,93,2025-01-27,1,UPI,2348.92
280,635,6,2024-09-17,3,UPI,2971.56
281,917,26,2025-02-13,1,Cash,3579.66
282,869,75,2025-02-06,1,Credit Card,2347.13
283,102,88,2025-10-31,2,UPI,5082.72
284,753,93,2025-04-28,1,UPI,2348.92
285,833,3,2024-10-30,3,Credit Card,1422.8700000000001
286,191,52,2025-09-15,1,Cash,4068.31
287,729,74,2025-10-17,3,Cash,2950.5299999999997
288,563,60,2024-01-18,1,UPI,4659.97
289,804,63,2024-07-02,2,Debit Card,636.72
290,81,65,2025-02-08,2,Credit Card,3158.78
291,489,52,2024-05-10,1,Cash,4068.31
292,895,90,2025-04-23,1,UPI,4769.8
293,88,76,2024-01-08,1,Cash,2848.28
294,194,14,2025-12-05,2,UPI,5767.3
295,104,89,2024-11-13,4,Credit Card,8370.8
296,783,72,2025-01-25,1,Debit Card,3828.19
297,96,68,2025-06-02,4,Credit Card,19001.8
298,423,28,2024-05-15,1,Cash,3056.13
299,891,71,2025-06-14,3,Cash,13951.32
300,198,10,2025-10-12,2,Cash,7442.46
301,1,57,2025-01-01,4,Debit Card,1588.32
302,407,100,2025-05-03,4,Credit Card,14749.6
303,378,66,2025-11-19,2,UPI,7658.66
304,167,90,2024-01-11,4,Credit Card,19079.2
305,509,50,2025-07-06,1,Credit Card,903.02
306,638,14,2025-03-21,4,Debit Card,11534.6
307,313,16,2024-04-23,1,Credit Card,2787.07
308,593,54,2025-11-22,4,Cash,7011.88
309,418,43,2025-12-06,3,Debit Card,13472.310000000001
310,763,42,2024-07-14,4,Cash,12546.8
311,681,81,2024-11-18,4,Cash,3085.2
312,477,22,2025-05-26,1,Credit Card,1526.61
313,73,68,2025-09-19,2,UPI,9500.9
314,141,19,2025-10-23,3,Credit Card,8340.36
315,582,66,2025-09-21,2,UPI,7658.66
316,262,39,2024-06-13,1,Debit Card,3906.95
317,340,73,2024-09-08,3,Debit Card,8338.83
318,308,19,2024-02-13,4,Debit Card,11120.48
319,245,16,2025-04-14,2,Cash,5574.14
320,515,54,2025-05-03,2,Cash,3505.94
321,337,25,2024-06-29,2,Debit Card,9014.66
322,575,18,2024-03-17,4,Credit Card,13641.36
323,561,23,2025-01-08,1,Cash,1114.77
324,76,85,2025-09-19,4,Cash,13318.64
325,880,11,2024-03-07,4,Credit Card,4775.96
326,175,39,2025-06-08,1,Cash,3906.95
327,109,68,2024-04-01,1,Credit Card,4750.45
328,183,25,2025-10-12,4,UPI,18029.32
329,192,63,2024-08-31,1,Credit Card,318.36
330,65,96,2024-12-06,2,UPI,2296.78
331,849,30,2024-10-30,3,Cash,1177.83
332,963,45,2025-02-01,1,UPI,1644.22
333,474,90,2025-12-03,3,Credit Card,14309.400000000001
334,783,61,2025-03-23,2,UPI,5073.66
335,100,100,2024-04-06,1,Debit Card,3687.4
336,544,51,2024-11-26,4,Credit Card,12999.24
337,864,98,2024-07-23,4,Credit Card,678.12
338,128,9,2025-03-24,2,UPI,3549.68
339,452,76,2025-02-21,1,Cash,2848.28
340,914,2,2025-10-10,4,Cash,11676.96
341,369,5,2024-03-17,1,Credit Card,1901.89
342,851,62,2025-07-02,3,Credit Card,3684.69
343,43,69,2025-02-28,4,UPI,19261.28
344,884,52,2025-03-04,2,Credit Card,8136.62
345,419,86,2025-04-29,4,Credit Card,2534.32
346,488,5,2024-05-14,2,Cash,3803.78
347,78,59,2025-10-15,2,Credit Card,6962.94
348,826,68,2024-09-10,3,UPI,14251.349999999999
349,801,9,2025-07-13,3,Credit Card,5324.5199999999995
350,270,93,2024-09-11,2,Credit Card,4697.84
351,674,22,2025-10-07,4,Credit Card,6106.44
352,701,27,2025-12-20,2,Debit Card,9386.3
353,759,10,2025-05-13,1,Credit Card,3721.23
354,900,80,2025-09-04,1,UPI,3404.31
355,728,61,2025-04-28,4,Cash,10147.32
356,315,51,2024-02-15,4,Cash,12999.24
357,925,10,2025-03-18,3,Debit Card,11163.69
358,851,6,2025-08-04,1,UPI,990.52
359,902,62,2025-10-09,2,Cash,2456.46
360,889,5,2025-08-01,2,Cash,3803.78
361,993,70,2024-01-04,1,Credit Card,3142.45
362,945,63,2024-01-01,1,Credit Card,318.36
363,168,56,2024-10-16,3,Credit Card,8220.539999999999
364,339,59,2024-04-18,1,Debit Card,3481.47
365,193,63,2025-07-28,3,Credit Card,955.08
366,453,89,2025-04-04,4,UPI,8370.8
367,283,59,2024-09-22,4,Debit Card,13925.88
368,336,51,2024-05-17,1,Cash,3249.81
369,390,50,2025-03-09,1,Cash,903.02
370,1000,4,2024-02-13,1,UPI,1974.64
371,525,48,2025-05-24,1,UPI,2683.6
372,240,32,2024-09-18,2,Cash,5905.64
373,832,51,2025-12-28,2,UPI,6499.62
374,958,52,2025-09-24,4,UPI,16273.24
375,483,99,2024-05-31,2,UPI,8328.04
376,659,74,2024-07-31,1,Credit Card,983.51
377,716,34,2024-08-21,3,Cash,3815.6400000000003
378,592,36,2025-09-14,4,UPI,13158.76
379,891,70,2024-12-26,1,UPI,3142.45
380,555,43,2024-11-15,2,Credit Card,8981.54
381,458,16,2024-08-09,3,Cash,8361.210000000001
382,89,59,2024-07-28,3,Debit Card,10444.41
383,660,53,2025-01-30,2,Cash,9484.48
384,95,19,2025-08-05,1,Cash,2780.12
385,452,98,2025-05-03,3,Cash,508.59000000000003
386,428,89,2025-08-23,3,Credit Card,6278.099999999999
387,151,95,2025-04-08,2,Cash,1925.74
388,514,41,2025-11-30,3,Debit Card,10966.710000000001
389,376,81,2025-09-15,3,UPI,2313.8999999999996
390,22,47,2025-03-27,3,Cash,14730.300000000001
391,883,94,2025-02-16,4,Credit Card,18420.0
392,313,54,2025-04-20,1,Cash,1752.97
393,997,55,2024-09-12,1,Cash,3652.41
394,840,95,2024-05-29,2,Debit Card,1925.74
395,519,19,2024-05-06,1,Debit Card,2780.12
396,206,62,2025-01-26,3,Credit Card,3684.69
397,952,99,2025-04-24,1,Credit Card,4164.02
398,375,93,2025-01-31,4,Credit Card,9395.68
399,451,59,2025-02-05,3,Credit Card,10444.41
400,626,65,2024-09-30,3,Credit Card,4738.17
401,784,68,2024-05-18,4,UPI,19001.8
402,595,28,2024-04-12,4,UPI,12224.52
403,179,18,2024-08-29,1,Credit Card,3410.34
404,210,26,2024-04-26,1,Credit Card,3579.66
405,500,19,2024-08-01,1,UPI,2780.12
406,464,55,2025-04-28,4,Debit Card,14609.64
407,840,57,2025-06-12,1,UPI,397.08
408,124,6,2025-11-21,2,Credit Card,1981.04
409,993,1,2024-08-11,1,Debit Card,4299.93
410,113,8,2024-09-26,4,Credit Card,6909.16
411,12,97,2024-05-13,4,Cash,655.36
412,126,51,2024-04-23,2,Debit Card,6499.62
413,565,85,2025-03-16,3,Credit Card,9988.98
414,331,88,2025-10-05,2,UPI,5082.72
415,901,25,2025-10-12,4,Credit Card,18029.32
416,283,47,2024-12-30,3,UPI,14730.300000000001
417,140,55,2024-08-19,2,Debit Card,7304.82
418,401,64,2025-04-02,2,UPI,4273.3
419,902,83,2025-01-09,3,Debit Card,8050.32
420,97,93,2025-08-26,2,Credit Card,4697.84
421,517,10,2025-09-02,3,UPI,11163.69
422,569,56,2024-07-25,1,Debit Card,2740.18
423,924,12,2025-06-03,3,Debit Card,9735.33
424,846,33,2025-04-12,2,Debit Card,9904.04
425,69,71,2025-03-18,1,Cash,4650.44
426,118,17,2024-11-16,4,Debit Card,17633.4
427,888,61,2024-04-02,4,Credit Card,10147.32
428,59,10,2025-02-11,4,Credit Card,14884.92
429,33,31,2024-06-06,2,Credit Card,6782.1
430,318,60,2024-04-08,1,Debit Card,4659.97
431,50,70,2024-08-12,3,Credit Card,9427.349999999999
432,880,17,2025-03-16,4,Debit Card,17633.4
433,489,50,2025-12-20,4,Debit Card,3612.08
434,19,37,2025-08-07,1,Debit Card,3258.5
435,726,82,2025-02-04,1,Cash,4975.41
436,197,62,2025-07-24,1,UPI,1228.23
437,891,90,2024-03-04,2,Credit Card,9539.6
438,450,80,2025-07-13,1,Cash,3404.31
439,990,72,2024-10-05,3,Credit Card,11484.57
440,559,88,2025-12-10,3,Cash,7624.08
441,679,77,2025-10-31,4,UPI,17333.64
442,452,29,2025-06-02,3,UPI,7258.98
443,289,32,2024-09-04,1,UPI,2952.82
444,141,88,2025-01-02,3,UPI,7624.08
445,84,80,2025-09-09,4,Debit Card,13617.24
446,694,11,2024-04-07,2,Credit Card,2387.98
447,391,96,2024-09-24,3,Credit Card,3445.17
448,591,6,2024-02-29,4,Credit Card,3962.08
449,215,35,2025-05-14,4,Debit Card,10802.44
450,526,33,2024-11-03,1,Credit Card,4952.02
451,215,18,2025-05-07,4,UPI,13641.36
452,403,37,2025-02-14,3,Credit Card,9775.5
453,128,13,2024-05-19,4,Credit Card,11584.72
454,822,74,2024-11-23,4,Cash,3934.04
455,477,90,2025-04-08,1,Debit Card,4769.8
456,760,81,2025-12-02,1,UPI,771.3
457,404,64,2025-09-28,3,UPI,6409.950000000001
458,29,1,2024-06-11,4,UPI,17199.72
459,792,63,2024-02-29,2,Credit Card,636.72
460,338,89,2024-01-31,4,UPI,8370.8
461,831,34,2024-11-28,2,UPI,2543.76
462,714,10,2024-03-16,3,Cash,11163.69
463,361,84,2024-11-12,1,Credit Card,2020.11
464,569,7,2025-02-20,3,Cash,6701.969999999999
465,392,56,2024-07-08,1,Debit Card,2740.18
466,218,80,2025-05-03,1,Credit Card,3404.31
467,574,37,2024-11-10,4,Cash,13034.0
468,669,29,2024-10-22,4,Debit Card,9678.64
469,202,12,2025-05-15,1,Cash,3245.11
470,17,17,2024-06-25,2,Debit Card,8816.7
471,322,48,2025-12-19,2,UPI,5367.2
472,518,84,2024-08-02,4,UPI,8080.44
473,570,26,2025-10-14,3,Credit Card,10738.98
474,325,83,2025-08-19,2,Cash,5366.88
475,412,12,2025-11-24,1,Cash,3245.11
476,318,21,2024-11-27,4,Debit Card,12280.48
477,681,42,2024-05-07,4,Credit Card,12546.8
478,965,61,2024-09-25,1,UPI,2536.83
479,82,58,2025-07-04,3,Cash,10443.0
480,474,54,2025-06-18,1,Debit Card,1752.97
481,468,34,2024-12-31,3,UPI,3815.6400000000003
482,425,7,2025-09-10,4,UPI,8935.96
483,945,35,2024-12-13,3,UPI,8101.83
484,731,15,2024-05-21,1,Debit Card,3348.74
485,689,65,2024-05-24,4,Debit Card,6317.56
486,204,90,2024-09-01,2,UPI,9539.6
487,583,99,2025-03-17,4,Debit Card,16656.08
488,387,25,2025-12-03,1,UPI,4507.33
489,778,59,2024-10-16,1,UPI,3481.47
490,98,79,2025-11-21,4,UPI,17994.44
491,345,86,2024-04-21,4,Debit Card,2534.32
492,803,6,2024-08-01,4,Credit Card,3962.08
493,208,52,2025-10-11,3,Credit Card,12204.93
494,514,79,2024-07-18,2,Debit Card,8997.22
495,636,88,2025-02-08,3,Cash,7624.08
496,792,21,2025-02-24,1,Debit Card,3070.12
497,586,71,2024-01-07,4,Cash,18601.76
498,166,93,2025-06-08,3,UPI,7046.76
499,22,96,2025-08-14,3,Cash,3445.17
500,154,32,2024-10-12,1,UPI,2952.82
501,939,53,2025-11-01,3,Credit Card,14226.72
502,439,59,2025-01-23,1,UPI,3481.47
503,295,69,2025-02-19,3,Cash,14445.96
504,219,62,2025-12-13,2,Credit Card,2456.46
505,669,4,2024-05-29,1,Credit Card,1974.64
506,495,86,2025-03-03,2,Debit Card,1267.16
507,230,18,2024-10-19,3,Cash,10231.02
508,20,99,2024-11-29,2,Cash,8328.04
509,987,81,2024-09-28,2,Debit Card,1542.6
510,553,56,2024-02-12,2,Debit Card,5480.36
511,950,24,2025-04-12,3,Credit Card,2539.23
512,148,66,2024-11-14,1,Debit Card,3829.33
513,108,13,2025-05-06,3,Credit Card,8688.539999999999
514,403,62,2025-06-10,3,Cash,3684.69
515,596,54,2024-06-20,3,Debit Card,5258.91
516,483,15,2025-12-30,1,Cash,3348.74
517,367,69,2025-10-10,4,Credit Card,19261.28
518,834,3,2024-11-16,3,UPI,1422.8700000000001
519,414,37,2024-02-13,3,UPI,9775.5
520,309,37,2025-06-15,1,Cash,3258.5
521,802,3,2025-09-22,4,Credit Card,1897.16
522,918,63,2025-03-29,4,Credit Card,1273.44
523,835,35,2024-03-23,4,UPI,10802.44
524,134,52,2025-06-26,4,Credit Card,16273.24
525,719,87,2024-11-17,1,Credit Card,3219.04
526,283,28,2024-08-21,1,Cash,3056.13
527,778,94,2025-06-23,4,UPI,18420.0
528,73,18,2024-09-08,2,Credit Card,6820.68
529,481,36,2025-03-24,1,Cash,3289.69
530,352,33,2024-08-26,2,Debit Card,9904.04
531,560,64,2025-05-04,2,UPI,4273.3
532,326,26,2025-04-08,4,Cash,14318.64
533,745,48,2024-11-09,4,Debit Card,10734.4
534,443,40,2024-06-23,3,Credit Card,3313.2300000000005
535,100,17,2025-12-06,2,Credit Card,8816.7
536,59,40,2024-06-28,3,Debit Card,3313.2300000000005
537,508,7,2025-01-19,4,Cash,8935.96
538,258,57,2024-10-21,2,Credit Card,794.16
539,413,8,2024-08-02,1,Credit Card,1727.29
540,452,56,2025-12-15,3,Cash,8220.539999999999
541,65,31,2024-03-15,4,Cash,13564.2
542,595,59,2024-12-09,2,Debit Card,6962.94
543,154,58,2025-12-14,4,Credit Card,13924.0
544,985,12,2024-05-21,3,Cash,9735.33
545,266,48,2025-12-18,4,UPI,10734.4
546,821,31,2024-07-17,4,Debit Card,13564.2
547,79,83,2024-06-19,1,Debit Card,2683.44
548,315,63,2025-02-09,4,Debit Card,1273.44
549,662,74,2024-08-15,2,Debit Card,1967.02
550,947,39,2025-02-14,2,UPI,7813.9
551,560,76,2025-11-21,1,Debit Card,2848.28
552,917,20,2024-03-02,2,Debit Card,8331.68
553,891,48,2024-11-22,4,Cash,10734.4
554,248,71,2025-12-16,4,Credit Card,18601.76
555,790,54,2024-05-12,2,Debit Card,3505.94
556,868,78,2025-08-06,3,Cash,7375.59
557,610,75,2025-08-12,4,Cash,9388.52
558,414,71,2024-07-07,2,Credit Card,9300.88
559,25,29,2024-12-21,4,Cash,9678.64
560,284,74,2024-03-11,4,Cash,3934.04
561,449,93,2024-09-19,1,Debit Card,2348.92
562,881,73,2024-11-01,2,Debit Card,5559.22
563,301,100,2025-07-11,4,Cash,14749.6
564,68,48,2024-08-11,3,UPI,8050.799999999999
565,7,74,2024-11-23,2,Credit Card,1967.02
566,817,83,2025-08-10,3,Cash,8050.32
567,137,56,2024-03-14,2,Cash,5480.36
568,164,95,2025-05-25,3,UPI,2888.61
569,83,17,2024-05-21,3,Credit Card,13225.050000000001
570,897,9,2025-08-07,2,Cash,3549.68
571,650,97,2024-04-11,1,Cash,163.84
572,420,34,2025-08-28,1,Debit Card,1271.88
573,73,45,2025-08-03,2,Cash,3288.44
574,237,88,2024-03-05,4,UPI,10165.44
575,46,9,2024-07-11,2,Cash,3549.68
576,618,7,2024-03-02,2,Credit Card,4467.98
577,928,16,2025-06-15,4,Credit Card,11148.28
578,800,19,2024-08-28,2,UPI,5560.24
579,262,6,2025-12-15,2,Cash,1981.04
580,176,11,2025-02-13,4,Cash,4775.96
581,166,76,2024-10-26,4,Cash,11393.12
582,657,61,2024-07-13,1,Cash,2536.83
583,842,42,2025-03-29,3,Cash,9410.099999999999
584,370,13,2025-07-27,3,Credit Card,8688.539999999999
585,795,12,2025-09-10,1,Debit Card,3245.11
586,54,85,2025-09-28,1,Credit Card,3329.66
587,690,74,2024-10-27,3,Debit Card,2950.5299999999997
588,419,20,2025-03-31,1,Credit Card,4165.84
589,756,50,2024-07-20,2,UPI,1806.04
590,507,36,2025-11-04,1,Cash,3289.69
591,341,92,2024-10-28,1,Debit Card,1173.68
592,127,88,2025-09-15,1,Credit Card,2541.36
593,409,69,2024-12-02,1,Debit Card,4815.32
594,924,37,2024-02-01,3,Cash,9775.5
595,367,12,2024-04-07,4,UPI,12980.44
596,271,99,2024-07-09,3,Cash,12492.060000000001
597,644,40,2025-06-24,3,Credit Card,3313.2300000000005
598,605,54,2024-02-17,4,Credit Card,7011.88
599,379,2,2024-09-06,3,Debit Card,8757.72
600,73,50,2024-08-13,2,UPI,1806.04
601,923,41,2024-09-28,4,UPI,14622.28
602,922,45,2025-10-26,2,Credit Card,3288.44
603,915,9,2025-04-29,3,Debit Card,5324.5199999999995
604,248,62,2024-11-23,3,Cash,3684.69
605,860,86,2024-06-28,4,Cash,2534.32
606,785,47,2025-10-26,3,Credit Card,14730.300000000001
607,43,5,2024-01-23,1,Credit Card,1901.89
608,377,76,2025-08-28,2,Cash,5696.56
609,41,1,2025-01-04,2,Cash,8599.86
610,170,44,2024-09-01,1,Cash,4251.25
611,946,22,2024-06-08,4,Debit Card,6106.44
612,212,38,2025-01-07,4,UPI,11401.36
613,493,19,2024-10-11,1,Credit Card,2780.12
614,680,80,2025-06-04,1,Credit Card,3404.31
615,39,31,2025-03-25,2,Debit Card,6782.1
616,369,67,2025-11-27,1,Cash,1835.91
617,757,87,2025-10-08,1,Debit Card,3219.04
618,151,42,2025-09-13,1,Cash,3136.7
619,111,82,2025-08-03,3,Credit Card,14926.23
620,480,26,2024-05-15,1,UPI,3579.66
621,436,13,2024-04-05,3,Debit Card,8688.539999999999
622,47,58,2024-04-28,2,Cash,6962.0
623,575,18,2025-01-08,2,Credit Card,6820.68
624,737,67,2024-09-30,4,UPI,7343.64
625,366,87,2024-06-25,2,Debit Card,6438.08
626,69,3,2024-10-03,4,Debit Card,1897.16
627,299,55,2024-05-17,3,Credit Card,10957.23
628,944,89,2024-05-11,1,Debit Card,2092.7
629,802,91,2024-02-13,2,Credit Card,5320.88
630,296,58,2024-05-02,1,Debit Card,3481.0
631,203,63,2024-05-15,4,UPI,1273.44
632,61,91,2025-01-01,3,UPI,7981.32
633,946,52,2025-01-07,2,Debit Card,8136.62
634,963,89,2024-05-05,1,Credit Card,2092.7
635,830,24,2025-03-14,4,Cash,3385.64
636,314,72,2025-07-29,1,Debit Card,3828.19
637,161,9,2024-02-20,2,Cash,3549.68
638,331,37,2024-05-16,1,Credit Card,3258.5
639,528,94,2024-06-06,3,Cash,13815.0
640,338,83,2024-02-25,2,Debit Card,5366.88
641,606,53,2025-08-15,4,UPI,18968.96
642,304,80,2025-03-03,2,Credit Card,6808.62
643,503,24,2025-03-18,4,UPI,3385.64
644,650,21,2024-11-21,4,UPI,12280.48
645,338,100,2025-10-01,2,UPI,7374.8
646,550,40,2025-09-29,4,Debit Card,4417.64
647,639,62,2024-03-20,2,Credit Card,2456.46
648,275,70,2025-04-18,3,Cash,9427.349999999999
649,164,69,2025-01-11,3,UPI,14445.96
650,443,14,2024-11-28,1,Cash,2883.65
651,319,42,2024-06-23,3,Credit Card,9410.099999999999
652,589,50,2025-10-18,4,Credit Card,3612.08
653,504,61,2025-03-16,1,Cash,2536.83
654,686,4,2024-05-05,1,Cash,1974.64
655,387,72,2025-11-24,2,UPI,7656.38
656,970,88,2024-08-06,1,Cash,2541.36
657,870,75,2024-10-04,2,Cash,4694.26
658,833,17,2025-04-29,1,Debit Card,4408.35
659,888,85,2025-08-17,3,UPI,9988.98
660,603,57,2024-05-20,2,UPI,794.16
661,750,90,2025-08-29,4,Credit Card,19079.2
662,776,48,2025-12-06,1,Cash,2683.6
663,691,44,2024-04-19,3,Debit Card,12753.75
664,494,45,2024-02-21,3,Credit Card,4932.66
665,490,91,2025-09-06,2,Debit Card,5320.88
666,721,80,2025-09-04,2,UPI,6808.62
667,73,90,2025-10-15,2,Cash,9539.6
668,509,33,2025-12-13,4,Debit Card,19808.08
669,390,31,2024-11-14,4,Credit Card,13564.2
670,619,47,2024-07-17,4,UPI,19640.4
671,857,6,2025-12-29,1,Debit Card,990.52
672,295,72,2024-02-15,4,Debit Card,15312.76
673,369,71,2025-05-19,2,Credit Card,9300.88
674,956,34,2025-06-23,3,Debit Card,3815.6400000000003
675,796,53,2025-05-28,3,UPI,14226.72
676,865,14,2024-01-17,2,Debit Card,5767.3
677,694,16,2024-11-10,4,Cash,11148.28
678,549,43,2025-03-11,4,Cash,17963.08
679,649,73,2025-01-22,2,Credit Card,5559.22
680,850,74,2024-03-17,3,Cash,2950.5299999999997
681,568,81,2025-01-05,1,Cash,771.3
682,187,12,2024-06-13,3,Debit Card,9735.33
683,853,70,2025-08-31,4,UPI,12569.8
684,770,19,2025-09-08,3,UPI,8340.36
685,445,41,2024-01-24,4,Debit Card,14622.28
686,570,53,2025-12-12,3,Cash,14226.72
687,363,29,2024-02-04,2,Debit Card,4839.32
688,123,70,2025-05-28,4,Cash,12569.8
689,188,59,2025-04-05,1,Cash,3481.47
690,742,89,2024-05-17,1,Cash,2092.7
691,680,64,2025-07-27,2,UPI,4273.3
692,420,24,2025-12-09,3,Credit Card,2539.23
693,626,89,2025-07-24,2,UPI,4185.4
694,252,16,2024-09-21,2,Cash,5574.14
695,619,52,2024-11-28,1,Debit Card,4068.31
696,549,80,2024-07-06,1,Debit Card,3404.31
697,335,6,2024-03-03,4,Cash,3962.08
698,92,37,2024-10-05,4,Credit Card,13034.0
699,530,85,2025-06-25,4,UPI,13318.64
700,866,4,2024-06-19,2,UPI,3949.28
701,63,98,2025-05-17,2,Cash,339.06
702,662,92,2025-06-16,4,Cash,4694.72
703,512,38,2024-10-25,1,Credit Card,2850.34
704,139,41,2024-07-19,1,UPI,3655.57
705,698,92,2024-05-14,3,Credit Card,3521.04
706,185,81,2024-09-28,4,UPI,3085.2
707,205,14,2025-06-18,2,Credit Card,5767.3
708,772,71,2025-03-17,3,Credit Card,13951.32
709,214,86,2024-03-27,3,Credit Card,1900.7400000000002
710,256,51,2024-01-31,3,Debit Card,9749.43
711,135,65,2024-04-30,4,Debit Card,6317.56
712,573,93,2024-03-09,4,Debit Card,9395.68
713,875,52,2025-10-07,4,UPI,16273.24
714,822,95,2025-05-10,1,Credit Card,962.87
715,88,30,2024-05-25,3,Cash,1177.83
716,836,57,2024-11-28,1,Cash,397.08
717,988,79,2025-04-25,4,UPI,17994.44
718,207,82,2024-09-19,1,UPI,4975.41
719,129,99,2024-10-19,1,Cash,4164.02
720,823,30,2025-03-04,2,Credit Card,785.22
721,3,98,2024-03-26,4,Debit Card,678.12
722,974,42,2024-01-16,3,UPI,9410.099999999999
723,934,11,2025-12-28,4,UPI,4775.96
724,754,27,2025-09-19,1,UPI,4693.15
725,121,24,2024-04-27,4,Cash,3385.64
726,385,99,2024-09-26,4,Debit Card,16656.08
727,614,39,2025-01-29,2,Credit Card,7813.9
728,38,72,2024-06-10,2,Credit Card,7656.38
729,341,18,2025-11-30,4,Cash,13641.36
730,925,77,2024-04-13,2,UPI,8666.82
731,645,45,2025-10-14,1,Cash,1644.22
732,714,88,2024-06-15,1,Cash,2541.36
733,860,87,2024-10-26,1,Credit Card,3219.04
734,21,12,2024-01-28,2,Debit Card,6490.22
735,242,49,2025-02-27,4,Credit Card,18165.84
736,455,94,2025-07-15,1,Cash,4605.0
737,963,31,2024-06-04,3,Cash,10173.150000000001
738,621,92,2024-11-19,1,UPI,1173.68
739,303,22,2024-12-13,4,UPI,6106.44
740,596,44,2024-04-30,1,Cash,4251.25
741,595,92,2025-10-13,3,Credit Card,3521.04
742,803,64,2025-06-11,1,UPI,2136.65
743,964,77,2025-07-14,1,Debit Card,4333.41
744,69,25,2024-06-12,4,Debit Card,18029.32
745,129,51,2024-03-02,1,Cash,3249.81
746,196,7,2024-12-05,1,Debit Card,2233.99
747,140,6,2025-10-27,2,Debit Card,1981.04
748,444,24,2024-11-07,4,UPI,3385.64
749,283,19,2025-01-10,4,UPI,11120.48
750,312,83,2024-12-11,4,Credit Card,10733.76
751,746,100,2024-05-29,4,UPI,14749.6
752,535,9,2025-08-07,1,Credit Card,1774.84
753,665,36,2025-08-03,3,UPI,9869.07
754,277,40,2024-06-25,3,Cash,3313.2300000000005
755,61,93,2024-12-19,2,Credit Card,4697.84
756,319,24,2025-05-28,1,Cash,846.41
757,890,48,2024-11-04,4,Credit Card,10734.4
758,52,63,2024-04-28,4,Debit Card,1273.44
759,856,69,2025-06-02,3,Credit Card,14445.96
760,153,53,2025-04-22,2,Credit Card,9484.48
761,749,54,2025-02-17,1,Credit Card,1752.97
762,311,42,2025-08-09,2,Credit Card,6273.4
763,814,45,2024-12-16,1,Credit Card,1644.22
764,544,90,2025-05-20,2,Debit Card,9539.6
765,567,14,2024-07-13,2,Credit Card,5767.3
766,864,29,2024-07-05,4,Cash,9678.64
767,389,6,2025-03-25,3,Credit Card,2971.56
768,548,7,2025-05-10,4,Credit Card,8935.96
769,622,37,2025-05-29,3,Cash,9775.5
770,177,53,2025-11-26,2,UPI,9484.48
771,362,18,2024-09-29,1,UPI,3410.34
772,314,87,2024-02-21,4,Debit Card,12876.16
773,807,38,2024-09-19,1,Credit Card,2850.34
774,848,59,2025-01-02,4,Credit Card,13925.88
775,97,1,2024-05-12,4,UPI,17199.72
776,881,68,2024-08-12,4,Credit Card,19001.8
777,213,44,2024-11-05,1,Debit Card,4251.25
778,829,47,2025-07-26,4,Cash,19640.4
779,137,35,2024-01-16,4,Credit Card,10802.44
780,6,87,2024-07-13,4,Cash,12876.16
781,109,91,2025-03-18,1,Debit Card,2660.44
782,547,60,2024-10-29,4,UPI,18639.88
783,39,90,2024-02-17,1,Debit Card,4769.8
784,662,52,2024-04-30,3,Debit Card,12204.93
785,425,8,2025-05-13,4,Debit Card,6909.16
786,630,80,2025-07-15,2,Debit Card,6808.62
787,261,41,2025-04-13,3,Cash,10966.710000000001
788,426,3,2024-02-10,1,Debit Card,474.29
789,87,96,2025-03-31,2,Debit Card,2296.78
790,465,69,2025-06-17,1,Debit Card,4815.32
791,76,84,2025-01-05,1,Debit Card,2020.11
792,471,14,2024-06-30,4,Cash,11534.6
793,976,96,2025-05-31,2,Debit Card,2296.78
794,963,26,2025-10-18,1,UPI,3579.66
795,414,70,2025-08-12,3,Debit Card,9427.349999999999
796,825,58,2024-08-18,4,Debit Card,13924.0
797,895,100,2024-12-13,3,Credit Card,11062.2
798,726,40,2025-04-23,3,Credit Card,3313.2300000000005
799,457,51,2024-07-27,4,Credit Card,12999.24
800,285,5,2025-11-05,1,Debit Card,1901.89
801,239,77,2025-11-10,3,UPI,13000.23
802,677,32,2024-10-04,1,UPI,2952.82
803,599,80,2025-11-18,1,Credit Card,3404.31
804,653,1,2024-02-22,4,Credit Card,17199.72
805,672,77,2024-01-10,3,Debit Card,13000.23
806,558,54,2025-10-19,3,UPI,5258.91
807,372,11,2025-04-08,4,UPI,4775.96
808,495,53,2025-08-05,1,Credit Card,4742.24
809,624,8,2024-06-06,1,UPI,1727.29
810,919,25,2024-01-19,4,Credit Card,18029.32
811,45,40,2024-02-24,1,Credit Card,1104.41
812,401,32,2025-12-27,1,Cash,2952.82
813,247,88,2025-12-21,3,Cash,7624.08
814,616,28,2024-01-21,1,Debit Card,3056.13
815,597,78,2024-10-08,1,Credit Card,2458.53
816,450,3,2025-06-23,1,Debit Card,474.29
817,485,100,2025-02-20,1,Cash,3687.4
818,646,91,2025-12-23,4,UPI,10641.76
819,620,84,2024-10-11,4,Cash,8080.44
820,18,79,2025-06-15,4,Cash,17994.44
821,606,62,2025-06-15,1,Cash,1228.23
822,662,27,2025-05-25,4,UPI,18772.6
823,758,45,2025-01-30,2,Cash,3288.44
824,289,92,2024-04-29,2,Credit Card,2347.36
825,414,25,2024-04-06,2,Credit Card,9014.66
826,721,61,2024-04-29,3,Cash,7610.49
827,638,44,2025-06-20,1,Debit Card,4251.25
828,235,97,2024-06-01,3,Debit Card,491.52
829,416,46,2024-09-01,4,UPI,5814.24
830,938,14,2025-05-30,1,UPI,2883.65
831,499,8,2025-01-27,2,Credit Card,3454.58
832,974,48,2024-05-22,1,Credit Card,2683.6
833,634,14,2025-05-18,3,Cash,8650.95
834,650,65,2024-08-07,4,Debit Card,6317.56
835,115,80,2024-06-08,4,Credit Card,13617.24
836,932,82,2024-03-16,3,Debit Card,14926.23
837,674,7,2025-09-02,1,UPI,2233.99
838,713,79,2025-11-22,3,UPI,13495.829999999998
839,234,88,2025-09-30,4,Cash,10165.44
840,540,49,2024-02-01,2,Cash,9082.92
841,11,55,2024-11-29,4,Credit Card,14609.64
842,206,13,2025-06-08,4,Debit Card,11584.72
843,679,73,2025-03-15,1,Credit Card,2779.61
844,247,56,2024-12-17,2,Credit Card,5480.36
845,559,56,2024-12-04,4,Debit Card,10960.72
846,758,15,2025-02-03,2,Credit Card,6697.48
847,127,57,2025-01-30,3,Cash,1191.24
848,147,58,2024-07-20,1,Debit Card,3481.0
849,118,35,2025-06-13,2,Debit Card,5401.22
850,911,88,2024-04-02,2,Credit Card,5082.72
851,382,97,2024-12-23,1,Debit Card,163.84
852,412,16,2025-01-30,3,Cash,8361.210000000001
853,664,8,2024-02-29,2,Cash,3454.58
854,584,93,2025-04-21,1,UPI,2348.92
855,363,87,2025-12-26,4,UPI,12876.16
856,509,45,2025-09-03,1,UPI,1644.22
857,137,95,2024-01-01,4,UPI,3851.48
858,175,40,2025-07-08,2,Credit Card,2208.82
859,289,54,2024-11-06,2,UPI,3505.94
860,958,14,2024-06-16,2,UPI,5767.3
861,481,59,2024-07-10,3,UPI,10444.41
862,19,94,2024-02-03,3,UPI,13815.0
863,195,53,2024-02-03,4,Credit Card,18968.96
864,330,27,2025-11-18,1,UPI,4693.15
865,936,47,2025-02-20,4,Debit Card,19640.4
866,175,80,2025-12-08,1,Cash,3404.31
867,449,6,2024-06-06,2,Debit Card,1981.04
868,925,55,2025-05-14,1,Credit Card,3652.41
869,946,97,2024-12-31,3,Credit Card,491.52
870,354,44,2024-12-05,1,Credit Card,4251.25
871,499,18,2024-11-30,1,Cash,3410.34
872,141,16,2025-08-05,2,UPI,5574.14
873,758,12,2024-11-22,2,Credit Card,6490.22
874,897,20,2024-04-23,3,UPI,12497.52
875,930,45,2025-02-21,1,Credit Card,1644.22
876,93,64,2025-04-12,1,Cash,2136.65
877,944,59,2024-05-22,1,Debit Card,3481.47
878,239,93,2025-08-31,2,Debit Card,4697.84
879,205,94,2024-11-04,3,Cash,13815.0
880,560,90,2025-02-04,1,UPI,4769.8
881,433,22,2024-11-15,1,Credit Card,1526.61
882,245,97,2024-07-30,1,Debit Card,163.84
883,832,47,2024-11-12,1,Cash,4910.1
884,317,29,2024-07-03,3,UPI,7258.98
885,925,86,2024-07-23,3,Debit Card,1900.7400000000002
886,295,45,2024-12-29,3,Cash,4932.66
887,640,77,2024-08-03,2,Credit Card,8666.82
888,856,9,2024-09-02,1,Cash,1774.84
889,282,24,2024-08-26,1,UPI,846.41
890,17,15,2025-01-25,1,Debit Card,3348.74
891,71,36,2025-06-03,1,Credit Card,3289.69
892,269,13,2025-08-12,4,UPI,11584.72
893,325,91,2024-10-03,3,Cash,7981.32
894,794,44,2024-07-20,4,Debit Card,17005.0
895,305,71,2024-08-01,4,Debit Card,18601.76
896,451,72,2025-08-28,2,UPI,7656.38
897,7,78,2025-04-22,2,Credit Card,4917.06
898,314,76,2025-05-22,1,UPI,2848.28
899,817,36,2024-03-15,4,Debit Card,13158.76
900,103,61,2025-10-30,4,Debit Card,10147.32
901,821,81,2025-10-26,3,Debit Card,2313.8999999999996
902,193,40,2024-05-21,4,Credit Card,4417.64
903,753,93,2025-08-12,2,Debit Card,4697.84
904,574,27,2024-11-17,4,Debit Card,18772.6
905,529,1,2025-11-24,2,UPI,8599.86
906,171,34,2025-04-05,1,Debit Card,1271.88
907,537,68,2025-12-07,2,Cash,9500.9
908,251,88,2025-10-31,1,UPI,2541.36
909,765,21,2024-05-25,3,Debit Card,9210.36
910,387,33,2024-02-23,1,UPI,4952.02
911,207,7,2024-12-21,4,UPI,8935.96
912,541,65,2024-10-03,2,Cash,3158.78
913,629,3,2025-08-17,1,UPI,474.29
914,416,51,2025-02-03,1,UPI,3249.81
915,794,79,2025-10-29,1,Credit Card,4498.61
916,380,95,2025-05-30,1,Debit Card,962.87
917,144,54,2025-05-13,1,Credit Card,1752.97
918,25,80,2024-11-06,1,Debit Card,3404.31
919,822,74,2024-09-27,2,UPI,1967.02
920,668,93,2025-07-29,4,Debit Card,9395.68
921,73,59,2025-03-24,4,UPI,13925.88
922,632,6,2024-04-21,1,Debit Card,990.52
923,824,29,2024-08-26,2,UPI,4839.32
924,833,17,2024-05-23,1,Debit Card,4408.35
925,93,60,2025-01-08,3,Debit Card,13979.91
926,505,22,2024-01-20,4,Debit Card,6106.44
927,598,24,2025-07-29,1,UPI,846.41
928,336,81,2024-10-15,2,Debit Card,1542.6
929,425,85,2025-08-15,4,UPI,13318.64
930,499,51,2024-07-15,2,Credit Card,6499.62
931,364,50,2025-01-16,3,Debit Card,2709.06
932,947,11,2025-08-03,1,Cash,1193.99
933,630,56,2025-11-28,3,Cash,8220.539999999999
934,745,71,2025-11-09,4,UPI,18601.76
935,199,42,2025-12-17,1,Cash,3136.7
936,718,39,2025-05-06,4,UPI,15627.8
937,413,69,2024-06-12,1,UPI,4815.32
938,339,48,2025-08-28,2,Cash,5367.2
939,659,57,2024-09-05,4,Cash,1588.32
940,962,21,2024-03-08,3,Credit Card,9210.36
941,937,82,2024-01-21,3,UPI,14926.23
942,429,99,2025-05-26,2,Cash,8328.04
943,783,20,2025-08-19,2,Credit Card,8331.68
944,899,15,2025-01-24,3,Credit Card,10046.22
945,139,69,2025-06-19,2,UPI,9630.64
946,693,77,2024-04-20,1,Debit Card,4333.41
947,942,51,2025-08-17,3,Cash,9749.43
948,542,76,2025-04-04,4,Cash,11393.12
949,57,62,2024-03-18,3,Cash,3684.69
950,232,85,2025-03-09,2,Cash,6659.32
951,658,37,2025-01-14,1,Cash,3258.5
952,435,6,2025-10-13,4,Cash,3962.08
953,384,71,2025-03-15,3,Credit Card,13951.32
954,560,26,2024-12-04,3,UPI,10738.98
955,194,8,2025-02-27,4,Credit Card,6909.16
956,736,73,2024-06-17,1,Cash,2779.61
957,648,91,2025-12-09,2,UPI,5320.88
958,534,4,2024-09-18,2,Cash,3949.28
959,518,21,2025-12-27,2,UPI,6140.24
960,716,31,2025-08-01,2,Credit Card,6782.1
961,751,21,2024-08-16,4,UPI,12280.48
962,185,25,2024-06-09,1,Credit Card,4507.33
963,872,15,2025-03-02,1,Cash,3348.74
964,292,35,2024-05-01,3,UPI,8101.83
965,335,49,2024-05-28,3,Debit Card,13624.380000000001
966,732,43,2025-12-05,1,Debit Card,4490.77
967,116,41,2024-04-20,3,Credit Card,10966.710000000001
968,825,37,2025-10-18,1,Credit Card,3258.5
969,49,57,2024-08-08,4,Credit Card,1588.32
970,685,42,2024-03-04,4,Credit Card,12546.8
971,82,47,2025-09-29,2,Cash,9820.2
972,834,92,2025-12-30,1,Debit Card,1173.68
973,333,61,2024-12-19,4,Credit Card,10147.32
974,557,14,2025-04-18,1,UPI,2883.65
975,335,68,2025-04-29,3,UPI,14251.349999999999
976,532,53,2024-01-13,1,Cash,4742.24
977,960,84,2024-06-01,2,Credit Card,4040.22
978,221,34,2024-08-26,2,UPI,2543.76
979,635,76,2024-07-08,4,Credit Card,11393.12
980,746,97,2025-10-24,3,UPI,491.52
981,733,24,2024-03-26,3,Cash,2539.23
982,323,20,2024-01-21,1,UPI,4165.84
983,851,69,2025-11-24,3,Credit Card,14445.96
984,3,30,2024-11-14,2,Credit Card,785.22
985,694,88,2024-06-06,4,Cash,10165.44
986,206,7,2025-04-25,4,Debit Card,8935.96
987,832,36,2024-03-16,4,Credit Card,13158.76
988,40,38,2024-11-24,3,Debit Card,8551.02
989,59,80,2025-02-19,3,Credit Card,10212.93
990,951,52,2024-07-21,2,Cash,8136.62
991,574,15,2024-08-16,1,UPI,3348.74
992,644,46,2024-05-31,1,Debit Card,1453.56
993,507,23,2024-03-12,4,UPI,4459.08
994,572,12,2024-08-12,4,Cash,12980.44
995,884,93,2025-04-17,3,Cash,7046.76
996,843,44,2025-10-04,4,Cash,17005.0
997,122,15,2024-12-25,2,Credit Card,6697.48
998,479,93,2025-06-23,2,Credit Card,4697.84
999,619,49,2025-08-31,4,Credit Card,18165.84
1000,96,21,2024-02-15,4,Credit Card,12280.48
1001,859,15,2024-01-01,4,Debit Card,13394.96
1002,414,14,2025-11-08,4,Cash,11534.6
1003,235,42,2024-09-01,4,Debit Card,12546.8
1004,898,80,2024-08-06,2,Credit Card,6808.62
1005,62,15,2025-09-05,1,UPI,3348.74
1006,256,63,2024-10-17,2,Debit Card,636.72
1007,561,68,2025-04-02,2,UPI,9500.9
1008,905,27,2024-07-22,4,Credit Card,18772.6
1009,348,87,2024-07-20,1,Debit Card,3219.04
1010,671,93,2025-07-19,4,Debit Card,9395.68
1011,124,53,2025-04-26,2,Debit Card,9484.48
1012,482,52,2025-05-25,1,UPI,4068.31
1013,317,63,2024-10-04,3,Credit Card,955.08
1014,504,73,2024-01-16,4,Cash,11118.44
1015,719,53,2025-06-08,3,Cash,14226.72
1016,48,57,2024-12-21,3,Credit Card,1191.24
1017,409,52,2024-12-21,3,Debit Card,12204.93
1018,932,43,2025-08-21,3,Cash,13472.310000000001
1019,136,7,2024-03-18,1,Debit Card,2233.99
1020,201,42,2024-03-07,4,Credit Card,12546.8
1021,250,4,2025-12-23,1,UPI,1974.64
1022,314,69,2024-08-01,4,Debit Card,19261.28
1023,869,5,2025-11-27,4,UPI,7607.56
1024,368,75,2025-03-24,4,UPI,9388.52
1025,429,92,2025-03-08,1,Credit Card,1173.68
1026,830,80,2025-06-28,2,Credit Card,6808.62
1027,807,41,2024-04-24,3,UPI,10966.710000000001
1028,480,94,2025-02-23,2,UPI,9210.0
1029,314,4,2025-05-13,2,Cash,3949.28
1030,500,2,2025-12-10,2,Cash,5838.48
1031,721,67,2025-01-14,3,Credit Card,5507.7300000000005
1032,355,21,2024-05-22,2,Debit Card,6140.24
1033,485,70,2025-09-23,3,UPI,9427.349999999999
1034,211,43,2024-01-24,3,Debit Card,13472.310000000001
1035,704,82,2025-06-22,3,UPI,14926.23
1036,44,69,2024-03-15,4,Credit Card,19261.28
1037,541,9,2025-06-18,4,Debit Card,7099.36
1038,571,84,2025-11-03,2,Credit Card,4040.22
1039,583,28,2024-02-10,4,UPI,12224.52
1040,92,26,2025-07-21,3,Credit Card,10738.98
1041,265,82,2025-02-16,4,Debit Card,19901.64
1042,895,83,2025-02-18,3,Cash,8050.32
1043,220,3,2025-03-24,1,Credit Card,474.29
1044,902,73,2025-09-01,4,Debit Card,11118.44
1045,925,100,2025-10-19,2,Credit Card,7374.8
1046,442,95,2025-03-11,1,Credit Card,962.87
1047,401,49,2025-07-05,1,Cash,4541.46
1048,400,17,2025-12-05,4,Debit Card,17633.4
1049,727,63,2024-08-26,4,Debit Card,1273.44
1050,991,55,2024-02-11,2,Debit Card,7304.82
1051,899,23,2025-12-08,1,UPI,1114.77
1052,789,34,2024-01-10,3,Credit Card,3815.6400000000003
1053,576,69,2024-09-21,4,Cash,19261.28
1054,858,15,2025-08-03,1,Debit Card,3348.74
1055,804,47,2025-03-20,1,Cash,4910.1
1056,490,3,2024-05-18,3,UPI,1422.8700000000001
1057,485,83,2025-12-31,1,UPI,2683.44
1058,757,28,2024-07-14,4,Cash,12224.52
1059,470,3,2024-03-14,3,Debit Card,1422.8700000000001
1060,574,4,2025-09-06,4,Cash,7898.56
1061,938,88,2024-08-12,2,Debit Card,5082.72
1062,844,31,2025-09-26,1,Debit Card,3391.05
1063,682,45,2024-04-11,4,UPI,6576.88
1064,445,59,2024-09-20,4,Cash,13925.88
1065,269,45,2024-06-09,2,UPI,3288.44
1066,267,75,2024-08-20,1,Credit Card,2347.13
1067,54,37,2025-05-05,4,UPI,13034.0
1068,528,65,2024-11-06,3,Debit Card,4738.17
1069,520,9,2025-10-12,4,Cash,7099.36
1070,616,17,2024-08-14,4,Credit Card,17633.4
1071,59,65,2024-09-29,4,Credit Card,6317.56
1072,825,3,2024-11-12,4,Credit Card,1897.16
1073,40,26,2024-03-26,1,Credit Card,3579.66
1074,237,53,2024-10-17,4,Cash,18968.96
1075,955,31,2025-04-13,2,Debit Card,6782.1
1076,386,26,2025-12-29,4,Credit Card,14318.64
1077,606,23,2025-07-31,3,Debit Card,3344.31
1078,734,30,2025-10-08,3,UPI,1177.83
1079,716,10,2025-02-07,4,Debit Card,14884.92
1080,650,72,2025-03-02,4,Credit Card,15312.76
1081,300,89,2025-01-09,2,UPI,4185.4
1082,395,64,2025-07-20,2,UPI,4273.3
1083,207,22,2024-09-08,1,UPI,1526.61
1084,336,15,2025-06-16,1,Credit Card,3348.74
1085,593,56,2024-11-02,3,Debit Card,8220.539999999999
1086,730,74,2025-03-05,4,Cash,3934.04
1087,514,20,2025-11-05,4,Debit Card,16663.36
1088,178,47,2024-09-20,2,Credit Card,9820.2
1089,396,87,2024-03-08,2,Credit Card,6438.08
1090,371,53,2024-04-16,1,UPI,4742.24
1091,858,53,2025-02-03,1,Debit Card,4742.24
1092,791,1,2025-08-01,3,Credit Card,12899.79
1093,658,2,2024-07-17,2,Credit Card,5838.48
1094,318,58,2024-07-10,4,Cash,13924.0
1095,736,19,2025-05-28,2,Debit Card,5560.24
1096,369,62,2025-03-17,2,UPI,2456.46
1097,384,78,2024-01-01,2,UPI,4917.06
1098,62,72,2024-12-23,1,UPI,3828.19
1099,806,12,2024-04-24,4,Debit Card,12980.44
1100,505,26,2025-08-22,4,Credit Card,14318.64
1101,239,27,2024-07-15,1,Credit Card,4693.15
1102,195,29,2025-08-26,1,Cash,2419.66
1103,678,15,2024-09-30,4,Cash,13394.96
1104,963,46,2024-06-08,3,Credit Card,4360.68
1105,222,1,2024-06-21,2,Credit Card,8599.86
1106,61,60,2025-06-28,4,Debit Card,18639.88
1107,129,92,2025-04-02,1,Cash,1173.68
1108,990,57,2025-08-07,4,UPI,1588.32
1109,685,3,2025-03-08,2,UPI,948.58
1110,992,18,2025-04-25,4,UPI,13641.36
1111,156,52,2025-03-30,1,UPI,4068.31
1112,917,60,2024-07-14,3,Credit Card,13979.91
1113,378,34,2025-08-21,1,Credit Card,1271.88
1114,622,96,2024-11-04,3,Debit Card,3445.17
1115,781,93,2025-07-09,2,UPI,4697.84
1116,923,89,2025-05-08,1,Credit Card,2092.7
1117,868,60,2025-03-14,4,Credit Card,18639.88
1118,903,26,2025-10-11,1,Credit Card,3579.66
1119,790,72,2024-12-24,1,UPI,3828.19
1120,586,19,2024-02-05,2,Credit Card,5560.24
1121,999,22,2024-02-03,3,Cash,4579.83
1122,437,93,2024-03-28,3,UPI,7046.76
1123,975,33,2025-10-19,4,UPI,19808.08
1124,207,38,2024-01-16,1,Cash,2850.34
1125,388,35,2025-02-24,2,Debit Card,5401.22
1126,480,67,2025-07-06,3,Debit Card,5507.7300000000005
1127,791,83,2024-05-05,4,UPI,10733.76
1128,887,10,2024-01-08,3,UPI,11163.69
1129,838,91,2025-04-16,4,UPI,10641.76
1130,984,15,2025-04-12,3,Cash,10046.22
1131,340,11,2025-05-24,4,Credit Card,4775.96
1132,869,90,2025-02-05,3,Cash,14309.400000000001
1133,340,24,2024-06-24,3,Credit Card,2539.23
1134,204,77,2025-01-01,1,Credit Card,4333.41
1135,161,96,2025-05-02,4,Debit Card,4593.56
1136,540,4,2024-01-18,4,Cash,7898.56
1137,392,13,2024-02-25,1,Cash,2896.18
1138,769,73,2024-02-04,1,UPI,2779.61
1139,677,57,2025-09-21,3,Cash,1191.24
1140,575,98,2025-12-25,3,Credit Card,508.59000000000003
1141,534,37,2025-07-26,3,Credit Card,9775.5
1142,70,48,2025-08-22,1,Cash,2683.6
1143,893,71,2024-12-12,3,Debit Card,13951.32
1144,405,1,2024-02-01,1,Debit Card,4299.93
1145,608,60,2024-05-12,3,UPI,13979.91
1146,675,12,2025-07-29,1,UPI,3245.11
1147,591,21,2024-07-17,4,Credit Card,12280.48
1148,517,11,2024-09-12,2,Cash,2387.98
1149,828,44,2024-12-07,3,Credit Card,12753.75
1150,120,58,2025-10-28,3,Credit Card,10443.0
1151,814,44,2024-08-18,1,Cash,4251.25
1152,690,78,2024-10-27,4,Credit Card,9834.12
1153,688,98,2025-06-30,4,Credit Card,678.12
1154,902,34,2024-01-26,3,Debit Card,3815.6400000000003
1155,217,25,2025-06-18,1,UPI,4507.33
1156,56,4,2025-10-14,1,Debit Card,1974.64
1157,366,64,2025-04-18,2,UPI,4273.3
1158,699,90,2025-01-21,4,UPI,19079.2
1159,504,16,2024-10-11,2,UPI,5574.14
1160,744,10,2025-03-25,4,Debit Card,14884.92
1161,767,66,2024-11-15,3,Cash,11487.99
1162,925,35,2024-06-04,3,Credit Card,8101.83
1163,455,83,2025-04-15,1,Cash,2683.44
1164,104,6,2025-02-23,1,Cash,990.52
1165,77,19,2024-04-22,1,UPI,2780.12
1166,230,59,2025-10-12,4,UPI,13925.88
1167,914,53,2025-02-25,1,Debit Card,4742.24
1168,258,8,2025-12-21,3,Debit Card,5181.87
1169,264,78,2025-08-20,2,Credit Card,4917.06
1170,331,10,2024-10-11,3,Cash,11163.69
1171,993,67,2025-07-25,3,Cash,5507.7300000000005
1172,182,38,2024-02-23,3,Credit Card,8551.02
1173,893,29,2025-08-27,2,UPI,4839.32
1174,768,15,2024-11-20,3,Debit Card,10046.22
1175,550,87,2025-04-02,4,Credit Card,12876.16
1176,688,23,2024-09-21,4,Cash,4459.08
1177,27,82,2025-01-16,2,Credit Card,9950.82
1178,276,46,2024-07-31,4,Credit Card,5814.24
1179,652,83,2024-11-28,1,Cash,2683.44
1180,299,28,2024-01-10,4,Cash,12224.52
1181,957,26,2024-12-23,3,Debit Card,10738.98
1182,799,10,2024-07-21,4,Debit Card,14884.92
1183,91,47,2025-12-08,1,Cash,4910.1
1184,480,4,2024-02-27,1,Debit Card,1974.64
1185,573,55,2025-05-08,1,Debit Card,3652.41
1186,458,66,2025-05-24,3,Debit Card,11487.99
1187,451,67,2024-08-10,1,Cash,1835.91
1188,365,7,2025-01-03,3,UPI,6701.969999999999
1189,859,55,2025-11-22,1,UPI,3652.41
1190,675,80,2025-02-21,3,Debit Card,10212.93
1191,351,31,2025-06-30,3,UPI,10173.150000000001
1192,655,74,2024-04-12,3,Debit Card,2950.5299999999997
1193,400,19,2024-06-09,4,UPI,11120.48
1194,253,28,2024-07-18,1,UPI,3056.13
1195,781,81,2024-06-08,3,Credit Card,2313.8999999999996
1196,881,28,2025-11-25,1,Debit Card,3056.13
1197,803,19,2024-05-15,4,UPI,11120.48
1198,459,87,2025-02-01,2,UPI,6438.08
1199,699,20,2025-01-26,1,Credit Card,4165.84
1200,917,13,2024-04-15,1,UPI,2896.18
1201,499,77,2025-08-05,4,Credit Card,17333.64
1202,950,43,2025-08-11,3,UPI,13472.310000000001
1203,971,11,2024-02-23,1,Credit Card,1193.99
1204,926,48,2024-10-03,2,Credit Card,5367.2
1205,508,15,2024-04-20,4,Cash,13394.96
1206,304,17,2024-08-11,3,Debit Card,13225.050000000001
1207,501,54,2024-03-15,1,Cash,1752.97
1208,803,50,2025-05-20,1,Debit Card,903.02
1209,598,28,2024-01-14,4,UPI,12224.52
1210,166,83,2025-04-26,3,Debit Card,8050.32
1211,415,4,2024-07-07,3,Cash,5923.92
1212,462,22,2024-12-29,4,Debit Card,6106.44
1213,920,86,2024-08-26,1,Cash,633.58
1214,114,39,2025-02-04,1,Debit Card,3906.95
1215,433,34,2024-10-30,3,UPI,3815.6400000000003
1216,992,97,2024-03-31,3,UPI,491.52
1217,356,44,2025-01-26,2,Debit Card,8502.5
1218,928,42,2024-07-02,2,Debit Card,6273.4
1219,695,40,2024-01-17,2,UPI,2208.82
1220,207,97,2024-01-12,3,Debit Card,491.52
1221,768,12,2024-06-14,3,Credit Card,9735.33
1222,235,2,2024-05-25,3,UPI,8757.72
1223,442,28,2024-10-08,1,UPI,3056.13
1224,355,74,2025-07-02,4,Cash,3934.04
1225,515,86,2025-08-04,3,Cash,1900.7400000000002
1226,208,81,2024-06-17,1,Credit Card,771.3
1227,709,90,2024-06-18,3,Debit Card,14309.400000000001
1228,853,67,2024-12-11,4,Credit Card,7343.64
1229,125,71,2025-05-13,3,Debit Card,13951.32
1230,138,72,2025-04-04,1,Cash,3828.19
1231,339,84,2024-10-23,3,Debit Card,6060.33
1232,537,76,2024-05-21,3,Cash,8544.84
1233,68,99,2025-11-25,3,UPI,12492.060000000001
1234,573,81,2024-02-22,2,UPI,1542.6
1235,541,92,2024-04-27,3,Debit Card,3521.04
1236,383,10,2024-12-30,1,Cash,3721.23
1237,19,86,2025-11-01,1,Credit Card,633.58
1238,683,57,2024-05-15,1,Cash,397.08
1239,450,97,2025-02-17,3,Cash,491.52
1240,74,86,2024-03-17,4,Cash,2534.32
1241,573,37,2025-07-10,1,UPI,3258.5
1242,939,77,2024-01-18,2,Cash,8666.82
1243,665,91,2025-02-06,4,Debit Card,10641.76
1244,276,64,2024-07-23,1,UPI,2136.65
1245,48,79,2025-05-13,3,UPI,13495.829999999998
1246,211,86,2024-11-19,2,UPI,1267.16
1247,855,94,2025-08-17,1,Cash,4605.0
1248,920,40,2025-07-15,2,Credit Card,2208.82
1249,651,98,2024-10-07,4,Cash,678.12
1250,622,60,2024-06-14,1,Cash,4659.97
1251,994,98,2024-08-30,3,Credit Card,508.59000000000003
1252,695,48,2025-04-23,2,Cash,5367.2
1253,540,99,2024-06-12,1,Debit Card,4164.02
1254,709,19,2024-11-19,4,Credit Card,11120.48
1255,191,72,2025-07-21,4,Debit Card,15312.76
1256,315,33,2025-07-04,1,Debit Card,4952.02
1257,901,44,2025-10-01,4,UPI,17005.0
1258,563,92,2025-09-25,2,UPI,2347.36
1259,661,37,2025-11-28,2,Credit Card,6517.0
1260,780,89,2024-07-26,2,Cash,4185.4
1261,562,36,2024-11-10,2,Debit Card,6579.38
1262,900,81,2024-10-30,4,Cash,3085.2
1263,758,88,2024-08-26,1,Debit Card,2541.36
1264,113,21,2025-12-27,4,UPI,12280.48
1265,170,2,2024-08-11,4,UPI,11676.96
1266,468,31,2024-03-28,1,UPI,3391.05
1267,678,97,2025-06-20,1,Credit Card,163.84
1268,921,30,2025-03-04,3,Debit Card,1177.83
1269,14,76,2024-08-07,2,Cash,5696.56
1270,715,44,2024-10-01,1,Debit Card,4251.25
1271,288,12,2025-10-08,4,Cash,12980.44
1272,907,51,2024-03-06,2,Cash,6499.62
1273,189,49,2025-08-14,2,Cash,9082.92
1274,914,24,2025-02-26,4,Debit Card,3385.64
1275,155,24,2024-09-11,1,UPI,846.41
1276,567,60,2024-05-04,2,Credit Card,9319.94
1277,694,11,2024-05-25,2,Credit Card,2387.98
1278,722,13,2025-09-06,2,UPI,5792.36
1279,888,91,2025-01-19,2,Credit Card,5320.88
1280,471,72,2025-03-22,2,Cash,7656.38
1281,75,74,2025-01-21,4,Credit Card,3934.04
1282,277,72,2025-01-17,1,Debit Card,3828.19
1283,940,64,2024-10-03,1,UPI,2136.65
1284,645,20,2025-01-16,2,UPI,8331.68
1285,343,72,2024-05-03,2,UPI,7656.38
1286,425,73,2024-09-23,2,UPI,5559.22
1287,571,71,2024-04-20,4,Debit Card,18601.76
1288,511,78,2025-01-15,4,Cash,9834.12
1289,857,28,2025-08-23,3,Cash,9168.39
1290,182,2,2024-06-06,2,Cash,5838.48
1291,458,43,2025-12-28,3,Credit Card,13472.310000000001
1292,918,8,2025-07-01,3,Cash,5181.87
1293,851,13,2025-08-21,3,Credit Card,8688.539999999999
1294,833,85,2024-04-27,1,Debit Card,3329.66
1295,64,92,2024-11-23,3,Credit Card,3521.04
1296,839,35,2025-11-24,2,Cash,5401.22
1297,260,23,2024-03-08,4,UPI,4459.08
1298,193,46,2025-03-09,2,Debit Card,2907.12
1299,655,15,2024-12-24,4,Cash,13394.96
1300,616,2,2025-11-01,1,Cash,2919.24
1301,972,61,2025-03-18,1,Cash,2536.83
1302,406,76,2024-06-12,2,Debit Card,5696.56
1303,726,64,2024-12-26,1,UPI,2136.65
1304,754,52,2025-08-07,4,UPI,16273.24
1305,943,36,2024-04-28,1,UPI,3289.69
1306,721,67,2024-07-13,3,Cash,5507.7300000000005
1307,93,69,2025-08-23,3,Credit Card,14445.96
1308,430,67,2025-08-10,1,Cash,1835.91
1309,654,47,2025-10-12,2,UPI,9820.2
1310,434,83,2024-08-28,3,Debit Card,8050.32
1311,404,2,2025-05-23,4,Credit Card,11676.96
1312,434,44,2025-10-27,2,Credit Card,8502.5
1313,112,64,2025-07-18,1,Cash,2136.65
1314,929,81,2024-05-21,2,Debit Card,1542.6
1315,375,78,2024-01-31,2,Credit Card,4917.06
1316,59,28,2024-08-10,2,UPI,6112.26
1317,43,91,2024-09-22,2,Cash,5320.88
1318,207,54,2024-10-08,1,Cash,1752.97
1319,780,74,2025-01-15,1,UPI,983.51
1320,296,67,2025-07-09,3,UPI,5507.7300000000005
1321,118,36,2024-03-02,3,UPI,9869.07
1322,532,63,2025-12-13,4,Credit Card,1273.44
1323,222,25,2025-06-04,4,Debit Card,18029.32
1324,166,86,2024-03-11,3,Credit Card,1900.7400000000002
1325,643,48,2025-08-24,3,Debit Card,8050.799999999999
1326,156,39,2025-06-19,2,Cash,7813.9
1327,184,47,2024-05-19,3,Debit Card,14730.300000000001
1328,90,94,2024-11-11,4,UPI,18420.0
1329,94,21,2024-12-05,3,Credit Card,9210.36
1330,13,30,2025-08-12,2,UPI,785.22
1331,973,92,2025-12-26,4,Cash,4694.72
1332,834,31,2025-06-11,1,Credit Card,3391.05
1333,805,26,2025-06-24,3,Credit Card,10738.98
1334,945,22,2025-02-19,1,UPI,1526.61
1335,742,21,2025-04-11,4,Credit Card,12280.48
1336,834,1,2025-01-09,3,UPI,12899.79
1337,804,37,2024-10-17,1,Debit Card,3258.5
1338,438,77,2024-02-12,3,Cash,13000.23
1339,538,85,2024-02-22,1,UPI,3329.66
1340,587,46,2024-08-19,1,Cash,1453.56
1341,968,9,2024-07-30,4,Credit Card,7099.36
1342,876,17,2024-01-08,3,Cash,13225.050000000001
1343,936,47,2025-09-25,1,Cash,4910.1
1344,811,85,2025-04-27,3,Cash,9988.98
1345,150,95,2024-02-11,3,Credit Card,2888.61
1346,660,59,2024-11-28,2,Debit Card,6962.94
1347,8,54,2024-08-20,4,Debit Card,7011.88
1348,29,86,2024-03-10,3,Debit Card,1900.7400000000002
1349,296,12,2024-01-16,3,UPI,9735.33
1350,986,64,2024-03-09,3,UPI,6409.950000000001
1351,926,6,2024-02-22,4,Credit Card,3962.08
1352,721,53,2025-11-15,4,Debit Card,18968.96
1353,640,16,2025-01-13,3,Cash,8361.210000000001
1354,340,90,2025-04-07,4,Debit Card,19079.2
1355,628,5,2025-06-10,2,UPI,3803.78
1356,439,73,2025-11-09,4,Credit Card,11118.44
1357,144,46,2024-03-03,2,Debit Card,2907.12
1358,942,14,2024-09-17,2,UPI,5767.3
1359,830,44,2025-05-14,2,UPI,8502.5
1360,747,63,2024-04-30,1,Cash,318.36
1361,519,94,2024-08-27,4,Debit Card,18420.0
1362,976,52,2025-04-09,3,Cash,12204.93
1363,45,26,2024-04-16,2,Debit Card,7159.32
1364,955,53,2024-06-28,3,Credit Card,14226.72
1365,239,29,2024-01-16,2,Debit Card,4839.32
1366,952,19,2024-12-20,3,Cash,8340.36
1367,944,47,2024-11-04,1,Cash,4910.1
1368,155,8,2025-12-27,2,UPI,3454.58
1369,181,23,2025-08-11,1,Debit Card,1114.77
1370,215,35,2025-08-27,1,Debit Card,2700.61
1371,88,95,2024-06-29,4,Credit Card,3851.48
1372,256,53,2024-06-22,3,UPI,14226.72
1373,511,99,2024-12-19,2,Cash,8328.04
1374,73,96,2024-12-19,1,Debit Card,1148.39
1375,931,58,2024-08-06,3,UPI,10443.0
1376,179,5,2025-10-16,4,Credit Card,7607.56
1377,212,16,2024-11-10,3,UPI,8361.210000000001
1378,805,17,2025-03-09,3,Debit Card,13225.050000000001
1379,234,32,2024-10-08,4,Debit Card,11811.28
1380,465,96,2024-09-15,4,Credit Card,4593.56
1381,751,52,2025-07-12,4,Credit Card,16273.24
1382,223,20,2024-01-05,1,Credit Card,4165.84
1383,631,66,2025-07-27,3,Cash,11487.99
1384,825,84,2025-08-18,4,UPI,8080.44
1385,264,82,2025-10-06,3,UPI,14926.23
1386,207,1,2025-01-28,3,UPI,12899.79
1387,607,58,2024-12-01,1,Cash,3481.0
1388,885,93,2024-03-03,3,UPI,7046.76
1389,734,93,2024-02-13,1,Credit Card,2348.92
1390,366,83,2024-06-01,4,UPI,10733.76
1391,276,44,2025-11-13,4,Cash,17005.0
1392,380,6,2024-06-04,3,Cash,2971.56
1393,743,50,2025-04-22,1,UPI,903.02
1394,309,72,2024-10-01,1,Cash,3828.19
1395,631,88,2024-12-23,2,Cash,5082.72
1396,268,20,2025-03-01,2,UPI,8331.68
1397,945,14,2025-06-15,4,Cash,11534.6
1398,785,5,2025-04-27,4,Cash,7607.56
1399,64,41,2024-08-01,2,UPI,7311.14
1400,810,40,2024-03-19,1,Credit Card,1104.41
1401,350,34,2024-05-18,3,Credit Card,3815.6400000000003
1402,925,80,2024-04-07,3,Cash,10212.93
1403,915,45,2025-10-25,1,Debit Card,1644.22
1404,494,71,2024-07-16,4,Debit Card,18601.76
1405,523,80,2024-06-04,3,UPI,10212.93
1406,98,71,2024-02-19,1,UPI,4650.44
1407,946,27,2025-04-23,3,Credit Card,14079.449999999999
1408,71,78,2024-08-15,1,Debit Card,2458.53
1409,364,78,2025-04-01,2,UPI,4917.06
1410,570,44,2025-06-05,2,Debit Card,8502.5
1411,802,33,2024-05-28,3,Debit Card,14856.060000000001
1412,763,33,2024-02-27,3,Cash,14856.060000000001
1413,276,44,2024-06-10,3,Cash,12753.75
1414,50,20,2025-04-21,3,Debit Card,12497.52
1415,358,36,2024-04-16,2,Credit Card,6579.38
1416,728,7,2025-03-02,2,UPI,4467.98
1417,906,32,2025-01-29,1,UPI,2952.82
1418,928,67,2024-07-04,3,Credit Card,5507.7300000000005
1419,564,39,2025-07-11,2,Cash,7813.9
1420,783,93,2025-03-21,4,Cash,9395.68
1421,485,24,2025-10-02,1,Credit Card,846.41
1422,84,86,2025-03-23,1,Credit Card,633.58
1423,899,70,2024-03-27,1,Cash,3142.45
1424,805,88,2024-09-05,4,Debit Card,10165.44
1425,638,87,2025-03-15,4,Cash,12876.16
1426,808,54,2024-09-13,4,Debit Card,7011.88
1427,584,38,2024-10-03,2,UPI,5700.68
1428,296,74,2025-03-13,4,UPI,3934.04
1429,236,80,2025-05-30,1,Debit Card,3404.31
1430,56,75,2025-07-30,3,Debit Card,7041.39
1431,919,32,2024-07-20,1,Cash,2952.82
1432,360,45,2025-07-28,1,Credit Card,1644.22
1433,907,61,2025-10-16,2,Debit Card,5073.66
1434,110,70,2024-06-28,1,UPI,3142.45
1435,192,88,2025-11-16,2,Cash,5082.72
1436,904,97,2024-11-20,2,UPI,327.68
1437,93,53,2025-09-14,3,Cash,14226.72
1438,862,51,2025-11-17,1,Credit Card,3249.81
1439,568,76,2025-04-19,3,Credit Card,8544.84
1440,60,56,2025-10-26,3,UPI,8220.539999999999
1441,650,27,2025-02-03,1,Debit Card,4693.15
1442,39,38,2024-08-04,1,Debit Card,2850.34
1443,540,62,2025-03-28,4,UPI,4912.92
1444,49,18,2025-02-07,4,Debit Card,13641.36
1445,420,64,2024-08-27,2,Debit Card,4273.3
1446,637,77,2024-07-04,1,UPI,4333.41
1447,13,30,2024-02-17,2,UPI,785.22
1448,992,49,2025-01-20,3,Credit Card,13624.380000000001
1449,36,41,2024-07-26,3,UPI,10966.710000000001
1450,101,13,2024-06-05,4,Credit Card,11584.72
1451,794,34,2024-08-12,2,Credit Card,2543.76
1452,86,100,2024-05-23,1,Cash,3687.4
1453,516,94,2025-02-22,1,Debit Card,4605.0
1454,223,25,2024-04-20,4,UPI,18029.32
1455,338,66,2025-04-09,4,Debit Card,15317.32
1456,960,100,2024-05-11,2,Cash,7374.8
1457,166,18,2025-09-16,4,UPI,13641.36
1458,383,5,2025-08-23,4,UPI,7607.56
1459,856,19,2025-11-03,4,Cash,11120.48
1460,895,42,2024-11-29,3,Debit Card,9410.099999999999
1461,376,18,2024-03-15,2,Credit Card,6820.68
1462,471,32,2025-02-15,1,Cash,2952.82
1463,790,21,2025-06-02,1,Cash,3070.12
1464,642,10,2025-09-16,2,UPI,7442.46
1465,31,37,2024-02-05,4,Credit Card,13034.0
1466,375,49,2025-09-16,4,Cash,18165.84
1467,11,86,2024-08-10,1,Debit Card,633.58
1468,988,13,2025-12-23,3,Cash,8688.539999999999
1469,302,55,2025-06-13,2,Debit Card,7304.82
1470,96,17,2024-08-28,4,UPI,17633.4
1471,190,9,2024-05-13,3,Cash,5324.5199999999995
1472,453,88,2025-01-25,3,Debit Card,7624.08
1473,192,44,2024-04-11,4,UPI,17005.0
1474,486,78,2025-10-13,2,UPI,4917.06
1475,266,46,2025-11-11,2,UPI,2907.12
1476,424,8,2025-05-12,1,Cash,1727.29
1477,128,37,2025-05-25,1,UPI,3258.5
1478,238,19,2025-12-03,2,UPI,5560.24
1479,920,63,2025-06-20,4,Debit Card,1273.44
1480,355,92,2025-06-28,2,UPI,2347.36
1481,940,46,2024-12-08,1,Cash,1453.56
1482,112,94,2024-01-06,1,Credit Card,4605.0
1483,828,71,2024-07-12,1,UPI,4650.44
1484,446,26,2024-05-16,2,Cash,7159.32
1485,343,46,2025-04-17,2,UPI,2907.12
1486,145,46,2024-08-03,4,Cash,5814.24
1487,65,75,2024-12-14,1,UPI,2347.13
1488,247,14,2024-07-01,3,Debit Card,8650.95
1489,735,85,2024-06-16,3,Credit Card,9988.98
1490,991,63,2024-02-07,4,Credit Card,1273.44
1491,490,72,2025-11-05,4,Cash,15312.76
1492,825,3,2025-04-15,1,Cash,474.29
1493,439,28,2025-03-27,2,Credit Card,6112.26
1494,106,29,2025-05-04,2,Debit Card,4839.32
1495,181,87,2024-05-21,3,Debit Card,9657.119999999999
1496,184,18,2024-04-12,1,UPI,3410.34
1497,226,35,2025-12-11,3,Debit Card,8101.83
1498,777,77,2025-12-12,3,Credit Card,13000.23
1499,790,76,2024-02-11,1,Credit Card,2848.28
1500,909,47,2024-05-26,4,Debit Card,19640.4
1501,89,5,2024-03-06,3,Debit Card,5705.67
1502,688,75,2024-07-11,4,Credit Card,9388.52
1503,530,59,2024-10-24,2,Credit Card,6962.94
1504,371,75,2024-02-07,3,Credit Card,7041.39
1505,972,59,2025-05-16,1,Credit Card,3481.47
1506,936,47,2025-10-14,4,Credit Card,19640.4
1507,913,95,2025-09-09,2,Debit Card,1925.74
1508,399,95,2025-03-03,2,Debit Card,1925.74
1509,106,13,2025-10-25,3,UPI,8688.539999999999
1510,271,78,2024-12-17,2,UPI,4917.06
1511,975,89,2024-11-21,1,Cash,2092.7
1512,831,33,2024-02-07,3,UPI,14856.060000000001
1513,503,97,2024-04-06,2,Debit Card,327.68
1514,679,62,2024-04-17,1,UPI,1228.23
1515,525,79,2025-09-22,4,UPI,17994.44
1516,849,16,2024-05-30,4,Debit Card,11148.28
1517,32,44,2024-03-14,3,Credit Card,12753.75
1518,393,58,2024-02-26,1,Debit Card,3481.0
1519,40,6,2024-11-30,2,Debit Card,1981.04
1520,660,89,2024-09-08,3,Cash,6278.099999999999
1521,218,15,2024-09-10,3,Cash,10046.22
1522,731,4,2025-01-19,2,Cash,3949.28
1523,981,56,2025-03-31,1,Credit Card,2740.18
1524,82,64,2024-09-15,2,UPI,4273.3
1525,845,68,2025-04-09,4,Cash,19001.8
1526,720,94,2024-02-03,3,Debit Card,13815.0
1527,201,34,2025-05-09,4,Cash,5087.52
1528,447,91,2024-11-21,3,Debit Card,7981.32
1529,844,95,2024-08-25,2,Credit Card,1925.74
1530,428,56,2025-11-21,1,Cash,2740.18
1531,38,32,2025-09-07,2,Debit Card,5905.64
1532,211,9,2025-06-24,4,UPI,7099.36
1533,444,63,2025-04-10,1,Credit Card,318.36
1534,327,72,2024-10-30,1,Debit Card,3828.19
1535,761,78,2024-04-26,3,UPI,7375.59
1536,227,33,2024-07-25,1,UPI,4952.02
1537,48,87,2025-11-27,3,Debit Card,9657.119999999999
1538,18,21,2025-04-25,1,Cash,3070.12
1539,912,55,2025-10-11,1,UPI,3652.41
1540,439,76,2025-02-06,3,Credit Card,8544.84
1541,807,57,2025-11-06,1,UPI,397.08
1542,708,2,2025-08-09,2,Cash,5838.48
1543,187,13,2024-08-20,1,Credit Card,2896.18
1544,345,4,2024-10-10,4,Credit Card,7898.56
1545,224,84,2025-04-24,3,Credit Card,6060.33
1546,830,50,2024-01-09,3,Debit Card,2709.06
1547,488,48,2025-12-15,2,UPI,5367.2
1548,909,78,2025-01-13,4,Cash,9834.12
1549,877,30,2025-08-25,1,Debit Card,392.61
1550,849,29,2025-01-15,2,Debit Card,4839.32
1551,229,8,2025-10-23,1,Credit Card,1727.29
1552,390,12,2024-12-25,2,Debit Card,6490.22
1553,979,41,2024-06-24,3,UPI,10966.710000000001
1554,589,26,2025-04-29,4,Debit Card,14318.64
1555,188,50,2025-02-08,3,Debit Card,2709.06
1556,858,2,2024-02-02,2,Credit Card,5838.48
1557,270,55,2025-04-09,1,Credit Card,3652.41
1558,607,56,2025-11-26,4,Debit Card,10960.72
1559,310,14,2024-06-05,1,Credit Card,2883.65
1560,132,6,2025-07-18,3,Cash,2971.56
1561,551,95,2024-07-20,1,Cash,962.87
1562,72,81,2024-06-23,2,Cash,1542.6
1563,793,89,2024-08-31,4,Debit Card,8370.8
1564,845,61,2024-09-25,4,UPI,10147.32
1565,672,96,2025-03-21,4,UPI,4593.56
1566,187,12,2024-03-14,2,Credit Card,6490.22
1567,486,13,2024-04-05,1,UPI,2896.18
1568,191,19,2024-06-21,4,UPI,11120.48
1569,422,44,2025-02-09,3,Debit Card,12753.75
1570,120,89,2024-06-03,3,Credit Card,6278.099999999999
1571,220,95,2024-07-01,3,UPI,2888.61
1572,53,59,2024-11-18,3,Cash,10444.41
1573,734,37,2024-10-15,3,Credit Card,9775.5
1574,451,25,2024-09-14,2,Credit Card,9014.66
1575,412,16,2025-08-09,1,Credit Card,2787.07
1576,643,38,2024-06-22,2,Cash,5700.68
1577,237,43,2024-11-25,3,UPI,13472.310000000001
1578,758,87,2024-08-18,3,Cash,9657.119999999999
1579,738,14,2024-06-09,4,Credit Card,11534.6
1580,720,6,2024-07-04,4,Credit Card,3962.08
1581,406,89,2024-05-22,1,Debit Card,2092.7
1582,608,23,2024-10-08,1,Debit Card,1114.77
1583,422,60,2025-10-01,1,Debit Card,4659.97
1584,712,12,2025-11-08,2,Debit Card,6490.22
1585,247,13,2024-01-27,4,Credit Card,11584.72
1586,72,100,2024-09-02,1,Cash,3687.4
1587,830,98,2025-05-01,4,Debit Card,678.12
1588,185,6,2025-10-08,4,Cash,3962.08
1589,6,63,2024-07-20,4,Debit Card,1273.44
1590,206,38,2024-01-21,4,UPI,11401.36
1591,544,50,2025-08-13,4,Debit Card,3612.08
1592,611,52,2025-10-31,4,Cash,16273.24
1593,906,40,2024-04-03,2,Debit Card,2208.82
1594,387,8,2024-01-08,3,UPI,5181.87
1595,768,61,2025-04-16,4,Cash,10147.32
1596,699,8,2024-12-04,2,Cash,3454.58
1597,76,97,2024-09-15,1,Cash,163.84
1598,177,34,2024-02-24,2,Credit Card,2543.76
1599,827,79,2025-07-01,2,Cash,8997.22
1600,799,100,2024-01-06,2,Credit Card,7374.8
1601,349,60,2025-01-11,4,UPI,18639.88
1602,255,57,2025-07-07,1,Cash,397.08
1603,837,99,2024-02-19,2,Cash,8328.04
1604,702,46,2024-04-21,1,Cash,1453.56
1605,308,22,2024-05-25,2,UPI,3053.22
1606,345,87,2024-08-17,4,Credit Card,12876.16
1607,127,40,2025-12-23,2,Debit Card,2208.82
1608,937,45,2025-05-11,2,UPI,3288.44
1609,287,55,2024-11-01,1,UPI,3652.41
1610,766,51,2025-06-25,1,UPI,3249.81
1611,725,86,2025-04-05,1,Credit Card,633.58
1612,762,5,2025-09-19,3,Credit Card,5705.67
1613,596,95,2024-08-13,1,Credit Card,962.87
1614,487,13,2024-02-28,2,Credit Card,5792.36
1615,383,28,2024-03-16,3,Credit Card,9168.39
1616,406,84,2025-03-03,1,Cash,2020.11
1617,388,97,2025-12-28,4,Debit Card,655.36
1618,525,80,2024-05-11,1,Debit Card,3404.31
1619,557,62,2025-05-12,4,Credit Card,4912.92
1620,639,93,2025-08-15,3,Credit Card,7046.76
1621,938,87,2024-10-31,4,Cash,12876.16
1622,626,24,2024-03-07,3,Credit Card,2539.23
1623,945,98,2024-08-17,4,Cash,678.12
1624,276,7,2024-11-28,1,Cash,2233.99
1625,500,38,2024-10-03,3,UPI,8551.02
1626,717,37,2025-08-06,2,UPI,6517.0
1627,337,68,2025-12-21,2,Credit Card,9500.9
1628,950,98,2024-05-23,2,Cash,339.06
1629,932,42,2024-09-07,1,Credit Card,3136.7
1630,481,86,2025-11-21,2,UPI,1267.16
1631,897,5,2024-03-20,3,UPI,5705.67
1632,911,64,2024-02-26,2,UPI,4273.3
1633,973,50,2024-12-31,3,UPI,2709.06
1634,273,87,2024-11-03,2,UPI,6438.08
1635,920,15,2024-06-22,4,Credit Card,13394.96
1636,58,95,2025-04-06,3,Credit Card,2888.61
1637,328,73,2025-11-08,2,UPI,5559.22
1638,731,53,2025-08-18,2,Credit Card,9484.48
1639,109,25,2025-05-07,2,UPI,9014.66
1640,279,89,2025-07-13,3,UPI,6278.099999999999
1641,686,85,2025-09-30,3,UPI,9988.98
1642,328,9,2025-11-11,2,Credit Card,3549.68
1643,776,38,2025-01-08,4,Credit Card,11401.36
1644,315,22,2024-12-14,3,Cash,4579.83
1645,474,87,2024-03-07,3,Credit Card,9657.119999999999
1646,111,49,2024-11-25,4,Credit Card,18165.84
1647,699,68,2024-07-12,1,Debit Card,4750.45
1648,781,93,2024-06-03,4,UPI,9395.68
1649,935,15,2024-06-08,2,UPI,6697.48
1650,229,65,2025-11-26,3,Credit Card,4738.17
1651,497,54,2024-09-22,3,Credit Card,5258.91
1652,156,30,2024-06-16,3,Cash,1177.83
1653,473,93,2024-05-24,3,Debit Card,7046.76
1654,701,20,2024-07-04,1,UPI,4165.84
1655,272,33,2025-02-26,3,UPI,14856.060000000001
1656,887,100,2025-04-01,3,Credit Card,11062.2
1657,2,86,2024-12-10,1,Credit Card,633.58
1658,758,77,2025-07-07,2,Debit Card,8666.82
1659,722,7,2025-05-30,2,UPI,4467.98
1660,511,8,2025-12-05,1,Debit Card,1727.29
1661,913,28,2024-04-13,2,UPI,6112.26
1662,286,45,2024-09-03,2,Credit Card,3288.44
1663,871,73,2024-01-23,4,Debit Card,11118.44
1664,13,89,2025-06-08,4,Cash,8370.8
1665,608,80,2024-05-23,4,Credit Card,13617.24
1666,498,74,2025-12-30,1,Cash,983.51
1667,733,11,2025-11-25,3,Cash,3581.9700000000003
1668,238,31,2024-07-11,1,Cash,3391.05
1669,94,12,2025-04-09,1,UPI,3245.11
1670,338,95,2025-01-09,1,Cash,962.87
1671,781,78,2025-11-07,1,UPI,2458.53
1672,171,51,2025-11-22,4,Debit Card,12999.24
1673,981,44,2025-09-20,1,Credit Card,4251.25
1674,606,96,2024-09-22,4,UPI,4593.56
1675,661,50,2025-01-12,3,UPI,2709.06
1676,624,17,2025-07-03,2,Debit Card,8816.7
1677,567,35,2025-07-09,4,Debit Card,10802.44
1678,849,1,2024-03-14,1,Credit Card,4299.93
1679,936,29,2025-03-13,3,Debit Card,7258.98
1680,467,51,2024-08-13,1,UPI,3249.81
1681,628,64,2024-11-03,3,Credit Card,6409.950000000001
1682,143,4,2024-12-13,2,Credit Card,3949.28
1683,201,87,2025-04-20,3,Credit Card,9657.119999999999
1684,180,28,2024-11-10,3,Cash,9168.39
1685,714,16,2025-06-08,2,Cash,5574.14
1686,364,63,2025-02-28,2,UPI,636.72
1687,479,76,2025-06-07,3,Cash,8544.84
1688,565,53,2025-07-15,1,Debit Card,4742.24
1689,471,85,2024-09-05,4,Credit Card,13318.64
1690,384,17,2025-09-22,1,UPI,4408.35
1691,692,40,2025-07-22,4,Debit Card,4417.64
1692,926,13,2024-06-30,2,Credit Card,5792.36
1693,417,52,2024-04-15,1,Debit Card,4068.31
1694,825,58,2024-07-09,2,Cash,6962.0
1695,308,96,2024-05-16,3,Debit Card,3445.17
1696,649,37,2025-11-30,3,Cash,9775.5
1697,694,79,2024-04-29,1,Debit Card,4498.61
1698,367,76,2024-03-12,2,UPI,5696.56
1699,1,61,2024-05-10,1,Cash,2536.83
1700,44,79,2025-04-01,1,Cash,4498.61
1701,739,34,2025-04-23,4,Credit Card,5087.52
1702,843,70,2024-02-21,3,Cash,9427.349999999999
1703,98,17,2025-07-27,1,Credit Card,4408.35
1704,720,20,2024-04-28,3,Cash,12497.52
1705,265,73,2024-09-20,4,Cash,11118.44
1706,800,59,2024-08-26,2,Cash,6962.94
1707,783,69,2024-12-16,1,Cash,4815.32
1708,140,87,2024-09-11,3,Credit Card,9657.119999999999
1709,481,33,2025-11-15,1,UPI,4952.02
1710,237,78,2024-11-04,2,Debit Card,4917.06
1711,974,17,2025-08-29,1,Cash,4408.35
1712,953,57,2025-05-09,1,Cash,397.08
1713,904,83,2024-02-26,3,UPI,8050.32
1714,72,97,2025-02-06,2,Credit Card,327.68
1715,667,1,2024-03-07,4,Debit Card,17199.72
1716,190,13,2024-02-15,2,UPI,5792.36
1717,268,27,2025-08-28,2,UPI,9386.3
1718,321,70,2025-10-11,4,UPI,12569.8
1719,107,59,2025-01-03,1,UPI,3481.47
1720,232,6,2025-08-27,3,Cash,2971.56
1721,42,97,2024-08-19,1,Debit Card,163.84
1722,702,94,2025-02-05,1,Cash,4605.0
1723,883,99,2025-07-14,4,UPI,16656.08
1724,139,23,2024-01-23,4,Debit Card,4459.08
1725,615,10,2025-07-27,1,UPI,3721.23
1726,683,51,2024-09-23,2,Credit Card,6499.62
1727,863,19,2024-04-27,3,UPI,8340.36
1728,273,51,2025-08-22,2,UPI,6499.62
1729,481,92,2025-08-23,1,Credit Card,1173.68
1730,416,87,2024-02-24,1,Cash,3219.04
1731,506,68,2024-06-01,3,Debit Card,14251.349999999999
1732,733,84,2024-08-26,2,UPI,4040.22
1733,725,83,2024-09-21,1,UPI,2683.44
1734,853,42,2024-09-24,1,Credit Card,3136.7
1735,424,91,2024-04-22,4,Debit Card,10641.76
1736,407,57,2024-06-14,3,Credit Card,1191.24
1737,568,98,2025-10-29,4,UPI,678.12
1738,390,68,2024-01-08,4,Cash,19001.8
1739,342,38,2025-12-14,4,Cash,11401.36
1740,946,62,2024-08-04,1,Debit Card,1228.23
1741,614,7,2025-03-06,2,UPI,4467.98
1742,933,71,2024-10-18,4,Credit Card,18601.76
1743,493,50,2024-02-19,2,UPI,1806.04
1744,192,52,2024-04-16,1,Credit Card,4068.31
1745,499,26,2024-01-09,4,Credit Card,14318.64
1746,822,26,2025-11-30,1,Debit Card,3579.66
1747,712,19,2025-03-31,4,Credit Card,11120.48
1748,233,9,2024-11-18,4,Debit Card,7099.36
1749,945,61,2024-11-04,1,Cash,2536.83
1750,227,20,2025-09-13,3,Debit Card,12497.52
1751,371,50,2024-05-24,3,Debit Card,2709.06
1752,139,80,2025-02-15,2,Debit Card,6808.62
1753,856,81,2024-04-23,2,Cash,1542.6
1754,817,22,2025-07-28,1,Debit Card,1526.61
1755,149,13,2025-02-02,1,Credit Card,2896.18
1756,115,12,2024-10-01,1,Credit Card,3245.11
1757,450,10,2024-05-03,3,Debit Card,11163.69
1758,63,65,2024-03-26,3,Credit Card,4738.17
1759,104,96,2025-08-04,4,Debit Card,4593.56
1760,851,30,2024-02-16,4,Cash,1570.44
1761,871,8,2025-12-11,1,Credit Card,1727.29
1762,668,21,2024-07-19,1,Debit Card,3070.12
1763,273,22,2024-10-02,2,UPI,3053.22
1764,6,18,2025-07-02,3,Cash,10231.02
1765,147,66,2025-12-15,1,UPI,3829.33
1766,184,48,2024-05-09,3,Debit Card,8050.799999999999
1767,998,44,2025-03-23,1,Credit Card,4251.25
1768,28,9,2025-01-23,4,Debit Card,7099.36
1769,962,67,2025-07-29,1,Credit Card,1835.91
1770,550,54,2024-09-19,4,Debit Card,7011.88
1771,119,26,2025-09-23,2,Debit Card,7159.32
1772,293,85,2024-10-04,2,Credit Card,6659.32
1773,371,94,2025-12-14,2,Credit Card,9210.0
1774,244,92,2024-02-15,1,Debit Card,1173.68
1775,580,100,2024-06-16,2,UPI,7374.8
1776,726,26,2025-03-20,1,Cash,3579.66
1777,218,34,2025-09-13,3,UPI,3815.6400000000003
1778,177,8,2024-02-15,4,UPI,6909.16
1779,299,10,2025-12-24,3,UPI,11163.69
1780,676,48,2025-06-23,1,UPI,2683.6
1781,58,55,2024-03-27,2,Credit Card,7304.82
1782,269,54,2025-01-19,4,UPI,7011.88
1783,308,78,2025-10-30,2,Cash,4917.06
1784,570,40,2024-09-21,3,Credit Card,3313.2300000000005
1785,288,15,2024-01-22,1,UPI,3348.74
1786,977,81,2025-12-03,4,Credit Card,3085.2
1787,105,18,2025-03-25,4,UPI,13641.36
1788,228,96,2024-08-19,1,UPI,1148.39
1789,247,23,2024-07-04,1,Cash,1114.77
1790,700,62,2024-11-21,4,Credit Card,4912.92
1791,494,46,2024-07-01,3,Credit Card,4360.68
1792,83,87,2025-01-31,3,Debit Card,9657.119999999999
1793,186,99,2025-04-25,2,UPI,8328.04
1794,252,39,2025-02-06,4,UPI,15627.8
1795,355,15,2025-04-07,1,Cash,3348.74
1796,750,53,2025-02-20,1,Cash,4742.24
1797,872,88,2024-07-20,1,Credit Card,2541.36
1798,696,64,2024-03-05,1,Cash,2136.65
1799,796,63,2025-07-08,4,Credit Card,1273.44
1800,897,92,2024-01-17,3,UPI,3521.04
1801,938,80,2024-07-01,2,UPI,6808.62
1802,210,16,2025-01-25,3,Credit Card,8361.210000000001
1803,816,70,2024-02-13,2,Cash,6284.9
1804,808,66,2025-11-30,1,Cash,3829.33
1805,609,13,2025-04-26,1,Credit Card,2896.18
1806,447,47,2024-09-19,4,UPI,19640.4
1807,460,9,2024-06-22,1,Credit Card,1774.84
1808,968,63,2025-03-16,4,Cash,1273.44
1809,472,34,2025-07-19,4,Credit Card,5087.52
1810,720,81,2024-08-07,4,UPI,3085.2
1811,370,91,2025-07-11,1,Debit Card,2660.44
1812,900,29,2025-01-28,1,Credit Card,2419.66
1813,934,37,2024-07-13,3,Debit Card,9775.5
1814,492,43,2025-02-12,2,Credit Card,8981.54
1815,923,86,2025-04-15,3,Cash,1900.7400000000002
1816,137,64,2024-12-12,1,Cash,2136.65
1817,367,24,2025-04-06,2,Debit Card,1692.82
1818,912,71,2024-03-01,4,Credit Card,18601.76
1819,184,34,2024-06-14,2,Cash,2543.76
1820,588,48,2025-11-02,4,Debit Card,10734.4
1821,287,12,2024-05-30,1,Debit Card,3245.11
1822,472,23,2024-04-20,2,Credit Card,2229.54
1823,375,79,2025-05-02,4,Cash,17994.44
1824,654,97,2025-07-02,3,Debit Card,491.52
1825,749,13,2024-01-03,3,UPI,8688.539999999999
1826,537,87,2025-04-27,4,UPI,12876.16
1827,511,96,2024-01-13,3,Cash,3445.17
1828,802,45,2024-06-10,3,Cash,4932.66
1829,579,99,2024-12-09,2,UPI,8328.04
1830,250,65,2025-03-24,3,Debit Card,4738.17
1831,920,47,2024-11-27,2,Credit Card,9820.2
1832,510,58,2024-09-20,1,Debit Card,3481.0
1833,630,5,2024-03-23,3,Cash,5705.67
1834,73,77,2024-11-29,1,Cash,4333.41
1835,282,5,2025-01-14,3,Credit Card,5705.67
1836,916,60,2024-08-06,4,Debit Card,18639.88
1837,960,96,2025-10-19,4,Credit Card,4593.56
1838,360,21,2025-03-29,1,Debit Card,3070.12
1839,10,24,2025-11-03,1,Debit Card,846.41
1840,211,18,2024-03-29,1,UPI,3410.34
1841,835,21,2024-11-28,4,Debit Card,12280.48
1842,152,54,2024-11-05,1,Cash,1752.97
1843,5,10,2025-12-27,4,Cash,14884.92
1844,195,24,2025-02-23,1,Cash,846.41
1845,954,85,2025-08-31,2,UPI,6659.32
1846,283,89,2025-12-25,2,Credit Card,4185.4
1847,464,60,2024-12-19,3,Cash,13979.91
1848,113,57,2024-04-09,2,Cash,794.16
1849,271,23,2024-05-24,1,Credit Card,1114.77
1850,163,22,2024-01-10,2,UPI,3053.22
1851,460,68,2024-02-13,2,Debit Card,9500.9
1852,105,34,2025-01-20,1,Credit Card,1271.88
1853,693,70,2025-05-09,2,Debit Card,6284.9
1854,556,28,2025-05-07,1,Debit Card,3056.13
1855,282,95,2024-06-17,2,Debit Card,1925.74
1856,687,99,2025-10-03,1,Credit Card,4164.02
1857,162,39,2025-06-14,4,Credit Card,15627.8
1858,983,42,2024-12-01,4,Debit Card,12546.8
1859,351,23,2025-05-27,3,UPI,3344.31
1860,434,70,2024-05-09,2,UPI,6284.9
1861,852,80,2025-06-22,3,UPI,10212.93
1862,140,2,2025-05-28,1,Cash,2919.24
1863,471,24,2024-09-06,4,Debit Card,3385.64
1864,132,17,2024-05-17,1,Cash,4408.35
1865,87,65,2024-10-01,3,UPI,4738.17
1866,688,70,2025-04-08,1,Credit Card,3142.45
1867,183,69,2024-05-20,1,UPI,4815.32
1868,368,60,2024-09-12,1,Cash,4659.97
1869,129,50,2025-03-31,1,Cash,903.02
1870,246,93,2025-03-09,4,UPI,9395.68
1871,601,12,2025-08-29,1,Debit Card,3245.11
1872,578,47,2024-06-21,1,Credit Card,4910.1
1873,670,67,2025-04-17,4,Credit Card,7343.64
1874,899,65,2025-02-26,1,UPI,1579.39
1875,378,27,2025-03-14,1,Debit Card,4693.15
1876,149,48,2024-02-26,3,Debit Card,8050.799999999999
1877,985,88,2025-05-12,4,UPI,10165.44
1878,852,62,2025-09-05,2,Credit Card,2456.46
1879,433,44,2024-06-17,1,Credit Card,4251.25
1880,628,19,2025-08-04,3,Credit Card,8340.36
1881,726,59,2025-07-14,4,Debit Card,13925.88
1882,469,8,2025-03-03,1,UPI,1727.29
1883,446,55,2025-02-22,2,Debit Card,7304.82
1884,481,47,2024-12-12,1,Credit Card,4910.1
1885,884,2,2025-05-31,3,Debit Card,8757.72
1886,294,94,2025-03-30,4,Credit Card,18420.0
1887,765,94,2025-12-14,3,UPI,13815.0
1888,143,39,2024-07-20,4,Credit Card,15627.8
1889,250,45,2024-06-27,2,Cash,3288.44
1890,878,32,2024-02-26,1,Cash,2952.82
1891,948,65,2025-11-28,3,UPI,4738.17
1892,975,38,2025-08-26,2,Debit Card,5700.68
1893,302,77,2025-05-15,2,Debit Card,8666.82
1894,25,11,2024-04-21,1,Debit Card,1193.99
1895,789,10,2024-05-27,3,Credit Card,11163.69
1896,984,59,2025-12-15,1,Cash,3481.47
1897,889,90,2025-01-12,1,UPI,4769.8
1898,890,55,2024-12-13,4,Debit Card,14609.64
1899,901,20,2024-12-23,4,Debit Card,16663.36
1900,70,81,2024-02-25,1,UPI,771.3
1901,625,17,2024-11-11,4,Credit Card,17633.4
1902,875,68,2024-07-03,3,Debit Card,14251.349999999999
1903,112,5,2024-02-23,4,Credit Card,7607.56
1904,364,60,2024-02-06,2,Credit Card,9319.94
1905,303,23,2025-12-23,1,Credit Card,1114.77
1906,471,46,2024-09-26,1,Debit Card,1453.56
1907,964,52,2025-05-22,3,Debit Card,12204.93
1908,91,10,2024-08-15,1,UPI,3721.23
1909,530,46,2025-03-03,4,UPI,5814.24
1910,661,28,2025-12-23,2,Credit Card,6112.26
1911,988,97,2024-01-01,1,Debit Card,163.84
1912,739,43,2024-01-23,4,Credit Card,17963.08
1913,726,26,2025-05-17,2,UPI,7159.32
1914,872,55,2025-03-23,1,Credit Card,3652.41
1915,663,48,2025-05-10,1,Cash,2683.6
1916,192,29,2025-02-28,1,Credit Card,2419.66
1917,963,27,2025-11-30,2,Debit Card,9386.3
1918,552,18,2024-01-18,1,Credit Card,3410.34
1919,242,60,2025-03-20,1,Credit Card,4659.97
1920,138,74,2025-07-14,4,Debit Card,3934.04
1921,345,69,2025-07-12,4,Cash,19261.28
1922,180,74,2025-09-18,4,Debit Card,3934.04
1923,712,21,2024-02-08,4,UPI,12280.48
1924,503,24,2025-12-29,1,Cash,846.41
1925,203,3,2024-07-28,2,Cash,948.58
1926,573,95,2024-07-29,1,Debit Card,962.87
1927,192,62,2025-07-18,3,Credit Card,3684.69
1928,5,2,2024-10-07,2,UPI,5838.48
1929,890,66,2024-05-12,3,UPI,11487.99
1930,237,42,2025-03-24,1,Cash,3136.7
1931,693,34,2024-09-20,2,UPI,2543.76
1932,311,42,2024-04-20,2,Cash,6273.4
1933,549,20,2025-07-08,4,Cash,16663.36
1934,56,97,2024-08-25,1,UPI,163.84
1935,443,68,2025-04-01,3,Cash,14251.349999999999
1936,237,45,2025-05-30,2,Credit Card,3288.44
1937,870,75,2024-06-21,2,Cash,4694.26
1938,861,42,2024-07-11,4,Credit Card,12546.8
1939,197,47,2025-05-29,2,Credit Card,9820.2
1940,585,5,2025-07-21,4,Credit Card,7607.56
1941,571,89,2025-02-12,2,UPI,4185.4
1942,752,49,2025-11-18,2,Credit Card,9082.92
1943,514,37,2025-09-19,1,UPI,3258.5
1944,449,34,2024-03-24,2,Debit Card,2543.76
1945,360,73,2025-11-01,4,Credit Card,11118.44
1946,700,70,2024-03-20,4,Cash,12569.8
1947,819,18,2025-07-31,4,Debit Card,13641.36
1948,30,78,2024-07-27,3,Debit Card,7375.59
1949,779,19,2025-06-05,2,Credit Card,5560.24
1950,988,78,2024-07-17,1,UPI,2458.53
1951,108,40,2025-07-24,1,Debit Card,1104.41
1952,844,17,2024-08-21,3,Credit Card,13225.050000000001
1953,935,60,2024-08-31,2,Debit Card,9319.94
1954,602,99,2025-01-27,4,Debit Card,16656.08
1955,717,93,2025-07-19,3,Credit Card,7046.76
1956,891,42,2025-03-21,3,Cash,9410.099999999999
1957,968,81,2025-01-27,4,Cash,3085.2
1958,959,72,2024-01-09,3,Cash,11484.57
1959,960,65,2025-09-04,3,Debit Card,4738.17
1960,445,53,2025-12-15,4,UPI,18968.96
1961,893,100,2024-06-01,2,UPI,7374.8
1962,438,7,2024-04-19,1,Debit Card,2233.99
1963,732,5,2024-09-22,1,Debit Card,1901.89
1964,890,24,2025-01-07,4,Credit Card,3385.64
1965,606,28,2024-05-31,4,UPI,12224.52
1966,457,62,2025-08-17,2,Debit Card,2456.46
1967,615,17,2025-02-18,3,Cash,13225.050000000001
1968,735,20,2025-10-07,2,UPI,8331.68
1969,698,3,2024-11-21,3,Debit Card,1422.8700000000001
1970,981,37,2025-11-02,3,Credit Card,9775.5
1971,696,90,2025-07-04,2,Credit Card,9539.6
1972,495,15,2024-06-24,4,UPI,13394.96
1973,674,51,2025-06-08,4,Cash,12999.24
1974,247,48,2024-11-10,2,UPI,5367.2
1975,543,8,2024-03-07,3,Debit Card,5181.87
1976,564,13,2025-07-06,3,Cash,8688.539999999999
1977,857,48,2024-07-02,3,Debit Card,8050.799999999999
1978,588,3,2024-02-04,3,Cash,1422.8700000000001
1979,897,65,2025-05-19,2,Cash,3158.78
1980,439,73,2024-03-16,1,Debit Card,2779.61
1981,278,31,2025-04-16,4,UPI,13564.2
1982,552,26,2025-08-04,4,Credit Card,14318.64
1983,613,81,2025-06-06,1,Cash,771.3
1984,111,56,2024-10-09,3,Cash,8220.539999999999
1985,385,34,2025-06-19,1,Credit Card,1271.88
1986,833,9,2024-09-30,1,UPI,1774.84
1987,761,62,2025-06-22,1,Credit Card,1228.23
1988,191,13,2024-02-23,4,UPI,11584.72
1989,490,69,2024-02-24,4,Cash,19261.28
1990,694,41,2024-10-03,1,Cash,3655.57
1991,426,77,2025-03-18,1,Debit Card,4333.41
1992,405,1,2025-02-21,1,UPI,4299.93
1993,335,89,2025-09-23,3,Credit Card,6278.099999999999
1994,209,47,2024-08-12,3,UPI,14730.300000000001
1995,22,4,2025-07-23,3,UPI,5923.92
1996,678,100,2024-09-11,4,UPI,14749.6
1997,611,63,2024-06-24,2,UPI,636.72
1998,208,52,2025-07-19,1,Credit Card,4068.31
1999,8,10,2024-05-25,1,Debit Card,3721.23
2000,702,28,2025-10-25,2,Cash,6112.26
2001,687,6,2025-01-19,1,Credit Card,990.52
2002,785,27,2024-09-18,3,Credit Card,14079.449999999999
2003,529,12,2025-06-14,3,Cash,9735.33
2004,602,62,2025-01-05,2,Debit Card,2456.46
2005,653,52,2025-11-13,3,Credit Card,12204.93
2006,657,48,2024-07-15,2,Cash,5367.2
2007,166,67,2025-08-07,3,Debit Card,5507.7300000000005
2008,849,46,2025-08-19,1,Debit Card,1453.56
2009,496,97,2024-10-10,4,UPI,655.36
2010,590,74,2024-10-28,3,Credit Card,2950.5299999999997
2011,429,95,2024-05-11,2,Debit Card,1925.74
2012,774,15,2024-04-29,4,Credit Card,13394.96
2013,163,71,2025-12-28,1,Cash,4650.44
2014,366,36,2024-05-15,4,Credit Card,13158.76
2015,526,14,2025-09-19,2,Debit Card,5767.3
2016,239,78,2025-07-26,1,Cash,2458.53
2017,72,3,2025-06-12,1,Cash,474.29
2018,445,67,2024-02-03,3,UPI,5507.7300000000005
2019,655,86,2025-06-15,4,Cash,2534.32
2020,822,19,2024-07-26,3,Debit Card,8340.36
2021,509,99,2025-11-04,1,UPI,4164.02
2022,795,76,2024-10-25,3,Debit Card,8544.84
2023,269,54,2025-06-05,3,Debit Card,5258.91
2024,753,69,2024-04-03,2,UPI,9630.64
2025,415,10,2025-02-17,3,UPI,11163.69
2026,245,33,2025-01-05,1,Credit Card,4952.02
2027,675,13,2025-02-12,3,Debit Card,8688.539999999999
2028,60,99,2025-01-17,1,Credit Card,4164.02
2029,6,51,2025-03-16,1,Cash,3249.81
2030,709,32,2025-03-22,2,Cash,5905.64
2031,982,75,2025-09-10,1,Credit Card,2347.13
2032,570,24,2025-09-08,1,UPI,846.41
2033,817,35,2024-03-11,2,Cash,5401.22
2034,407,83,2024-03-24,1,UPI,2683.44
2035,217,70,2024-07-27,2,Credit Card,6284.9
2036,930,40,2024-09-15,4,UPI,4417.64
2037,26,54,2024-08-26,4,Debit Card,7011.88
2038,815,44,2024-10-28,4,Cash,17005.0
2039,5,62,2024-08-19,1,UPI,1228.23
2040,986,99,2024-10-08,3,UPI,12492.060000000001
2041,532,68,2025-01-28,2,Debit Card,9500.9
2042,390,33,2025-02-21,4,UPI,19808.08
2043,710,77,2024-07-24,2,Credit Card,8666.82
2044,571,56,2024-09-20,4,Credit Card,10960.72
2045,448,36,2024-11-06,4,Credit Card,13158.76
2046,754,54,2025-11-27,1,Cash,1752.97
2047,146,19,2025-09-17,2,UPI,5560.24
2048,388,43,2024-03-19,1,Cash,4490.77
2049,785,12,2024-12-07,2,Cash,6490.22
2050,249,11,2025-07-15,2,UPI,2387.98
2051,526,70,2024-04-04,3,UPI,9427.349999999999
2052,462,12,2024-12-16,4,Credit Card,12980.44
2053,13,91,2024-03-02,1,Cash,2660.44
2054,903,41,2024-05-21,3,Cash,10966.710000000001
2055,384,25,2024-04-20,2,UPI,9014.66
2056,556,3,2025-09-07,4,Cash,1897.16
2057,887,3,2025-06-10,1,Debit Card,474.29
2058,399,84,2025-11-01,3,UPI,6060.33
2059,19,28,2024-06-05,2,Credit Card,6112.26
2060,575,23,2025-06-22,3,Debit Card,3344.31
2061,491,48,2025-08-19,2,Debit Card,5367.2
2062,751,67,2024-01-09,2,Credit Card,3671.82
2063,419,42,2024-10-02,4,Debit Card,12546.8
2064,337,88,2024-08-14,1,Debit Card,2541.36
2065,419,40,2024-07-04,4,Debit Card,4417.64
2066,915,6,2025-08-13,1,Cash,990.52
2067,916,20,2024-08-03,1,Debit Card,4165.84
2068,612,11,2025-03-08,2,Debit Card,2387.98
2069,675,96,2025-07-22,3,UPI,3445.17
2070,928,27,2025-10-17,1,Credit Card,4693.15
2071,122,21,2024-12-21,1,Cash,3070.12
2072,432,13,2025-01-26,1,Cash,2896.18
2073,44,86,2025-08-01,1,Credit Card,633.58
2074,872,35,2024-10-01,2,Cash,5401.22
2075,920,47,2025-05-08,4,Cash,19640.4
2076,317,86,2025-09-08,3,Cash,1900.7400000000002
2077,381,28,2025-03-26,2,UPI,6112.26
2078,145,21,2025-02-23,2,UPI,6140.24
2079,327,18,2025-11-30,2,Cash,6820.68
2080,363,31,2024-06-12,1,Credit Card,3391.05
2081,50,60,2025-07-16,3,Credit Card,13979.91
2082,65,37,2025-09-29,2,UPI,6517.0
2083,355,21,2025-08-14,2,UPI,6140.24
2084,800,14,2024-07-01,2,Debit Card,5767.3
2085,164,89,2024-11-05,1,UPI,2092.7
2086,141,91,2024-01-17,1,Cash,2660.44
2087,966,60,2025-03-21,2,UPI,9319.94
2088,826,23,2024-06-18,1,Debit Card,1114.77
2089,128,95,2024-10-06,3,Debit Card,2888.61
2090,398,29,2024-12-05,1,Credit Card,2419.66
2091,933,47,2025-12-26,2,Credit Card,9820.2
2092,880,30,2025-12-10,3,Cash,1177.83
2093,463,90,2025-06-02,1,UPI,4769.8
2094,751,84,2024-01-11,2,Debit Card,4040.22
2095,836,38,2025-06-07,4,Debit Card,11401.36
2096,808,83,2025-09-13,4,Credit Card,10733.76
2097,187,27,2024-05-12,3,Credit Card,14079.449999999999
2098,720,89,2025-10-01,3,UPI,6278.099999999999
2099,732,87,2024-05-27,3,Debit Card,9657.119999999999
2100,912,93,2025-07-19,1,Credit Card,2348.92
2101,190,15,2024-03-19,3,UPI,10046.22
2102,388,59,2024-12-11,1,UPI,3481.47
2103,429,3,2025-08-31,2,UPI,948.58
2104,858,10,2024-09-05,1,Credit Card,3721.23
2105,284,79,2025-09-30,1,Credit Card,4498.61
2106,864,80,2025-06-25,2,Credit Card,6808.62
2107,237,17,2024-01-24,4,Cash,17633.4
2108,194,83,2025-04-15,1,Cash,2683.44
2109,287,11,2024-07-19,1,Cash,1193.99
2110,771,48,2024-05-10,2,Credit Card,5367.2
2111,758,5,2025-09-25,3,Credit Card,5705.67
2112,136,69,2024-12-21,2,Cash,9630.64
2113,792,64,2024-05-29,4,Debit Card,8546.6
2114,783,14,2025-06-09,3,Debit Card,8650.95
2115,171,50,2024-10-30,4,Debit Card,3612.08
2116,159,26,2025-06-24,1,Debit Card,3579.66
2117,201,72,2024-02-19,4,Cash,15312.76
2118,487,69,2025-04-08,4,UPI,19261.28
2119,557,7,2024-08-27,2,UPI,4467.98
2120,962,16,2025-04-26,3,Debit Card,8361.210000000001
2121,776,55,2025-03-30,1,Credit Card,3652.41
2122,583,78,2024-10-09,1,Debit Card,2458.53
2123,504,56,2024-11-30,1,Debit Card,2740.18
2124,876,4,2024-12-17,3,UPI,5923.92
2125,371,100,2025-10-29,3,Credit Card,11062.2
2126,103,48,2025-10-10,4,UPI,10734.4
2127,125,17,2024-11-22,4,Credit Card,17633.4
2128,313,36,2024-12-01,3,Cash,9869.07
2129,976,70,2025-10-27,1,UPI,3142.45
2130,995,80,2024-03-21,3,Cash,10212.93
2131,798,93,2024-03-27,2,Cash,4697.84
2132,458,100,2024-09-14,3,Debit Card,11062.2
2133,230,38,2024-07-03,3,Credit Card,8551.02
2134,658,62,2025-11-22,1,UPI,1228.23
2135,882,48,2025-11-28,4,Debit Card,10734.4
2136,197,10,2024-05-02,2,UPI,7442.46
2137,885,36,2024-04-05,2,Cash,6579.38
2138,733,29,2025-08-27,2,UPI,4839.32
2139,423,78,2025-05-29,3,UPI,7375.59
2140,572,4,2025-03-18,1,Debit Card,1974.64
2141,610,44,2025-05-28,3,Credit Card,12753.75
2142,171,56,2025-01-05,4,UPI,10960.72
2143,382,42,2024-10-31,1,Cash,3136.7
2144,173,100,2024-12-22,2,Cash,7374.8
2145,663,13,2024-05-27,3,Debit Card,8688.539999999999
2146,453,46,2024-10-11,1,Cash,1453.56
2147,350,82,2025-10-18,3,UPI,14926.23
2148,902,33,2024-09-18,1,Credit Card,4952.02
2149,952,21,2025-07-27,2,UPI,6140.24
2150,634,80,2025-05-05,4,Debit Card,13617.24
2151,494,79,2024-01-31,4,Cash,17994.44
2152,620,57,2025-12-02,3,UPI,1191.24
2153,4,69,2024-09-24,2,UPI,9630.64
2154,93,70,2024-01-12,3,Cash,9427.349999999999
2155,919,67,2024-07-09,3,Credit Card,5507.7300000000005
2156,6,48,2025-02-03,1,Credit Card,2683.6
2157,288,76,2025-06-20,1,Credit Card,2848.28
2158,618,100,2024-03-31,1,Cash,3687.4
2159,146,33,2025-08-22,2,UPI,9904.04
2160,783,36,2025-05-15,2,Debit Card,6579.38
2161,424,33,2024-10-27,3,UPI,14856.060000000001
2162,890,31,2024-04-20,1,Cash,3391.05
2163,608,21,2024-03-20,2,Cash,6140.24
2164,457,27,2025-10-13,3,UPI,14079.449999999999
2165,741,91,2025-03-08,2,Cash,5320.88
2166,202,72,2025-02-20,3,UPI,11484.57
2167,212,62,2024-08-01,4,UPI,4912.92
2168,6,96,2025-03-22,1,Credit Card,1148.39
2169,624,26,2024-01-18,4,Cash,14318.64
2170,376,66,2024-02-23,3,Cash,11487.99
2171,891,12,2025-08-31,3,Credit Card,9735.33
2172,447,22,2024-08-27,1,Credit Card,1526.61
2173,835,17,2025-02-21,1,Credit Card,4408.35
2174,106,7,2025-04-30,3,Debit Card,6701.969999999999
2175,651,68,2025-03-19,2,Cash,9500.9
2176,811,37,2025-07-19,1,UPI,3258.5
2177,401,38,2025-08-21,3,UPI,8551.02
2178,96,96,2024-05-02,1,UPI,1148.39
2179,388,11,2025-02-23,1,Cash,1193.99
2180,959,1,2025-07-19,4,Debit Card,17199.72
2181,452,25,2024-08-03,4,Cash,18029.32
2182,849,42,2025-02-23,2,Cash,6273.4
2183,809,52,2025-12-09,1,Cash,4068.31
2184,979,24,2025-07-04,3,Cash,2539.23
2185,901,53,2024-08-15,3,Cash,14226.72
2186,416,56,2024-08-24,1,Debit Card,2740.18
2187,726,63,2025-10-05,1,Credit Card,318.36
2188,504,81,2024-11-25,2,UPI,1542.6
2189,454,8,2025-04-13,2,Cash,3454.58
2190,291,59,2025-11-10,2,Cash,6962.94
2191,534,45,2025-05-01,3,Cash,4932.66
2192,193,27,2025-07-02,4,UPI,18772.6
2193,980,52,2025-08-01,2,Debit Card,8136.62
2194,150,18,2025-09-14,3,UPI,10231.02
2195,880,91,2025-02-18,2,Debit Card,5320.88
2196,759,86,2024-08-06,3,Credit Card,1900.7400000000002
2197,779,16,2025-12-21,1,Cash,2787.07
2198,973,66,2025-01-15,3,Debit Card,11487.99
2199,763,5,2024-03-27,1,UPI,1901.89
2200,515,82,2025-04-05,3,Debit Card,14926.23
2201,393,3,2025-02-14,4,Debit Card,1897.16
2202,316,91,2025-11-21,3,Credit Card,7981.32
2203,76,81,2025-06-08,1,Cash,771.3
2204,599,80,2025-03-22,4,Cash,13617.24
2205,270,70,2024-10-26,3,UPI,9427.349999999999
2206,225,7,2025-02-11,3,UPI,6701.969999999999
2207,530,50,2025-09-28,2,Credit Card,1806.04
2208,113,14,2025-01-09,4,Debit Card,11534.6
2209,251,38,2024-08-20,1,Debit Card,2850.34
2210,233,79,2025-09-29,4,UPI,17994.44
2211,841,47,2025-10-11,1,Cash,4910.1
2212,791,33,2024-02-18,2,Debit Card,9904.04
2213,714,43,2024-07-04,2,Credit Card,8981.54
2214,83,91,2024-07-23,1,UPI,2660.44
2215,125,29,2024-03-18,1,Debit Card,2419.66
2216,175,57,2025-04-25,1,Cash,397.08
2217,69,5,2025-01-20,2,Cash,3803.78
2218,47,93,2024-07-12,4,Credit Card,9395.68
2219,884,96,2024-04-12,2,Credit Card,2296.78
2220,256,60,2025-09-08,3,UPI,13979.91
2221,727,70,2025-01-10,2,UPI,6284.9
2222,30,2,2024-10-13,3,Cash,8757.72
2223,281,70,2025-04-26,3,Cash,9427.349999999999
2224,924,43,2025-12-23,2,Debit Card,8981.54
2225,994,4,2024-09-06,2,Debit Card,3949.28
2226,237,56,2024-07-19,2,Debit Card,5480.36
2227,248,93,2025-06-19,4,Credit Card,9395.68
2228,368,59,2025-04-05,2,Credit Card,6962.94
2229,495,89,2024-10-26,1,Debit Card,2092.7
2230,25,9,2025-04-22,2,Cash,3549.68
2231,586,3,2024-03-23,3,UPI,1422.8700000000001
2232,718,90,2025-04-02,4,Credit Card,19079.2
2233,490,48,2025-11-21,4,Credit Card,10734.4
2234,494,43,2024-10-24,3,Debit Card,13472.310000000001
2235,314,91,2024-12-29,4,UPI,10641.76
2236,606,100,2025-12-18,4,Credit Card,14749.6
2237,375,96,2024-02-09,1,UPI,1148.39
2238,639,1,2025-09-16,1,Credit Card,4299.93
2239,937,57,2024-12-05,4,UPI,1588.32
2240,25,53,2025-05-30,2,UPI,9484.48
2241,334,16,2024-04-17,4,Credit Card,11148.28
2242,355,51,2024-11-11,1,UPI,3249.81
2243,116,75,2024-04-23,4,Cash,9388.52
2244,48,90,2024-06-15,2,Credit Card,9539.6
2245,738,55,2024-09-17,2,Credit Card,7304.82
2246,778,1,2025-09-09,1,Cash,4299.93
2247,99,90,2024-08-11,4,UPI,19079.2
2248,459,28,2024-09-18,1,Cash,3056.13
2249,523,53,2024-09-07,3,Credit Card,14226.72
2250,597,58,2025-06-09,1,Cash,3481.0
2251,405,73,2025-12-10,1,UPI,2779.61
2252,214,60,2024-05-05,1,Cash,4659.97
2253,685,59,2024-07-24,4,Credit Card,13925.88
2254,903,22,2024-05-19,3,UPI,4579.83
2255,503,8,2024-03-02,4,Credit Card,6909.16
2256,721,49,2024-10-09,2,Credit Card,9082.92
2257,448,42,2024-02-23,3,Debit Card,9410.099999999999
2258,894,27,2024-12-11,1,Credit Card,4693.15
2259,576,39,2025-06-07,1,Credit Card,3906.95
2260,258,83,2024-05-15,1,UPI,2683.44
2261,844,25,2024-11-25,4,UPI,18029.32
2262,121,38,2024-05-23,2,UPI,5700.68
2263,810,85,2025-03-11,3,Cash,9988.98
2264,978,24,2024-10-08,3,Cash,2539.23
2265,54,24,2024-05-15,4,UPI,3385.64
2266,331,60,2025-05-03,2,Cash,9319.94
2267,784,83,2025-12-21,3,Debit Card,8050.32
2268,241,50,2025-02-04,4,Cash,3612.08
2269,755,66,2025-03-24,2,Debit Card,7658.66
2270,530,14,2025-09-26,2,UPI,5767.3
2271,483,53,2025-09-19,3,UPI,14226.72
2272,187,32,2025-10-30,3,Cash,8858.460000000001
2273,858,96,2024-09-26,2,UPI,2296.78
2274,656,92,2024-01-17,3,UPI,3521.04
2275,262,48,2024-09-25,4,Credit Card,10734.4
2276,953,39,2025-04-26,2,UPI,7813.9
2277,364,40,2024-08-06,3,Credit Card,3313.2300000000005
2278,491,42,2024-11-14,3,UPI,9410.099999999999
2279,431,77,2024-08-25,4,Debit Card,17333.64
2280,239,76,2025-06-28,3,Debit Card,8544.84
2281,304,8,2024-10-11,3,UPI,5181.87
2282,298,79,2024-02-06,3,Debit Card,13495.829999999998
2283,76,26,2024-04-12,1,Debit Card,3579.66
2284,700,12,2025-12-23,4,Debit Card,12980.44
2285,333,43,2025-03-05,4,Cash,17963.08
2286,900,51,2025-10-15,1,Debit Card,3249.81
2287,999,91,2024-08-26,4,Credit Card,10641.76
2288,758,82,2025-10-06,3,Cash,14926.23
2289,642,100,2024-05-04,3,Credit Card,11062.2
2290,474,63,2025-07-18,3,Credit Card,955.08
2291,827,49,2025-08-22,4,Credit Card,18165.84
2292,923,27,2025-09-01,4,Cash,18772.6
2293,283,9,2025-08-29,2,UPI,3549.68
2294,591,39,2024-07-06,1,Debit Card,3906.95
2295,72,65,2024-09-12,4,Debit Card,6317.56
2296,263,71,2025-08-07,2,UPI,9300.88
2297,703,90,2025-06-13,1,UPI,4769.8
2298,879,71,2025-11-06,1,Credit Card,4650.44
2299,887,7,2025-01-26,3,Cash,6701.969999999999
2300,942,72,2025-10-19,3,Credit Card,11484.57
2301,575,80,2025-04-12,2,Debit Card,6808.62
2302,1000,67,2024-09-09,2,UPI,3671.82
2303,892,10,2025-11-02,3,Debit Card,11163.69
2304,12,71,2025-07-14,3,UPI,13951.32
2305,141,85,2024-06-24,1,Cash,3329.66
2306,766,53,2025-04-10,1,Credit Card,4742.24
2307,555,95,2025-07-30,4,Debit Card,3851.48
2308,17,87,2024-10-15,3,Cash,9657.119999999999
2309,63,57,2024-02-19,1,Debit Card,397.08
2310,253,91,2024-01-04,2,UPI,5320.88
2311,465,86,2025-09-22,1,Debit Card,633.58
2312,376,27,2025-05-14,3,Cash,14079.449999999999
2313,804,54,2025-11-06,1,Cash,1752.97
2314,981,4,2024-08-10,3,Credit Card,5923.92
2315,520,88,2025-10-29,1,Debit Card,2541.36
2316,837,23,2024-09-18,4,UPI,4459.08
2317,90,48,2025-11-15,4,Debit Card,10734.4
2318,720,83,2025-06-18,2,Credit Card,5366.88
2319,804,42,2025-01-10,2,UPI,6273.4
2320,796,3,2024-03-01,3,UPI,1422.8700000000001
2321,630,91,2024-12-21,3,Credit Card,7981.32
2322,861,3,2025-10-07,3,UPI,1422.8700000000001
2323,175,28,2024-01-24,1,Cash,3056.13
2324,76,63,2024-10-19,1,Cash,318.36
2325,613,81,2025-07-10,1,UPI,771.3
2326,926,31,2025-11-21,2,Debit Card,6782.1
2327,663,10,2024-12-21,3,UPI,11163.69
2328,400,49,2025-07-28,1,Debit Card,4541.46
2329,782,86,2024-01-29,2,Credit Card,1267.16
2330,970,94,2024-12-22,4,Cash,18420.0
2331,71,21,2024-12-30,3,Cash,9210.36
2332,180,100,2025-08-30,4,Credit Card,14749.6
2333,124,53,2025-02-12,2,Credit Card,9484.48
2334,381,87,2024-09-22,3,Cash,9657.119999999999
2335,293,76,2024-10-17,1,Credit Card,2848.28
2336,797,89,2025-07-20,2,UPI,4185.4
2337,195,54,2024-06-01,4,UPI,7011.88
2338,911,57,2024-08-06,4,Debit Card,1588.32
2339,228,20,2024-06-21,4,Debit Card,16663.36
2340,431,49,2025-08-30,2,Debit Card,9082.92
2341,942,7,2025-09-26,2,UPI,4467.98
2342,436,29,2024-01-12,3,Cash,7258.98
2343,787,48,2025-05-30,3,Debit Card,8050.799999999999
2344,461,93,2024-12-27,4,UPI,9395.68
2345,618,13,2025-08-01,2,Cash,5792.36
2346,21,3,2025-10-18,3,Credit Card,1422.8700000000001
2347,64,2,2025-04-21,2,UPI,5838.48
2348,165,16,2025-07-30,1,Credit Card,2787.07
2349,27,94,2024-03-22,2,Debit Card,9210.0
2350,311,6,2025-09-08,4,Cash,3962.08
2351,285,45,2025-11-23,2,UPI,3288.44
2352,660,71,2024-12-05,4,Debit Card,18601.76
2353,281,5,2025-03-16,3,Debit Card,5705.67
2354,838,56,2025-09-08,3,Cash,8220.539999999999
2355,831,71,2024-08-13,3,Credit Card,13951.32
2356,164,98,2025-01-05,1,Debit Card,169.53
2357,898,32,2024-01-28,4,Cash,11811.28
2358,918,49,2024-01-16,1,Cash,4541.46
2359,224,13,2024-10-03,1,UPI,2896.18
2360,784,30,2024-11-28,3,Debit Card,1177.83
2361,146,25,2025-04-27,4,Credit Card,18029.32
2362,965,85,2025-07-19,2,Credit Card,6659.32
2363,950,60,2024-10-14,2,Debit Card,9319.94
2364,868,59,2024-04-23,4,Credit Card,13925.88
2365,30,85,2024-02-07,2,Cash,6659.32
2366,45,28,2025-03-29,3,Cash,9168.39
2367,787,58,2024-06-14,3,Debit Card,10443.0
2368,471,20,2025-11-24,1,Credit Card,4165.84
2369,34,34,2024-07-23,3,Cash,3815.6400000000003
2370,653,5,2024-09-01,2,Debit Card,3803.78
2371,427,82,2024-11-28,1,Cash,4975.41
2372,830,60,2025-01-30,4,Debit Card,18639.88
2373,886,43,2025-05-21,4,UPI,17963.08
2374,221,57,2024-04-30,1,UPI,397.08
2375,868,57,2024-09-15,3,Debit Card,1191.24
2376,534,75,2025-12-22,1,UPI,2347.13
2377,692,54,2025-02-13,1,UPI,1752.97
2378,948,81,2024-11-05,3,Credit Card,2313.8999999999996
2379,367,45,2025-12-06,4,UPI,6576.88
2380,932,86,2024-03-08,1,Credit Card,633.58
2381,841,37,2024-04-23,4,UPI,13034.0
2382,743,84,2024-08-07,2,UPI,4040.22
2383,915,48,2024-08-07,3,Cash,8050.799999999999
2384,550,54,2025-04-17,2,Debit Card,3505.94
2385,582,48,2025-12-30,4,UPI,10734.4
2386,116,6,2025-01-20,2,Debit Card,1981.04
2387,239,34,2024-10-24,2,Debit Card,2543.76
2388,335,63,2025-08-28,2,Cash,636.72
2389,441,78,2024-09-09,1,Debit Card,2458.53
2390,148,48,2025-02-08,1,Debit Card,2683.6
2391,9,23,2025-05-06,3,UPI,3344.31
2392,288,84,2024-12-22,4,Cash,8080.44
2393,388,13,2025-03-03,4,Debit Card,11584.72
2394,50,47,2024-08-02,3,UPI,14730.300000000001
2395,850,44,2025-01-14,4,Cash,17005.0
2396,517,32,2024-08-01,4,UPI,11811.28
2397,916,26,2024-04-07,2,Cash,7159.32
2398,855,53,2025-06-11,2,Cash,9484.48
2399,638,14,2025-10-27,4,Credit Card,11534.6
2400,587,52,2025-06-11,3,Credit Card,12204.93
2401,677,36,2025-12-10,3,Credit Card,9869.07
2402,278,8,2025-09-11,4,Debit Card,6909.16
2403,954,40,2025-06-18,3,UPI,3313.2300000000005
2404,836,86,2025-07-07,3,Cash,1900.7400000000002
2405,989,22,2025-07-02,2,UPI,3053.22
2406,300,16,2024-11-23,3,Debit Card,8361.210000000001
2407,802,91,2024-06-13,1,Credit Card,2660.44
2408,589,60,2024-04-25,2,Credit Card,9319.94
2409,810,60,2024-05-29,1,UPI,4659.97
2410,649,10,2025-06-01,4,UPI,14884.92
2411,618,25,2024-02-01,3,Cash,13521.99
2412,607,31,2025-10-18,1,UPI,3391.05
2413,135,21,2024-10-19,3,Cash,9210.36
2414,580,91,2025-11-19,1,Cash,2660.44
2415,147,81,2024-06-25,2,Credit Card,1542.6
2416,490,33,2024-03-01,4,UPI,19808.08
2417,478,31,2025-08-11,1,Credit Card,3391.05
2418,159,90,2025-02-19,2,Cash,9539.6
2419,384,21,2025-01-17,4,Credit Card,12280.48
2420,163,36,2025-08-20,1,Credit Card,3289.69
2421,441,65,2025-12-03,1,Cash,1579.39
2422,853,4,2024-01-07,2,Debit Card,3949.28
2423,189,68,2024-03-25,4,Debit Card,19001.8
2424,415,90,2025-02-01,4,UPI,19079.2
2425,339,4,2025-01-27,2,Credit Card,3949.28
2426,607,9,2024-02-16,3,UPI,5324.5199999999995
2427,181,30,2024-12-06,2,Credit Card,785.22
2428,288,45,2025-05-12,4,UPI,6576.88
2429,834,4,2025-08-28,2,UPI,3949.28
2430,187,69,2025-04-22,3,Cash,14445.96
2431,884,23,2025-03-01,2,Debit Card,2229.54
2432,138,16,2025-03-01,2,Debit Card,5574.14
2433,130,22,2025-05-29,1,Debit Card,1526.61
2434,194,72,2024-05-08,3,Cash,11484.57
2435,316,48,2024-09-05,4,Debit Card,10734.4
2436,984,62,2024-05-10,3,Cash,3684.69
2437,785,97,2025-11-19,4,Credit Card,655.36
2438,864,60,2024-11-18,4,Cash,18639.88
2439,144,80,2025-06-26,1,UPI,3404.31
2440,16,5,2024-03-06,3,UPI,5705.67
2441,302,80,2025-12-18,1,Credit Card,3404.31
2442,423,7,2024-04-10,2,Credit Card,4467.98
2443,245,51,2024-01-31,3,UPI,9749.43
2444,927,65,2024-07-09,2,Debit Card,3158.78
2445,107,9,2025-07-31,3,Debit Card,5324.5199999999995
2446,88,82,2025-02-18,4,Debit Card,19901.64
2447,129,45,2025-12-14,2,Credit Card,3288.44
2448,907,47,2025-05-14,3,UPI,14730.300000000001
2449,887,67,2025-08-17,3,Cash,5507.7300000000005
2450,341,24,2024-02-15,2,Credit Card,1692.82
2451,4,92,2024-03-29,1,UPI,1173.68
2452,327,10,2025-11-28,3,Debit Card,11163.69
2453,410,73,2025-01-09,1,Debit Card,2779.61
2454,879,77,2025-12-01,1,Debit Card,4333.41
2455,306,48,2024-09-02,1,UPI,2683.6
2456,908,35,2025-07-11,1,Debit Card,2700.61
2457,607,54,2024-09-13,1,UPI,1752.97
2458,721,87,2024-12-17,4,Credit Card,12876.16
2459,225,81,2025-07-26,1,Cash,771.3
2460,971,71,2024-04-14,4,Debit Card,18601.76
2461,348,16,2024-12-02,3,Credit Card,8361.210000000001
2462,992,53,2025-06-09,4,Credit Card,18968.96
2463,321,40,2024-10-27,4,UPI,4417.64
2464,559,100,2024-03-17,1,Credit Card,3687.4
2465,988,20,2025-05-25,3,UPI,12497.52
2466,181,88,2024-08-17,3,UPI,7624.08
2467,618,69,2025-11-09,3,Credit Card,14445.96
2468,711,45,2025-07-31,2,UPI,3288.44
2469,386,6,2024-02-01,4,UPI,3962.08
2470,618,92,2025-08-30,1,UPI,1173.68
2471,792,69,2024-02-27,2,Credit Card,9630.64
2472,772,49,2024-04-13,1,Cash,4541.46
2473,108,39,2024-11-07,2,UPI,7813.9
2474,531,2,2025-10-07,3,Debit Card,8757.72
2475,410,39,2025-12-29,2,Credit Card,7813.9
2476,971,21,2024-03-07,3,Credit Card,9210.36
2477,296,40,2025-11-20,2,UPI,2208.82
2478,818,82,2025-01-08,1,Credit Card,4975.41
2479,171,54,2024-08-22,1,Debit Card,1752.97
2480,331,12,2025-10-04,2,Cash,6490.22
2481,493,81,2024-04-21,4,Credit Card,3085.2
2482,195,37,2025-01-23,4,Credit Card,13034.0
2483,12,38,2025-02-11,2,Credit Card,5700.68
2484,195,15,2024-02-23,4,UPI,13394.96
2485,490,7,2024-08-26,1,Debit Card,2233.99
2486,795,78,2024-10-21,4,Cash,9834.12
2487,881,50,2024-04-21,2,Debit Card,1806.04
2488,182,65,2024-03-28,4,Debit Card,6317.56
2489,962,67,2025-04-20,2,Credit Card,3671.82
2490,817,44,2024-10-30,1,Cash,4251.25
2491,656,31,2024-10-31,3,Debit Card,10173.150000000001
2492,898,43,2024-10-16,1,Cash,4490.77
2493,316,77,2024-07-26,1,UPI,4333.41
2494,694,48,2025-08-04,2,Credit Card,5367.2
2495,30,82,2025-01-04,1,UPI,4975.41
2496,596,81,2024-08-07,1,Cash,771.3
2497,678,81,2024-08-18,4,Credit Card,3085.2
2498,796,61,2024-12-14,2,UPI,5073.66
2499,793,75,2024-09-11,4,Credit Card,9388.52
2500,96,84,2025-03-27,2,UPI,4040.22
2501,381,10,2024-05-21,4,Debit Card,14884.92
2502,778,29,2024-03-09,4,Credit Card,9678.64
2503,444,48,2024-03-29,3,Cash,8050.799999999999
2504,298,98,2024-05-15,1,Credit Card,169.53
2505,808,81,2025-10-16,4,Cash,3085.2
2506,737,62,2025-11-29,3,UPI,3684.69
2507,845,13,2025-06-06,4,UPI,11584.72
2508,361,44,2025-10-21,4,Cash,17005.0
2509,374,47,2025-03-17,3,UPI,14730.300000000001
2510,554,64,2024-02-07,3,Credit Card,6409.950000000001
2511,303,91,2024-07-26,3,UPI,7981.32
2512,421,53,2024-07-28,1,Cash,4742.24
2513,246,90,2025-05-27,1,Cash,4769.8
2514,720,92,2024-12-25,4,Debit Card,4694.72
2515,237,77,2025-07-30,1,Cash,4333.41
2516,534,76,2024-01-01,3,UPI,8544.84
2517,185,44,2025-01-15,2,Cash,8502.5
2518,468,28,2025-06-20,1,UPI,3056.13
2519,754,2,2025-01-28,3,UPI,8757.72
2520,363,57,2024-02-19,3,Debit Card,1191.24
2521,283,57,2025-01-30,3,UPI,1191.24
2522,553,34,2024-02-01,3,Cash,3815.6400000000003
2523,336,87,2025-06-28,4,Cash,12876.16
2524,162,58,2025-12-12,3,Cash,10443.0
2525,160,52,2024-08-21,3,UPI,12204.93
2526,474,29,2024-01-26,4,Cash,9678.64
2527,601,35,2025-07-07,1,Credit Card,2700.61
2528,322,75,2025-03-09,2,Credit Card,4694.26
2529,12,48,2024-03-01,4,Cash,10734.4
2530,424,33,2025-07-06,4,UPI,19808.08
2531,73,75,2025-03-16,1,Cash,2347.13
2532,588,73,2024-05-09,1,Credit Card,2779.61
2533,858,78,2024-12-19,3,UPI,7375.59
2534,201,9,2024-07-16,1,Cash,1774.84
2535,522,48,2025-10-24,2,UPI,5367.2
2536,864,67,2025-12-16,4,Cash,7343.64
2537,505,93,2025-11-24,2,Debit Card,4697.84
2538,738,83,2025-01-05,3,UPI,8050.32
2539,688,36,2025-12-19,2,Credit Card,6579.38
2540,788,96,2024-05-26,3,Credit Card,3445.17
2541,39,71,2025-12-16,2,Credit Card,9300.88
2542,60,92,2025-05-12,4,Credit Card,4694.72
2543,578,44,2024-02-17,2,Cash,8502.5
2544,321,82,2025-10-12,1,Cash,4975.41
2545,435,60,2024-06-20,2,UPI,9319.94
2546,636,63,2025-09-04,4,Debit Card,1273.44
2547,676,5,2025-11-29,3,Debit Card,5705.67
2548,408,87,2024-11-10,2,UPI,6438.08
2549,923,86,2025-01-10,2,Credit Card,1267.16
2550,386,90,2025-06-16,1,Debit Card,4769.8
2551,671,76,2025-02-23,3,Debit Card,8544.84
2552,569,40,2025-01-30,3,UPI,3313.2300000000005
2553,78,19,2025-06-05,3,Credit Card,8340.36
2554,194,47,2024-07-05,4,Cash,19640.4
2555,285,65,2025-10-06,4,Cash,6317.56
2556,527,67,2024-02-02,1,Debit Card,1835.91
2557,524,91,2024-03-09,2,Cash,5320.88
2558,613,18,2025-08-14,4,UPI,13641.36
2559,156,50,2024-07-09,3,Debit Card,2709.06
2560,340,30,2024-04-10,2,Debit Card,785.22
2561,125,66,2025-04-29,2,Credit Card,7658.66
2562,871,5,2024-10-11,2,Cash,3803.78
2563,280,93,2025-01-24,1,Credit Card,2348.92
2564,917,97,2025-07-18,4,Debit Card,655.36
2565,906,42,2024-06-08,4,Cash,12546.8
2566,622,84,2025-07-07,2,Credit Card,4040.22
2567,846,94,2024-02-16,1,Cash,4605.0
2568,869,5,2024-06-07,1,Debit Card,1901.89
2569,658,50,2025-03-21,4,Debit Card,3612.08
2570,728,85,2025-11-26,4,Debit Card,13318.64
2571,910,58,2025-06-06,1,UPI,3481.0
2572,674,79,2025-10-27,3,Credit Card,13495.829999999998
2573,128,84,2024-06-03,1,Credit Card,2020.11
2574,314,8,2024-12-04,3,Debit Card,5181.87
2575,332,31,2024-12-30,4,Credit Card,13564.2
2576,150,12,2025-11-29,1,Debit Card,3245.11
2577,454,21,2025-07-27,1,Credit Card,3070.12
2578,36,94,2024-05-27,1,Cash,4605.0
2579,685,62,2024-05-23,1,Credit Card,1228.23
2580,420,91,2024-04-12,2,Debit Card,5320.88
2581,22,90,2024-04-02,2,Credit Card,9539.6
2582,206,33,2024-10-12,4,Cash,19808.08
2583,639,26,2025-02-27,4,Cash,14318.64
2584,848,90,2024-04-28,1,Cash,4769.8
2585,957,100,2024-01-29,2,Debit Card,7374.8
2586,356,40,2025-05-25,4,UPI,4417.64
2587,440,65,2024-01-30,3,Debit Card,4738.17
2588,729,59,2024-12-31,2,Cash,6962.94
2589,96,15,2024-05-17,2,Credit Card,6697.48
2590,929,1,2025-04-19,2,Cash,8599.86
2591,941,11,2025-07-16,1,UPI,1193.99
2592,164,55,2025-01-26,3,UPI,10957.23
2593,148,2,2025-03-10,1,Cash,2919.24
2594,530,65,2024-08-21,4,Debit Card,6317.56
2595,294,95,2024-02-24,3,UPI,2888.61
2596,195,44,2024-10-18,1,Cash,4251.25
2597,663,16,2024-11-07,2,Debit Card,5574.14
2598,480,22,2025-07-01,3,Credit Card,4579.83
2599,877,18,2024-03-29,2,Debit Card,6820.68
2600,123,47,2024-07-30,4,UPI,19640.4
2601,400,81,2024-11-13,3,Debit Card,2313.8999999999996
2602,699,30,2025-04-09,4,Debit Card,1570.44
2603,965,10,2024-03-27,4,Credit Card,14884.92
2604,452,99,2025-02-12,4,Cash,16656.08
2605,661,58,2024-08-27,3,Debit Card,10443.0
2606,104,62,2025-11-30,4,Credit Card,4912.92
2607,755,85,2024-02-26,1,UPI,3329.66
2608,462,80,2024-04-22,1,Cash,3404.31
2609,743,6,2024-03-10,4,UPI,3962.08
2610,991,67,2025-11-22,2,Cash,3671.82
2611,718,41,2024-07-02,4,Debit Card,14622.28
2612,710,43,2025-12-03,4,Debit Card,17963.08
2613,396,85,2024-10-02,2,Cash,6659.32
2614,912,77,2024-08-20,3,UPI,13000.23
2615,337,18,2024-02-23,3,UPI,10231.02
2616,599,58,2024-09-13,4,UPI,13924.0
2617,142,60,2024-03-30,1,Debit Card,4659.97
2618,317,88,2025-10-24,1,Cash,2541.36
2619,711,27,2025-03-10,1,Cash,4693.15
2620,558,68,2025-09-16,4,UPI,19001.8
2621,800,22,2025-02-11,1,Debit Card,1526.61
2622,527,24,2024-09-25,1,Cash,846.41
2623,556,40,2025-10-30,3,Cash,3313.2300000000005
2624,401,74,2024-12-31,4,UPI,3934.04
2625,681,66,2024-12-16,3,UPI,11487.99
2626,310,40,2024-10-25,2,Cash,2208.82
2627,495,6,2024-06-07,3,Debit Card,2971.56
2628,556,18,2025-05-01,4,Credit Card,13641.36
2629,610,81,2025-06-09,1,Cash,771.3
2630,773,87,2024-12-20,4,Cash,12876.16
2631,109,30,2025-09-12,3,Debit Card,1177.83
2632,795,21,2025-02-04,4,Cash,12280.48
2633,372,62,2025-02-08,4,Credit Card,4912.92
2634,855,10,2024-04-05,3,Debit Card,11163.69
2635,616,13,2025-12-07,3,Credit Card,8688.539999999999
2636,768,76,2025-07-23,2,Credit Card,5696.56
2637,891,9,2025-01-26,2,Cash,3549.68
2638,206,68,2024-12-17,3,Credit Card,14251.349999999999
2639,847,39,2025-10-27,4,Cash,15627.8
2640,43,24,2025-07-29,3,Cash,2539.23
2641,865,34,2025-10-31,1,Debit Card,1271.88
2642,245,61,2025-09-24,2,Debit Card,5073.66
2643,287,41,2024-10-14,1,Debit Card,3655.57
2644,355,5,2025-06-06,4,Cash,7607.56
2645,785,79,2025-12-26,1,Credit Card,4498.61
2646,476,50,2024-06-10,3,Credit Card,2709.06
2647,83,4,2025-09-08,3,Debit Card,5923.92
2648,110,51,2025-10-20,3,Debit Card,9749.43
2649,950,52,2024-06-30,1,Cash,4068.31
2650,190,39,2025-07-02,1,UPI,3906.95
2651,983,8,2024-03-22,1,UPI,1727.29
2652,800,45,2025-06-07,3,Cash,4932.66
2653,936,88,2024-01-04,3,UPI,7624.08
2654,909,28,2025-05-09,3,UPI,9168.39
2655,251,27,2025-07-08,1,UPI,4693.15
2656,724,65,2024-02-20,1,Debit Card,1579.39
2657,291,34,2024-09-17,4,Credit Card,5087.52
2658,645,81,2024-05-13,2,Credit Card,1542.6
2659,201,62,2025-08-21,3,Debit Card,3684.69
2660,797,62,2024-12-27,1,Debit Card,1228.23
2661,326,38,2025-07-21,2,Debit Card,5700.68
2662,511,26,2024-08-04,1,UPI,3579.66
2663,409,24,2024-03-08,1,Cash,846.41
2664,607,39,2025-07-09,3,Cash,11720.849999999999
2665,790,21,2024-05-22,2,UPI,6140.24
2666,962,94,2024-12-11,1,UPI,4605.0
2667,941,47,2025-07-07,2,Debit Card,9820.2
2668,837,48,2025-10-12,2,Debit Card,5367.2
2669,508,13,2025-08-07,3,Credit Card,8688.539999999999
2670,731,3,2024-07-12,2,Debit Card,948.58
2671,601,32,2025-10-28,4,UPI,11811.28
2672,72,35,2024-09-02,4,Credit Card,10802.44
2673,247,19,2024-11-09,3,Debit Card,8340.36
2674,641,14,2025-12-30,3,Credit Card,8650.95
2675,724,48,2025-01-18,4,Credit Card,10734.4
2676,940,86,2024-10-03,3,Debit Card,1900.7400000000002
2677,855,81,2024-03-12,2,Cash,1542.6
2678,608,68,2024-05-08,1,UPI,4750.45
2679,587,45,2024-12-23,3,UPI,4932.66
2680,935,19,2025-11-28,4,Credit Card,11120.48
2681,566,64,2025-06-08,1,Cash,2136.65
2682,344,66,2024-08-07,2,Cash,7658.66
2683,971,79,2024-01-06,1,Debit Card,4498.61
2684,925,66,2025-09-15,4,Debit Card,15317.32
2685,54,75,2024-08-15,1,UPI,2347.13
2686,730,45,2024-01-17,4,Debit Card,6576.88
2687,528,87,2025-08-07,3,Debit Card,9657.119999999999
2688,611,74,2024-01-12,3,Credit Card,2950.5299999999997
2689,532,67,2025-08-20,4,Cash,7343.64
2690,558,69,2025-05-13,3,Cash,14445.96
2691,963,3,2025-11-22,2,Debit Card,948.58
2692,193,38,2025-09-25,1,Debit Card,2850.34
2693,895,77,2025-12-16,4,Debit Card,17333.64
2694,58,42,2025-05-16,4,UPI,12546.8
2695,437,83,2024-03-10,4,UPI,10733.76
2696,111,40,2024-04-17,2,Credit Card,2208.82
2697,129,50,2024-07-19,2,UPI,1806.04
2698,849,35,2024-02-21,2,Cash,5401.22
2699,706,24,2025-07-02,4,UPI,3385.64
2700,925,88,2025-09-20,2,Cash,5082.72
2701,852,17,2024-09-15,3,UPI,13225.050000000001
2702,326,40,2025-04-26,1,UPI,1104.41
2703,8,74,2024-09-20,3,Credit Card,2950.5299999999997
2704,29,66,2024-10-29,3,Debit Card,11487.99
2705,112,44,2025-07-29,2,Debit Card,8502.5
2706,947,23,2025-07-07,4,Debit Card,4459.08
2707,673,6,2025-07-08,3,Credit Card,2971.56
2708,131,66,2024-05-04,1,Cash,3829.33
2709,188,21,2024-09-26,2,UPI,6140.24
2710,675,35,2025-04-24,3,Credit Card,8101.83
2711,709,29,2024-05-11,2,Cash,4839.32
2712,475,7,2024-01-02,1,Credit Card,2233.99
2713,364,93,2024-04-24,2,Credit Card,4697.84
2714,204,53,2025-04-25,4,Cash,18968.96
2715,212,37,2024-01-01,3,Debit Card,9775.5
2716,621,23,2024-11-26,3,UPI,3344.31
2717,276,97,2025-07-30,4,Debit Card,655.36
2718,73,8,2025-09-28,1,Credit Card,1727.29
2719,679,76,2025-01-25,1,Cash,2848.28
2720,772,48,2024-05-22,2,Credit Card,5367.2
2721,243,10,2024-11-23,3,Debit Card,11163.69
2722,787,79,2025-09-19,1,Debit Card,4498.61
2723,102,24,2025-01-11,4,Debit Card,3385.64
2724,987,90,2024-03-30,4,UPI,19079.2
2725,685,47,2024-02-11,4,Debit Card,19640.4
2726,171,53,2024-02-04,1,UPI,4742.24
2727,653,39,2025-05-08,4,UPI,15627.8
2728,909,67,2025-07-06,3,Debit Card,5507.7300000000005
2729,188,66,2024-05-03,1,Cash,3829.33
2730,441,6,2024-02-26,1,Credit Card,990.52
2731,86,21,2025-03-31,3,Credit Card,9210.36
2732,476,73,2024-08-22,4,UPI,11118.44
2733,52,74,2025-08-30,1,UPI,983.51
2734,111,36,2025-01-26,3,UPI,9869.07
2735,949,3,2025-05-06,3,Credit Card,1422.8700000000001
2736,877,88,2024-12-08,2,UPI,5082.72
2737,854,86,2025-10-05,4,Cash,2534.32
2738,43,78,2024-06-24,4,Cash,9834.12
2739,211,42,2024-02-21,3,UPI,9410.099999999999
2740,968,45,2025-07-03,1,Credit Card,1644.22
2741,200,44,2025-04-22,2,Debit Card,8502.5
2742,810,91,2025-05-03,2,Credit Card,5320.88
2743,858,33,2024-01-05,1,Debit Card,4952.02
2744,752,60,2025-12-25,2,Debit Card,9319.94
2745,627,86,2025-09-23,1,UPI,633.58
2746,26,93,2024-07-27,2,Cash,4697.84
2747,919,83,2024-08-04,1,UPI,2683.44
2748,299,83,2025-06-19,3,Debit Card,8050.32
2749,77,70,2024-12-07,3,UPI,9427.349999999999
2750,924,83,2025-12-17,2,Debit Card,5366.88
2751,137,77,2025-02-04,2,UPI,8666.82
2752,20,26,2025-04-06,3,Cash,10738.98
2753,440,86,2025-12-30,4,Cash,2534.32
2754,211,21,2024-07-29,1,Credit Card,3070.12
2755,752,100,2024-01-26,4,Debit Card,14749.6
2756,551,2,2024-09-08,2,Debit Card,5838.48
2757,435,47,2024-01-03,3,UPI,14730.300000000001
2758,780,30,2024-01-02,2,Credit Card,785.22
2759,207,27,2025-08-26,4,Cash,18772.6
2760,991,71,2024-01-02,3,UPI,13951.32
2761,439,20,2024-05-29,3,Credit Card,12497.52
2762,974,50,2025-08-05,3,Cash,2709.06
2763,779,95,2024-01-04,1,UPI,962.87
2764,666,23,2025-05-11,2,Cash,2229.54
2765,42,13,2025-07-03,4,Debit Card,11584.72
2766,411,81,2025-04-12,1,Credit Card,771.3
2767,523,4,2024-03-10,4,Cash,7898.56
2768,806,14,2024-07-19,1,Credit Card,2883.65
2769,610,20,2024-11-03,3,UPI,12497.52
2770,427,13,2024-09-08,1,Credit Card,2896.18
2771,275,3,2024-10-13,2,UPI,948.58
2772,448,90,2024-10-18,2,Credit Card,9539.6
2773,902,90,2024-06-02,4,UPI,19079.2
2774,942,82,2024-05-12,3,UPI,14926.23
2775,884,96,2025-08-08,3,UPI,3445.17
2776,742,78,2024-09-30,4,Cash,9834.12
2777,369,47,2025-11-27,2,Debit Card,9820.2
2778,938,3,2025-05-23,2,Credit Card,948.58
2779,220,1,2024-12-18,4,Debit Card,17199.72
2780,577,90,2024-01-05,3,Debit Card,14309.400000000001
2781,867,24,2024-10-19,4,Debit Card,3385.64
2782,232,35,2024-12-25,4,Debit Card,10802.44
2783,328,14,2025-08-20,1,Credit Card,2883.65
2784,443,67,2024-08-01,4,Credit Card,7343.64
2785,52,13,2025-02-09,2,Debit Card,5792.36
2786,886,47,2025-03-11,4,Credit Card,19640.4
2787,943,50,2024-01-15,3,Credit Card,2709.06
2788,376,78,2024-09-29,3,UPI,7375.59
2789,263,85,2025-07-16,2,Credit Card,6659.32
2790,267,26,2024-02-14,3,Cash,10738.98
2791,359,3,2025-12-03,4,Debit Card,1897.16
2792,317,51,2025-09-25,2,Credit Card,6499.62
2793,324,40,2025-02-15,3,Debit Card,3313.2300000000005
2794,921,68,2024-07-05,4,Credit Card,19001.8
2795,908,36,2025-12-26,3,Debit Card,9869.07
2796,666,51,2025-10-22,1,Cash,3249.81
2797,870,1,2024-06-18,3,Credit Card,12899.79
2798,878,33,2025-12-21,2,Credit Card,9904.04
2799,652,7,2025-08-16,4,Cash,8935.96
2800,939,52,2025-02-04,4,Credit Card,16273.24
2801,563,11,2025-12-08,2,Debit Card,2387.98
2802,629,27,2024-09-02,1,Cash,4693.15
2803,421,14,2025-07-05,4,UPI,11534.6
2804,46,86,2025-11-10,2,Debit Card,1267.16
2805,821,80,2024-02-12,3,Credit Card,10212.93
2806,600,46,2025-12-23,1,Debit Card,1453.56
2807,720,76,2024-06-27,2,Cash,5696.56
2808,889,10,2025-04-01,3,Credit Card,11163.69
2809,269,24,2025-06-18,4,Credit Card,3385.64
2810,601,61,2025-08-29,4,Cash,10147.32
2811,381,18,2025-11-02,1,UPI,3410.34
2812,118,86,2024-08-31,3,Credit Card,1900.7400000000002
2813,566,9,2024-01-17,2,Credit Card,3549.68
2814,953,17,2024-04-21,4,Credit Card,17633.4
2815,116,58,2025-09-06,2,UPI,6962.0
2816,630,13,2025-08-20,2,Debit Card,5792.36
2817,260,50,2025-06-30,2,UPI,1806.04
2818,75,6,2024-01-30,1,Debit Card,990.52
2819,480,85,2024-07-10,2,Credit Card,6659.32
2820,305,51,2025-03-12,1,Debit Card,3249.81
2821,7,36,2024-06-27,1,Debit Card,3289.69
2822,366,71,2025-09-07,3,Debit Card,13951.32
2823,634,100,2025-11-07,4,Debit Card,14749.6
2824,523,25,2025-04-18,2,Credit Card,9014.66
2825,348,11,2025-09-25,3,Cash,3581.9700000000003
2826,438,44,2024-05-13,3,UPI,12753.75
2827,215,14,2024-11-07,3,Debit Card,8650.95
2828,429,29,2024-01-25,3,Credit Card,7258.98
2829,791,74,2025-01-05,3,Credit Card,2950.5299999999997
2830,498,50,2025-06-08,2,Credit Card,1806.04
2831,540,5,2024-11-14,3,Credit Card,5705.67
2832,747,72,2024-08-17,4,Debit Card,15312.76
2833,367,69,2024-04-11,1,UPI,4815.32
2834,313,88,2025-03-25,1,Credit Card,2541.36
2835,538,57,2025-01-12,4,UPI,1588.32
2836,921,26,2024-07-21,2,UPI,7159.32
2837,54,6,2024-09-23,1,UPI,990.52
2838,541,16,2025-04-06,4,Cash,11148.28
2839,467,60,2024-12-30,4,Credit Card,18639.88
2840,865,100,2024-04-13,3,Credit Card,11062.2
2841,164,12,2024-04-20,1,Credit Card,3245.11
2842,782,75,2025-03-03,3,UPI,7041.39
2843,334,3,2025-04-13,2,Credit Card,948.58
2844,547,63,2025-08-03,1,Credit Card,318.36
2845,798,64,2025-11-10,1,UPI,2136.65
2846,348,62,2025-07-14,4,Credit Card,4912.92
2847,273,6,2024-09-06,1,Debit Card,990.52
2848,963,19,2025-04-26,2,Cash,5560.24
2849,720,18,2024-11-26,2,Debit Card,6820.68
2850,750,80,2025-08-09,1,Debit Card,3404.31
2851,414,87,2024-07-19,4,Debit Card,12876.16
2852,500,43,2025-03-29,2,UPI,8981.54
2853,93,73,2025-05-18,3,Credit Card,8338.83
2854,685,3,2025-06-29,2,Debit Card,948.58
2855,79,72,2024-04-20,1,Debit Card,3828.19
2856,622,38,2025-06-27,3,Credit Card,8551.02
2857,217,68,2024-07-27,1,UPI,4750.45
2858,947,76,2025-10-05,1,Debit Card,2848.28
2859,358,44,2025-09-09,1,Credit Card,4251.25
2860,618,95,2024-02-02,4,Credit Card,3851.48
2861,507,89,2025-07-08,4,Cash,8370.8
2862,559,80,2024-04-16,2,Debit Card,6808.62
2863,181,63,2024-09-21,1,Debit Card,318.36
2864,576,42,2024-08-13,3,Cash,9410.099999999999
2865,246,64,2025-05-01,3,Credit Card,6409.950000000001
2866,244,54,2024-06-27,3,Credit Card,5258.91
2867,506,78,2024-08-09,4,Debit Card,9834.12
2868,422,77,2025-01-04,4,Debit Card,17333.64
2869,320,71,2025-09-28,1,Cash,4650.44
2870,87,76,2024-06-15,3,Debit Card,8544.84
2871,217,37,2025-10-24,3,Debit Card,9775.5
2872,490,4,2025-07-06,4,UPI,7898.56
2873,519,2,2024-10-26,4,Cash,11676.96
2874,278,99,2025-01-15,3,Credit Card,12492.060000000001
2875,849,44,2024-02-04,3,Debit Card,12753.75
2876,722,67,2025-02-10,2,Credit Card,3671.82
2877,169,68,2025-05-16,4,Debit Card,19001.8
2878,330,76,2024-11-09,1,UPI,2848.28
2879,650,83,2025-12-27,1,Cash,2683.44
2880,441,74,2024-04-10,3,Cash,2950.5299999999997
2881,391,62,2025-07-22,4,Credit Card,4912.92
2882,496,1,2024-08-02,1,UPI,4299.93
2883,381,17,2025-10-29,4,Credit Card,17633.4
2884,306,16,2025-07-29,3,UPI,8361.210000000001
2885,742,9,2024-03-02,3,Debit Card,5324.5199999999995
2886,987,53,2025-01-03,3,Debit Card,14226.72
2887,820,73,2025-01-02,4,UPI,11118.44
2888,673,59,2025-07-27,1,Debit Card,3481.47
2889,513,9,2024-04-03,2,Cash,3549.68
2890,748,12,2025-04-13,1,UPI,3245.11
2891,949,41,2024-01-26,4,UPI,14622.28
2892,188,15,2025-03-10,1,Credit Card,3348.74
2893,930,66,2024-04-30,2,UPI,7658.66
2894,516,75,2024-02-19,1,Credit Card,2347.13
2895,913,11,2024-02-05,2,UPI,2387.98
2896,644,8,2025-02-13,4,Cash,6909.16
2897,427,55,2024-10-15,3,Cash,10957.23
2898,502,96,2025-01-13,2,Cash,2296.78
2899,730,6,2024-04-09,4,Credit Card,3962.08
2900,260,53,2024-11-19,3,Credit Card,14226.72
2901,513,20,2024-11-24,2,Debit Card,8331.68
2902,71,39,2025-10-09,3,Credit Card,11720.849999999999
2903,478,99,2025-12-06,1,Credit Card,4164.02
2904,178,72,2024-08-08,4,Cash,15312.76
2905,457,34,2025-07-20,4,UPI,5087.52
2906,189,57,2024-04-19,4,Credit Card,1588.32
2907,291,19,2024-05-28,4,Debit Card,11120.48
2908,520,71,2025-02-09,2,UPI,9300.88
2909,765,31,2025-11-04,1,Credit Card,3391.05
2910,920,82,2025-11-29,3,UPI,14926.23
2911,979,40,2025-02-13,4,UPI,4417.64
2912,292,14,2024-05-08,4,UPI,11534.6
2913,946,100,2025-04-28,2,UPI,7374.8
2914,756,81,2024-04-17,2,UPI,1542.6
2915,635,37,2025-01-23,2,Credit Card,6517.0
2916,811,44,2025-02-28,1,UPI,4251.25
2917,283,9,2025-03-22,3,UPI,5324.5199999999995
2918,544,58,2024-03-08,1,Debit Card,3481.0
2919,846,20,2024-03-06,4,Debit Card,16663.36
2920,377,92,2025-10-17,2,UPI,2347.36
2921,658,50,2025-07-18,4,Credit Card,3612.08
2922,156,20,2025-10-01,3,Debit Card,12497.52
2923,508,36,2025-05-18,3,Debit Card,9869.07
2924,413,27,2025-05-18,1,UPI,4693.15
2925,528,72,2024-11-16,1,Credit Card,3828.19
2926,355,32,2025-12-19,2,Cash,5905.64
2927,559,1,2025-12-28,2,Credit Card,8599.86
2928,763,17,2025-08-02,4,Debit Card,17633.4
2929,187,9,2025-03-22,2,Debit Card,3549.68
2930,31,84,2025-07-27,2,Debit Card,4040.22
2931,260,45,2024-07-28,4,Debit Card,6576.88
2932,421,96,2025-01-04,3,Debit Card,3445.17
2933,529,66,2025-07-17,2,UPI,7658.66
2934,551,32,2025-09-19,2,UPI,5905.64
2935,304,45,2025-04-02,4,UPI,6576.88
2936,942,9,2025-07-30,4,Debit Card,7099.36
2937,986,30,2025-10-03,4,UPI,1570.44
2938,944,84,2025-11-19,4,Debit Card,8080.44
2939,39,38,2024-06-11,4,Credit Card,11401.36
2940,489,60,2024-11-27,2,Cash,9319.94
2941,644,1,2025-10-25,1,Credit Card,4299.93
2942,542,5,2024-12-15,1,Cash,1901.89
2943,670,63,2025-10-31,1,UPI,318.36
2944,278,99,2025-04-12,2,Cash,8328.04
2945,203,36,2025-03-01,3,Credit Card,9869.07
2946,66,65,2024-11-22,2,Credit Card,3158.78
2947,108,78,2024-04-15,1,Cash,2458.53
2948,268,73,2024-09-11,1,Credit Card,2779.61
2949,222,94,2024-12-23,4,UPI,18420.0
2950,804,24,2025-03-19,4,Credit Card,3385.64
2951,530,4,2024-04-22,4,Cash,7898.56
2952,90,78,2024-01-30,2,UPI,4917.06
2953,693,89,2025-06-07,3,Cash,6278.099999999999
2954,255,68,2025-11-19,3,Debit Card,14251.349999999999
2955,455,25,2024-02-15,4,Debit Card,18029.32
2956,253,74,2024-06-19,3,UPI,2950.5299999999997
2957,257,99,2024-05-09,1,UPI,4164.02
2958,383,7,2024-12-18,1,Credit Card,2233.99
2959,442,13,2024-07-21,4,Cash,11584.72
2960,858,68,2024-08-13,4,Debit Card,19001.8
2961,599,43,2024-03-20,4,Credit Card,17963.08
2962,90,57,2024-11-05,3,Debit Card,1191.24
2963,749,36,2024-02-04,2,Credit Card,6579.38
2964,390,14,2025-07-17,4,Credit Card,11534.6
2965,582,82,2024-06-09,3,Debit Card,14926.23
2966,44,72,2025-08-18,4,Credit Card,15312.76
2967,712,96,2025-03-10,2,Debit Card,2296.78
2968,664,27,2025-06-21,4,UPI,18772.6
2969,598,37,2024-08-12,1,Cash,3258.5
2970,19,87,2025-03-21,4,Credit Card,12876.16
2971,101,71,2024-11-12,1,Debit Card,4650.44
2972,914,76,2025-10-27,1,Debit Card,2848.28
2973,607,25,2025-02-17,3,Cash,13521.99
2974,766,67,2024-04-04,3,Cash,5507.7300000000005
2975,357,90,2024-08-12,1,Cash,4769.8
2976,542,4,2025-07-06,1,Credit Card,1974.64
2977,761,100,2025-10-06,4,Debit Card,14749.6
2978,938,79,2024-03-06,4,Credit Card,17994.44
2979,33,96,2025-01-31,1,Credit Card,1148.39
2980,970,93,2024-07-28,3,UPI,7046.76
2981,229,74,2025-04-18,4,Cash,3934.04
2982,524,85,2025-10-26,4,UPI,13318.64
2983,630,16,2025-11-14,4,UPI,11148.28
2984,862,19,2025-07-24,3,Credit Card,8340.36
2985,155,29,2025-11-26,1,Credit Card,2419.66
2986,423,51,2025-05-04,4,Debit Card,12999.24
2987,905,18,2024-06-28,3,UPI,10231.02
2988,246,58,2025-06-07,3,Cash,10443.0
2989,405,44,2025-04-03,3,UPI,12753.75
2990,844,16,2024-03-08,3,Debit Card,8361.210000000001
2991,759,65,2024-11-24,4,UPI,6317.56
2992,541,2,2024-07-20,1,UPI,2919.24
2993,161,56,2025-04-19,1,UPI,2740.18
2994,747,79,2025-06-01,3,Debit Card,13495.829999999998
2995,702,28,2024-01-15,1,UPI,3056.13
2996,117,65,2024-02-11,4,Credit Card,6317.56
2997,271,5,2025-06-26,1,UPI,1901.89
2998,770,22,2025-11-23,1,Credit Card,1526.61
2999,692,100,2024-10-15,2,UPI,7374.8
3000,487,13,2025-06-16,1,Credit Card,2896.18
3001,885,65,2025-11-24,1,UPI,1579.39
3002,172,16,2025-11-26,3,Cash,8361.210000000001
3003,950,86,2024-08-31,3,Credit Card,1900.7400000000002
3004,274,64,2025-10-22,2,Cash,4273.3
3005,259,32,2025-09-03,4,Credit Card,11811.28
3006,135,80,2025-07-20,2,UPI,6808.62
3007,683,51,2025-11-28,1,Debit Card,3249.81
3008,722,79,2025-08-20,1,UPI,4498.61
3009,748,58,2024-06-22,4,Debit Card,13924.0
3010,422,46,2025-06-17,4,Cash,5814.24
3011,421,52,2025-05-23,3,Debit Card,12204.93
3012,186,63,2024-08-31,1,Debit Card,318.36
3013,929,76,2024-02-29,1,Debit Card,2848.28
3014,364,60,2024-04-13,1,Debit Card,4659.97
3015,955,65,2025-10-12,1,Cash,1579.39
3016,607,81,2024-10-29,1,Debit Card,771.3
3017,378,55,2025-11-01,1,UPI,3652.41
3018,523,57,2024-03-17,1,Credit Card,397.08
3019,580,92,2024-01-18,1,Credit Card,1173.68
3020,891,71,2025-06-17,3,UPI,13951.32
3021,722,73,2024-07-02,2,Cash,5559.22
3022,196,86,2025-10-18,1,UPI,633.58
3023,881,26,2025-07-03,3,UPI,10738.98
3024,98,12,2024-10-07,1,Debit Card,3245.11
3025,605,71,2024-10-14,4,Debit Card,18601.76
3026,984,46,2025-10-16,1,Cash,1453.56
3027,22,47,2025-06-08,2,Cash,9820.2
3028,450,79,2025-11-28,3,Credit Card,13495.829999999998
3029,172,38,2025-04-18,4,Cash,11401.36
3030,383,21,2024-09-23,4,UPI,12280.48
3031,134,14,2025-08-31,1,Credit Card,2883.65
3032,426,2,2024-12-22,2,Credit Card,5838.48
3033,25,72,2024-01-01,2,Debit Card,7656.38
3034,503,70,2024-01-27,1,Debit Card,3142.45
3035,185,33,2025-07-01,1,Credit Card,4952.02
3036,85,6,2024-06-08,3,Debit Card,2971.56
3037,567,90,2025-02-02,3,Debit Card,14309.400000000001
3038,763,37,2025-06-26,1,Debit Card,3258.5
3039,144,14,2024-05-06,1,Credit Card,2883.65
3040,863,37,2024-07-28,4,Credit Card,13034.0
3041,910,8,2024-05-29,2,Credit Card,3454.58
3042,679,77,2024-01-31,3,UPI,13000.23
3043,412,13,2025-09-03,1,Credit Card,2896.18
3044,224,40,2024-10-28,1,Debit Card,1104.41
3045,220,92,2025-12-31,3,Credit Card,3521.04
3046,179,58,2025-11-13,4,UPI,13924.0
3047,631,18,2024-09-13,4,Debit Card,13641.36
3048,433,57,2024-02-26,1,Cash,397.08
3049,265,83,2024-01-09,2,Credit Card,5366.88
3050,954,38,2024-01-05,2,Credit Card,5700.68
3051,429,32,2024-04-23,1,Cash,2952.82
3052,662,86,2025-11-15,3,Debit Card,1900.7400000000002
3053,416,66,2024-07-23,2,Credit Card,7658.66
3054,453,77,2024-01-24,3,UPI,13000.23
3055,727,87,2025-05-07,3,Debit Card,9657.119999999999
3056,197,25,2025-11-12,3,Credit Card,13521.99
3057,554,92,2025-02-09,4,Debit Card,4694.72
3058,53,58,2024-04-12,2,Credit Card,6962.0
3059,480,75,2024-02-29,4,Cash,9388.52
3060,443,33,2024-03-26,2,Credit Card,9904.04
3061,330,88,2025-11-07,1,Debit Card,2541.36
3062,251,66,2025-01-06,3,Credit Card,11487.99
3063,807,30,2025-11-09,2,Credit Card,785.22
3064,890,81,2025-08-18,2,Debit Card,1542.6
3065,783,34,2024-07-20,1,Credit Card,1271.88
3066,967,86,2025-08-24,4,Credit Card,2534.32
3067,925,69,2024-03-29,2,Debit Card,9630.64
3068,123,48,2025-03-12,2,Cash,5367.2
3069,879,40,2024-04-29,4,UPI,4417.64
3070,387,51,2024-06-04,4,UPI,12999.24
3071,339,80,2025-02-02,2,UPI,6808.62
3072,778,13,2025-11-30,4,UPI,11584.72
3073,348,90,2024-07-06,1,UPI,4769.8
3074,29,31,2024-02-21,1,UPI,3391.05
3075,975,39,2025-10-13,3,Debit Card,11720.849999999999
3076,35,63,2025-06-14,2,Debit Card,636.72
3077,518,48,2025-04-24,1,Debit Card,2683.6
3078,396,87,2025-08-09,1,Credit Card,3219.04
3079,623,48,2024-08-17,1,Cash,2683.6
3080,294,61,2025-04-25,3,Cash,7610.49
3081,589,12,2024-05-09,4,UPI,12980.44
3082,349,78,2024-02-24,3,UPI,7375.59
3083,147,56,2024-09-27,3,Debit Card,8220.539999999999
3084,67,18,2024-04-09,3,Cash,10231.02
3085,904,27,2024-03-09,3,Credit Card,14079.449999999999
3086,520,28,2024-10-25,2,Credit Card,6112.26
3087,122,82,2025-06-12,2,Debit Card,9950.82
3088,340,80,2024-12-19,1,UPI,3404.31
3089,175,52,2025-09-19,3,Cash,12204.93
3090,900,16,2024-05-31,3,Credit Card,8361.210000000001
3091,691,77,2024-11-25,1,UPI,4333.41
3092,597,58,2024-04-25,4,Cash,13924.0
3093,451,93,2025-06-25,2,Credit Card,4697.84
3094,557,9,2024-11-18,3,UPI,5324.5199999999995
3095,136,26,2025-07-16,4,Credit Card,14318.64
3096,855,28,2025-07-25,4,UPI,12224.52
3097,16,77,2024-08-16,3,UPI,13000.23
3098,333,36,2024-12-25,3,UPI,9869.07
3099,195,9,2024-01-05,4,Cash,7099.36
3100,496,47,2024-01-28,2,Debit Card,9820.2
3101,9,78,2024-12-29,2,UPI,4917.06
3102,828,51,2025-04-06,3,UPI,9749.43
3103,334,76,2024-08-18,3,Credit Card,8544.84
3104,333,57,2025-01-29,1,Credit Card,397.08
3105,327,32,2025-12-12,1,Cash,2952.82
3106,15,67,2024-09-27,2,Debit Card,3671.82
3107,839,57,2024-10-30,1,Credit Card,397.08
3108,614,54,2025-01-17,4,Cash,7011.88
3109,226,16,2025-07-11,4,Cash,11148.28
3110,425,62,2024-01-28,4,Cash,4912.92
3111,790,84,2025-06-02,4,UPI,8080.44
3112,408,96,2024-07-17,3,Debit Card,3445.17
3113,113,56,2025-08-28,4,Debit Card,10960.72
3114,997,23,2024-03-22,2,Debit Card,2229.54
3115,428,17,2024-03-28,1,UPI,4408.35
3116,1,80,2025-01-24,2,UPI,6808.62
3117,266,38,2025-11-28,3,Credit Card,8551.02
3118,491,72,2025-08-02,1,Credit Card,3828.19
3119,208,83,2025-03-26,1,Credit Card,2683.44
3120,622,30,2025-03-08,1,Cash,392.61
3121,712,58,2025-01-08,4,Debit Card,13924.0
3122,952,98,2025-03-10,3,UPI,508.59000000000003
3123,369,78,2024-07-05,2,Credit Card,4917.06
3124,985,22,2025-01-24,4,Cash,6106.44
3125,306,17,2024-08-05,1,UPI,4408.35
3126,12,15,2024-04-17,2,Cash,6697.48
3127,345,48,2025-07-03,2,Cash,5367.2
3128,465,32,2024-12-14,2,Cash,5905.64
3129,700,77,2025-06-05,3,Debit Card,13000.23
3130,666,85,2024-01-26,4,UPI,13318.64
3131,494,40,2024-02-17,3,UPI,3313.2300000000005
3132,368,97,2025-01-04,1,Cash,163.84
3133,846,57,2024-01-14,1,Debit Card,397.08
3134,937,58,2025-09-03,2,Cash,6962.0
3135,420,91,2024-07-05,2,Credit Card,5320.88
3136,889,99,2025-06-07,2,UPI,8328.04
3137,791,16,2024-10-05,3,UPI,8361.210000000001
3138,171,28,2024-12-06,4,Debit Card,12224.52
3139,134,98,2024-11-23,3,UPI,508.59000000000003
3140,965,1,2025-11-09,1,UPI,4299.93
3141,427,41,2025-09-25,2,UPI,7311.14
3142,25,48,2025-08-29,2,Debit Card,5367.2
3143,530,31,2024-01-25,3,Cash,10173.150000000001
3144,190,36,2025-06-12,1,UPI,3289.69
3145,141,33,2025-03-01,4,Cash,19808.08
3146,555,33,2024-01-29,2,Debit Card,9904.04
3147,846,82,2024-11-18,2,Cash,9950.82
3148,796,23,2024-11-08,1,Credit Card,1114.77
3149,658,60,2025-08-06,2,UPI,9319.94
3150,315,87,2024-09-26,4,Debit Card,12876.16
3151,444,79,2024-10-21,3,Debit Card,13495.829999999998
3152,319,90,2025-10-17,1,Cash,4769.8
3153,441,30,2024-08-10,2,UPI,785.22
3154,92,89,2024-03-15,2,Debit Card,4185.4
3155,179,45,2024-04-11,4,Credit Card,6576.88
3156,56,80,2025-06-15,3,Cash,10212.93
3157,155,39,2025-09-20,4,Credit Card,15627.8
3158,672,45,2025-11-16,3,Credit Card,4932.66
3159,111,78,2024-06-21,4,Cash,9834.12
3160,137,81,2024-01-04,3,Credit Card,2313.8999999999996
3161,232,12,2025-04-23,2,Cash,6490.22
3162,992,93,2025-10-21,2,Cash,4697.84
3163,468,32,2025-01-29,2,Debit Card,5905.64
3164,732,56,2025-09-17,1,Debit Card,2740.18
3165,481,24,2024-06-15,3,Credit Card,2539.23
3166,68,13,2024-10-26,1,Credit Card,2896.18
3167,814,20,2024-04-27,3,Credit Card,12497.52
3168,249,79,2025-05-26,2,Credit Card,8997.22
3169,994,56,2025-09-03,1,Credit Card,2740.18
3170,323,53,2024-06-23,1,Debit Card,4742.24
3171,922,68,2024-06-07,4,Credit Card,19001.8
3172,904,54,2025-01-18,3,Credit Card,5258.91
3173,518,34,2024-08-14,4,UPI,5087.52
3174,976,28,2024-02-07,1,Cash,3056.13
3175,792,50,2025-04-07,1,Cash,903.02
3176,432,2,2025-03-06,2,Debit Card,5838.48
3177,487,94,2025-12-10,4,Cash,18420.0
3178,606,26,2025-10-09,4,Credit Card,14318.64
3179,429,51,2024-04-13,4,Cash,12999.24
3180,269,47,2024-07-11,3,Debit Card,14730.300000000001
3181,709,26,2024-09-06,1,Cash,3579.66
3182,537,84,2024-01-13,4,Cash,8080.44
3183,148,92,2025-07-20,2,UPI,2347.36
3184,118,84,2025-08-19,1,UPI,2020.11
3185,850,75,2025-09-12,2,Credit Card,4694.26
3186,367,74,2025-07-08,1,Cash,983.51
3187,850,61,2025-01-22,2,Credit Card,5073.66
3188,66,23,2024-03-11,4,Cash,4459.08
3189,970,37,2025-07-24,4,Credit Card,13034.0
3190,813,41,2025-03-13,2,Credit Card,7311.14
3191,370,52,2024-02-13,3,Cash,12204.93
3192,175,83,2024-09-28,2,UPI,5366.88
3193,831,82,2024-01-14,1,Debit Card,4975.41
3194,588,49,2025-01-05,2,Credit Card,9082.92
3195,495,27,2024-04-21,2,Debit Card,9386.3
3196,973,6,2025-01-13,1,Cash,990.52
3197,114,74,2024-11-09,4,Credit Card,3934.04
3198,111,66,2025-02-18,1,Cash,3829.33
3199,761,24,2025-04-29,2,Credit Card,1692.82
3200,439,38,2024-06-17,1,UPI,2850.34
3201,715,28,2024-09-02,2,Credit Card,6112.26
3202,147,28,2024-09-22,4,Credit Card,12224.52
3203,35,66,2024-08-30,2,Credit Card,7658.66
3204,999,61,2025-10-31,2,Cash,5073.66
3205,309,46,2024-10-26,4,UPI,5814.24
3206,538,69,2024-11-22,1,Cash,4815.32
3207,750,75,2025-06-13,3,Debit Card,7041.39
3208,14,74,2025-08-17,3,UPI,2950.5299999999997
3209,374,43,2024-12-07,2,Credit Card,8981.54
3210,557,59,2025-11-09,2,Credit Card,6962.94
3211,428,2,2025-07-07,4,Credit Card,11676.96
3212,728,15,2024-09-05,1,Debit Card,3348.74
3213,233,37,2025-01-14,3,Debit Card,9775.5
3214,705,71,2025-06-15,3,Credit Card,13951.32
3215,563,20,2025-01-15,4,Credit Card,16663.36
3216,939,98,2024-02-11,4,Debit Card,678.12
3217,887,35,2024-12-10,3,Cash,8101.83
3218,726,34,2025-08-21,1,UPI,1271.88
3219,663,86,2024-09-17,1,UPI,633.58
3220,440,31,2024-11-01,1,Debit Card,3391.05
3221,502,87,2024-08-27,2,Debit Card,6438.08
3222,275,19,2025-11-09,1,Cash,2780.12
3223,850,68,2024-11-08,2,Credit Card,9500.9
3224,76,24,2025-12-31,2,Debit Card,1692.82
3225,439,84,2025-03-16,4,Cash,8080.44
3226,732,39,2024-05-12,2,Debit Card,7813.9
3227,860,92,2025-12-19,2,Credit Card,2347.36
3228,956,54,2024-02-20,4,Debit Card,7011.88
3229,699,39,2025-09-09,1,Credit Card,3906.95
3230,289,17,2025-01-26,1,Cash,4408.35
3231,915,19,2025-11-26,3,UPI,8340.36
3232,540,48,2025-12-13,3,Cash,8050.799999999999
3233,891,35,2025-06-06,2,UPI,5401.22
3234,692,32,2025-05-22,3,Cash,8858.460000000001
3235,253,47,2025-10-23,4,UPI,19640.4
3236,126,47,2024-12-19,3,Cash,14730.300000000001
3237,177,64,2025-01-29,3,Credit Card,6409.950000000001
3238,37,46,2024-04-05,2,UPI,2907.12
3239,410,35,2024-04-15,4,UPI,10802.44
3240,611,94,2025-10-16,3,Credit Card,13815.0
3241,610,17,2025-11-08,1,Credit Card,4408.35
3242,127,42,2025-05-27,4,UPI,12546.8
3243,483,29,2025-07-11,4,UPI,9678.64
3244,168,70,2024-08-29,2,UPI,6284.9
3245,592,17,2025-05-02,4,Debit Card,17633.4
3246,294,81,2025-05-29,4,Cash,3085.2
3247,845,14,2025-10-15,4,Credit Card,11534.6
3248,638,24,2024-03-01,4,Credit Card,3385.64
3249,343,57,2025-02-19,4,Cash,1588.32
3250,310,50,2024-10-20,4,Credit Card,3612.08
3251,662,57,2024-10-28,4,Credit Card,1588.32
3252,528,61,2024-06-18,1,UPI,2536.83
3253,540,39,2025-10-07,4,Credit Card,15627.8
3254,419,55,2024-02-10,2,Debit Card,7304.82
3255,444,96,2024-08-18,1,Debit Card,1148.39
3256,685,36,2025-02-12,4,UPI,13158.76
3257,558,37,2025-10-12,3,UPI,9775.5
3258,840,14,2025-09-13,2,Credit Card,5767.3
3259,236,27,2024-10-23,1,UPI,4693.15
3260,439,83,2025-03-30,2,UPI,5366.88
3261,214,31,2024-02-26,1,Cash,3391.05
3262,85,73,2025-09-26,3,UPI,8338.83
3263,794,81,2024-08-27,2,Debit Card,1542.6
3264,744,83,2025-08-20,2,Credit Card,5366.88
3265,85,44,2024-06-24,1,UPI,4251.25
3266,921,68,2024-03-03,1,Cash,4750.45
3267,489,48,2025-07-04,3,Credit Card,8050.799999999999
3268,65,57,2024-05-17,4,Credit Card,1588.32
3269,646,75,2025-03-29,1,Credit Card,2347.13
3270,663,22,2025-03-24,1,Cash,1526.61
3271,627,4,2024-08-13,1,Debit Card,1974.64
3272,64,81,2025-03-18,3,Cash,2313.8999999999996
3273,343,72,2024-07-24,4,Cash,15312.76
3274,939,46,2025-11-06,4,Credit Card,5814.24
3275,875,59,2024-01-27,3,Cash,10444.41
3276,919,34,2025-04-01,4,Credit Card,5087.52
3277,352,11,2025-11-25,2,UPI,2387.98
3278,158,31,2025-12-10,3,UPI,10173.150000000001
3279,589,11,2024-04-16,1,Cash,1193.99
3280,491,56,2025-03-19,4,Debit Card,10960.72
3281,658,38,2025-12-01,2,Credit Card,5700.68
3282,855,21,2024-02-05,3,Cash,9210.36
3283,463,94,2025-08-19,3,Cash,13815.0
3284,225,10,2024-06-03,1,Debit Card,3721.23
3285,917,26,2024-06-17,1,Credit Card,3579.66
3286,313,91,2024-09-28,3,Cash,7981.32
3287,615,8,2025-06-30,2,Debit Card,3454.58
3288,919,8,2025-02-23,1,Credit Card,1727.29
3289,859,60,2024-07-02,3,UPI,13979.91
3290,813,72,2025-09-02,3,Debit Card,11484.57
3291,940,34,2024-08-24,1,Cash,1271.88
3292,466,16,2025-05-23,4,UPI,11148.28
3293,88,13,2025-03-16,2,Credit Card,5792.36
3294,883,87,2024-05-01,4,Debit Card,12876.16
3295,303,76,2025-02-20,4,UPI,11393.12
3296,680,91,2025-06-18,2,UPI,5320.88
3297,435,22,2025-01-09,2,Cash,3053.22
3298,682,96,2025-07-28,1,UPI,1148.39
3299,135,27,2024-11-21,1,Cash,4693.15
3300,50,64,2025-04-24,1,Credit Card,2136.65
3301,432,2,2024-05-29,2,Cash,5838.48
3302,340,97,2025-12-07,4,Debit Card,655.36
3303,347,26,2025-08-14,2,UPI,7159.32
3304,646,92,2025-05-04,1,Credit Card,1173.68
3305,347,83,2024-06-01,4,Cash,10733.76
3306,649,69,2024-01-17,1,Cash,4815.32
3307,245,97,2025-07-04,4,Cash,655.36
3308,109,84,2024-12-13,1,Credit Card,2020.11
3309,825,30,2025-04-03,2,Credit Card,785.22
3310,799,8,2024-07-20,3,Debit Card,5181.87
3311,533,38,2025-02-26,3,Credit Card,8551.02
3312,90,61,2024-10-06,4,Cash,10147.32
3313,296,81,2025-02-25,2,Credit Card,1542.6
3314,112,65,2025-08-22,1,Cash,1579.39
3315,813,67,2025-04-09,4,Debit Card,7343.64
3316,589,46,2024-12-20,4,Debit Card,5814.24
3317,177,90,2025-08-04,1,Cash,4769.8
3318,343,95,2025-01-12,1,Credit Card,962.87
3319,660,72,2024-05-03,1,Credit Card,3828.19
3320,101,43,2024-03-20,2,UPI,8981.54
3321,758,59,2025-07-10,3,Debit Card,10444.41
3322,629,46,2024-08-20,4,Debit Card,5814.24
3323,604,72,2025-04-24,4,Cash,15312.76
3324,401,35,2024-06-02,3,UPI,8101.83
3325,28,39,2025-11-22,4,Credit Card,15627.8
3326,937,92,2025-02-12,2,Cash,2347.36
3327,962,51,2024-01-31,1,Credit Card,3249.81
3328,537,4,2025-08-19,3,Credit Card,5923.92
3329,58,80,2025-07-10,2,Credit Card,6808.62
3330,498,77,2025-05-17,1,UPI,4333.41
3331,297,84,2025-01-05,3,Debit Card,6060.33
3332,134,51,2024-11-18,2,Debit Card,6499.62
3333,331,5,2024-11-27,3,Credit Card,5705.67
3334,249,55,2024-08-30,3,UPI,10957.23
3335,550,20,2025-07-05,2,Credit Card,8331.68
3336,902,24,2025-03-05,4,Credit Card,3385.64
3337,941,36,2024-06-30,2,Cash,6579.38
3338,75,34,2025-04-17,3,UPI,3815.6400000000003
3339,654,54,2025-01-10,3,UPI,5258.91
3340,834,34,2024-03-21,2,Debit Card,2543.76
3341,168,83,2025-07-03,1,Debit Card,2683.44
3342,771,17,2025-02-23,1,Credit Card,4408.35
3343,503,5,2025-04-11,1,Cash,1901.89
3344,885,89,2025-03-03,1,Cash,2092.7
3345,355,18,2024-02-26,2,Cash,6820.68
3346,225,55,2024-11-17,4,Credit Card,14609.64
3347,664,53,2025-06-25,1,Debit Card,4742.24
3348,531,50,2025-05-09,3,UPI,2709.06
3349,146,72,2024-09-22,1,Credit Card,3828.19
3350,960,91,2024-08-14,4,Cash,10641.76
3351,241,79,2024-02-23,2,Cash,8997.22
3352,884,45,2025-08-31,4,Credit Card,6576.88
3353,893,13,2024-01-04,4,Cash,11584.72
3354,344,16,2025-03-14,4,UPI,11148.28
3355,749,86,2024-11-05,1,Credit Card,633.58
3356,35,84,2025-08-25,1,UPI,2020.11
3357,702,13,2024-03-29,4,Debit Card,11584.72
3358,1,20,2024-11-15,2,Cash,8331.68
3359,996,66,2025-01-09,1,Cash,3829.33
3360,153,99,2025-08-26,2,Debit Card,8328.04
3361,429,47,2025-05-15,1,Debit Card,4910.1
3362,945,19,2025-10-23,2,Debit Card,5560.24
3363,508,45,2024-08-21,1,Cash,1644.22
3364,126,37,2024-12-02,4,Debit Card,13034.0
3365,491,54,2025-07-24,3,Credit Card,5258.91
3366,482,6,2024-07-03,3,Debit Card,2971.56
3367,345,14,2025-03-13,2,Credit Card,5767.3
3368,912,4,2025-07-09,2,Credit Card,3949.28
3369,738,86,2024-06-28,4,UPI,2534.32
3370,221,55,2024-03-16,4,Credit Card,14609.64
3371,915,100,2025-10-17,2,Credit Card,7374.8
3372,919,34,2025-09-04,3,Debit Card,3815.6400000000003
3373,723,27,2024-09-28,4,Cash,18772.6
3374,25,7,2024-02-24,2,Debit Card,4467.98
3375,528,3,2025-12-01,4,UPI,1897.16
3376,182,47,2024-03-17,4,UPI,19640.4
3377,499,97,2024-10-22,1,Cash,163.84
3378,841,2,2024-08-06,4,Credit Card,11676.96
3379,641,80,2024-10-03,2,UPI,6808.62
3380,42,25,2025-07-31,4,Cash,18029.32
3381,915,60,2025-10-09,2,Debit Card,9319.94
3382,481,79,2025-12-11,1,Debit Card,4498.61
3383,930,24,2024-09-22,1,Debit Card,846.41
3384,848,15,2024-02-12,3,Credit Card,10046.22
3385,748,95,2024-12-26,1,Credit Card,962.87
3386,872,14,2024-08-15,1,Cash,2883.65
3387,439,54,2024-08-14,2,UPI,3505.94
3388,402,78,2024-03-03,3,Debit Card,7375.59
3389,546,6,2024-06-19,1,Credit Card,990.52
3390,345,78,2024-11-02,4,Credit Card,9834.12
3391,893,81,2025-07-21,3,UPI,2313.8999999999996
3392,45,18,2025-11-13,1,Debit Card,3410.34
3393,646,20,2024-02-03,3,Debit Card,12497.52
3394,21,62,2025-10-03,1,UPI,1228.23
3395,634,81,2024-05-09,2,Cash,1542.6
3396,70,80,2025-01-28,3,Cash,10212.93
3397,864,40,2024-05-30,3,UPI,3313.2300000000005
3398,873,39,2025-10-16,1,UPI,3906.95
3399,48,52,2025-09-21,3,Cash,12204.93
3400,491,32,2025-12-16,1,UPI,2952.82
3401,551,73,2025-01-18,4,Debit Card,11118.44
3402,287,27,2024-01-17,3,Cash,14079.449999999999
3403,10,52,2025-08-16,3,Cash,12204.93
3404,542,97,2024-01-14,2,Cash,327.68
3405,756,63,2024-03-21,2,Debit Card,636.72
3406,274,74,2024-07-25,3,UPI,2950.5299999999997
3407,956,63,2024-07-22,2,Credit Card,636.72
3408,600,17,2025-01-13,3,Credit Card,13225.050000000001
3409,756,49,2025-06-27,1,Debit Card,4541.46
3410,381,100,2024-01-23,3,Debit Card,11062.2
3411,329,81,2025-09-05,3,UPI,2313.8999999999996
3412,479,82,2024-06-10,4,Credit Card,19901.64
3413,15,23,2025-09-01,2,Cash,2229.54
3414,516,98,2024-05-23,2,Debit Card,339.06
3415,191,72,2024-04-13,4,Credit Card,15312.76
3416,168,13,2025-01-16,1,Cash,2896.18
3417,521,23,2025-03-30,1,Cash,1114.77
3418,621,57,2025-02-20,1,UPI,397.08
3419,137,62,2024-11-19,4,Debit Card,4912.92
3420,154,54,2024-06-19,3,Cash,5258.91
3421,388,20,2025-07-29,1,Debit Card,4165.84
3422,209,86,2025-08-05,1,Credit Card,633.58
3423,272,52,2024-09-30,4,Credit Card,16273.24
3424,143,23,2025-03-27,2,Debit Card,2229.54
3425,611,35,2024-05-04,4,Cash,10802.44
3426,889,67,2025-01-17,2,Cash,3671.82
3427,820,34,2024-11-12,1,Credit Card,1271.88
3428,69,33,2024-04-16,1,Cash,4952.02
3429,247,46,2025-10-21,3,Cash,4360.68
3430,261,81,2025-04-07,3,Credit Card,2313.8999999999996
3431,788,45,2025-03-05,2,UPI,3288.44
3432,79,19,2025-12-04,1,Credit Card,2780.12
3433,658,94,2024-12-02,1,Debit Card,4605.0
3434,623,87,2025-05-10,4,UPI,12876.16
3435,770,15,2024-12-27,1,Debit Card,3348.74
3436,605,78,2025-03-07,1,UPI,2458.53
3437,525,66,2025-11-05,4,UPI,15317.32
3438,772,39,2025-06-03,4,Credit Card,15627.8
3439,938,18,2025-02-09,1,Credit Card,3410.34
3440,621,70,2025-01-11,3,Debit Card,9427.349999999999
3441,330,59,2024-05-31,3,Credit Card,10444.41
3442,189,32,2024-11-17,1,UPI,2952.82
3443,95,21,2025-08-29,3,Credit Card,9210.36
3444,617,40,2024-08-01,4,Debit Card,4417.64
3445,8,92,2025-07-29,3,UPI,3521.04
3446,67,27,2024-03-05,1,Debit Card,4693.15
3447,496,2,2024-09-26,3,Cash,8757.72
3448,191,97,2025-06-20,1,Credit Card,163.84
3449,366,80,2024-04-09,3,UPI,10212.93
3450,768,39,2024-04-14,1,Debit Card,3906.95
3451,521,86,2024-05-10,1,Credit Card,633.58
3452,990,56,2025-01-23,3,Credit Card,8220.539999999999
3453,117,13,2024-11-16,3,Debit Card,8688.539999999999
3454,267,56,2025-03-13,4,UPI,10960.72
3455,611,66,2024-01-19,2,Debit Card,7658.66
3456,485,78,2024-08-12,1,Credit Card,2458.53
3457,509,56,2025-09-09,1,Debit Card,2740.18
3458,298,28,2025-07-19,1,Cash,3056.13
3459,909,64,2025-04-04,1,Credit Card,2136.65
3460,164,71,2025-01-28,3,UPI,13951.32
3461,376,82,2024-08-13,3,Cash,14926.23
3462,653,64,2024-12-25,2,Debit Card,4273.3
3463,268,56,2025-03-05,1,UPI,2740.18
3464,549,41,2024-01-15,2,Cash,7311.14
3465,74,100,2025-07-13,4,Debit Card,14749.6
3466,508,41,2025-10-12,2,Cash,7311.14
3467,73,100,2025-06-29,2,Credit Card,7374.8
3468,308,4,2025-02-17,4,UPI,7898.56
3469,199,57,2024-12-20,4,Cash,1588.32
3470,130,30,2025-04-01,2,Credit Card,785.22
3471,758,88,2025-12-22,4,Debit Card,10165.44
3472,824,84,2025-06-14,2,Credit Card,4040.22
3473,572,46,2024-07-14,3,Debit Card,4360.68
3474,791,56,2024-04-24,3,UPI,8220.539999999999
3475,615,31,2025-02-20,2,Credit Card,6782.1
3476,808,88,2024-12-17,4,Credit Card,10165.44
3477,832,7,2024-03-15,4,Debit Card,8935.96
3478,487,90,2025-10-23,3,Cash,14309.400000000001
3479,853,77,2024-02-05,3,Debit Card,13000.23
3480,151,54,2024-08-29,4,Cash,7011.88
3481,669,8,2025-10-24,4,Debit Card,6909.16
3482,206,55,2024-03-03,4,UPI,14609.64
3483,986,69,2025-10-27,4,Cash,19261.28
3484,179,44,2025-05-23,2,Credit Card,8502.5
3485,197,13,2024-07-06,4,Cash,11584.72
3486,735,93,2024-04-02,3,Debit Card,7046.76
3487,89,20,2024-01-05,3,Debit Card,12497.52
3488,799,78,2025-03-13,1,Cash,2458.53
3489,434,32,2024-06-14,4,Credit Card,11811.28
3490,788,60,2025-03-21,2,UPI,9319.94
3491,748,50,2024-01-25,1,Credit Card,903.02
3492,183,27,2025-05-22,1,Cash,4693.15
3493,209,25,2024-04-07,2,Debit Card,9014.66
3494,493,52,2024-09-24,1,Credit Card,4068.31
3495,130,68,2025-10-23,1,Debit Card,4750.45
3496,665,21,2025-01-27,3,Debit Card,9210.36
3497,13,18,2025-08-18,1,Credit Card,3410.34
3498,634,39,2024-10-11,2,Cash,7813.9
3499,871,15,2025-11-14,4,Credit Card,13394.96
3500,732,53,2024-04-18,4,UPI,18968.96
3501,106,38,2024-01-27,4,Debit Card,11401.36
3502,375,48,2024-02-24,3,Debit Card,8050.799999999999
3503,582,52,2024-05-12,3,Cash,12204.93
3504,707,88,2024-02-21,3,Debit Card,7624.08
3505,698,72,2025-05-07,2,Debit Card,7656.38
3506,99,28,2024-10-24,4,Debit Card,12224.52
3507,594,85,2025-02-02,2,Credit Card,6659.32
3508,587,16,2025-08-13,2,Debit Card,5574.14
3509,886,16,2024-01-18,1,Credit Card,2787.07
3510,852,35,2025-09-10,4,Cash,10802.44
3511,192,17,2025-07-12,1,UPI,4408.35
3512,325,73,2024-09-02,3,Debit Card,8338.83
3513,979,99,2025-05-17,3,UPI,12492.060000000001
3514,726,52,2024-03-29,2,Credit Card,8136.62
3515,827,93,2024-07-21,2,Cash,4697.84
3516,956,82,2024-08-27,1,Cash,4975.41
3517,467,12,2025-05-04,1,Credit Card,3245.11
3518,894,83,2024-01-13,2,UPI,5366.88
3519,367,48,2025-10-10,4,Debit Card,10734.4
3520,318,22,2024-11-10,2,Credit Card,3053.22
3521,144,49,2025-11-15,4,Credit Card,18165.84
3522,384,52,2024-07-16,1,Credit Card,4068.31
3523,216,79,2024-08-30,3,Credit Card,13495.829999999998
3524,361,1,2025-05-21,3,Credit Card,12899.79
3525,324,66,2024-02-12,1,Cash,3829.33
3526,15,64,2024-11-25,1,Credit Card,2136.65
3527,217,8,2025-08-13,3,Cash,5181.87
3528,492,86,2025-03-04,4,UPI,2534.32
3529,951,25,2025-09-04,1,Debit Card,4507.33
3530,547,66,2024-06-10,4,Cash,15317.32
3531,183,73,2025-10-17,4,Debit Card,11118.44
3532,270,73,2025-09-12,3,Debit Card,8338.83
3533,945,77,2025-03-10,4,Debit Card,17333.64
3534,467,70,2024-08-20,3,Cash,9427.349999999999
3535,870,94,2024-04-20,1,Cash,4605.0
3536,612,79,2024-08-19,2,Cash,8997.22
3537,519,51,2025-12-09,2,UPI,6499.62
3538,542,53,2024-09-29,2,Cash,9484.48
3539,467,15,2025-08-20,2,UPI,6697.48
3540,305,50,2024-02-10,2,Cash,1806.04
3541,985,71,2025-07-13,2,Cash,9300.88
3542,144,75,2025-04-10,4,Debit Card,9388.52
3543,111,38,2024-03-17,4,Credit Card,11401.36
3544,232,40,2025-11-20,2,Debit Card,2208.82
3545,691,66,2025-05-04,1,Cash,3829.33
3546,584,39,2024-04-26,1,Credit Card,3906.95
3547,722,74,2025-03-09,4,Credit Card,3934.04
3548,732,17,2024-01-19,4,UPI,17633.4
3549,592,7,2025-07-24,2,Credit Card,4467.98
3550,500,39,2024-07-14,1,UPI,3906.95
3551,595,68,2025-09-10,3,Debit Card,14251.349999999999
3552,554,35,2025-03-26,2,UPI,5401.22
3553,273,51,2025-02-28,4,Cash,12999.24
3554,703,47,2025-01-28,4,Credit Card,19640.4
3555,173,36,2024-10-10,4,Cash,13158.76
3556,973,64,2024-02-03,3,Credit Card,6409.950000000001
3557,7,95,2024-10-21,1,Credit Card,962.87
3558,155,89,2024-09-07,4,Debit Card,8370.8
3559,522,13,2025-09-29,2,UPI,5792.36
3560,546,18,2024-12-04,3,Debit Card,10231.02
3561,548,21,2025-09-09,1,UPI,3070.12
3562,921,65,2025-03-15,2,Debit Card,3158.78
3563,518,100,2024-06-28,2,Debit Card,7374.8
3564,920,8,2025-09-13,3,Credit Card,5181.87
3565,914,48,2024-08-15,3,Debit Card,8050.799999999999
3566,215,85,2025-09-24,3,Debit Card,9988.98
3567,134,43,2025-09-10,4,UPI,17963.08
3568,285,53,2025-10-04,1,Debit Card,4742.24
3569,126,85,2024-01-23,4,Credit Card,13318.64
3570,921,27,2025-10-18,3,Debit Card,14079.449999999999
3571,439,19,2024-11-22,3,Cash,8340.36
3572,849,23,2024-06-02,3,Cash,3344.31
3573,686,50,2025-09-10,4,UPI,3612.08
3574,152,51,2024-05-25,2,UPI,6499.62
3575,331,43,2024-09-08,3,Cash,13472.310000000001
3576,538,99,2024-10-28,4,Debit Card,16656.08
3577,383,51,2024-03-10,3,Debit Card,9749.43
3578,115,69,2025-06-26,4,UPI,19261.28
3579,894,41,2024-04-02,1,Credit Card,3655.57
3580,482,72,2025-10-10,1,Debit Card,3828.19
3581,284,11,2024-06-11,4,Cash,4775.96
3582,899,80,2024-03-21,3,Credit Card,10212.93
3583,75,88,2025-08-10,4,Credit Card,10165.44
3584,166,85,2024-03-03,1,Debit Card,3329.66
3585,189,52,2025-09-03,4,Credit Card,16273.24
3586,78,23,2025-03-11,1,UPI,1114.77
3587,947,49,2024-02-17,1,Credit Card,4541.46
3588,602,38,2025-03-20,2,UPI,5700.68
3589,688,47,2024-03-14,3,Debit Card,14730.300000000001
3590,21,72,2025-12-04,4,Credit Card,15312.76
3591,566,7,2025-06-25,3,Cash,6701.969999999999
3592,184,66,2024-06-05,3,Cash,11487.99
3593,871,94,2025-05-01,1,UPI,4605.0
3594,222,77,2024-09-22,1,UPI,4333.41
3595,827,62,2024-09-12,4,Debit Card,4912.92
3596,328,87,2024-02-08,4,Credit Card,12876.16
3597,179,29,2024-02-24,4,UPI,9678.64
3598,788,38,2024-01-28,1,UPI,2850.34
3599,112,84,2024-04-27,2,Debit Card,4040.22
3600,736,33,2025-01-04,4,Credit Card,19808.08
3601,726,29,2024-07-27,1,Credit Card,2419.66
3602,59,79,2025-08-09,2,UPI,8997.22
3603,327,23,2025-07-30,3,Credit Card,3344.31
3604,905,3,2025-09-03,1,Credit Card,474.29
3605,621,93,2025-07-11,4,Credit Card,9395.68
3606,897,45,2024-11-11,4,Cash,6576.88
3607,669,8,2025-01-27,2,Credit Card,3454.58
3608,191,86,2025-03-19,2,Cash,1267.16
3609,200,29,2025-10-29,1,Credit Card,2419.66
3610,312,2,2024-09-15,2,Credit Card,5838.48
3611,708,50,2025-10-09,1,Credit Card,903.02
3612,35,65,2024-07-16,2,UPI,3158.78
3613,379,20,2025-11-29,3,UPI,12497.52
3614,387,52,2025-09-19,4,Cash,16273.24
3615,758,85,2025-03-20,4,Credit Card,13318.64
3616,237,37,2025-07-23,3,Cash,9775.5
3617,616,72,2025-08-04,4,Credit Card,15312.76
3618,519,27,2025-08-27,4,Debit Card,18772.6
3619,283,47,2025-10-10,4,Cash,19640.4
3620,1,99,2025-09-08,4,UPI,16656.08
3621,731,6,2024-10-31,3,Debit Card,2971.56
3622,464,60,2024-12-04,1,UPI,4659.97
3623,230,45,2025-06-12,4,Debit Card,6576.88
3624,967,44,2024-02-23,3,Debit Card,12753.75
3625,172,83,2024-04-21,4,Debit Card,10733.76
3626,87,18,2025-11-14,3,Cash,10231.02
3627,553,65,2025-02-22,3,Cash,4738.17
3628,123,25,2024-10-31,1,UPI,4507.33
3629,843,27,2025-03-13,2,Cash,9386.3
3630,298,7,2025-10-17,1,UPI,2233.99
3631,885,44,2024-03-25,1,Credit Card,4251.25
3632,929,29,2025-06-07,4,UPI,9678.64
3633,690,95,2024-09-08,3,UPI,2888.61
3634,575,44,2025-12-28,2,Cash,8502.5
3635,484,36,2024-05-05,3,UPI,9869.07
3636,165,19,2025-09-01,4,Cash,11120.48
3637,699,6,2025-02-08,3,UPI,2971.56
3638,383,25,2024-10-30,4,Credit Card,18029.32
3639,209,31,2024-01-28,1,Cash,3391.05
3640,739,9,2024-09-22,1,Cash,1774.84
3641,432,84,2024-02-21,4,Credit Card,8080.44
3642,389,74,2025-10-16,1,Cash,983.51
3643,560,37,2025-10-05,3,UPI,9775.5
3644,224,27,2025-05-25,2,Debit Card,9386.3
3645,3,13,2024-07-25,2,Cash,5792.36
3646,372,41,2025-07-27,3,Debit Card,10966.710000000001
3647,687,66,2025-05-25,2,UPI,7658.66
3648,446,85,2025-10-05,3,Credit Card,9988.98
3649,611,97,2025-07-06,4,Cash,655.36
3650,116,24,2024-07-19,2,Debit Card,1692.82
3651,270,44,2025-09-02,4,Credit Card,17005.0
3652,447,98,2024-10-10,4,Credit Card,678.12
3653,368,60,2024-12-22,3,Cash,13979.91
3654,253,9,2024-02-16,2,Debit Card,3549.68
3655,317,2,2024-05-16,1,Cash,2919.24
3656,415,56,2024-05-09,1,UPI,2740.18
3657,95,30,2024-07-13,1,Credit Card,392.61
3658,785,22,2025-09-20,1,Debit Card,1526.61
3659,892,75,2024-12-29,3,Cash,7041.39
3660,24,81,2025-03-07,4,Credit Card,3085.2
3661,628,100,2024-03-09,2,Cash,7374.8
3662,663,13,2025-04-02,3,Debit Card,8688.539999999999
3663,850,71,2025-06-23,1,UPI,4650.44
3664,50,16,2024-11-30,2,UPI,5574.14
3665,502,97,2025-06-09,3,UPI,491.52
3666,718,45,2025-07-11,4,Cash,6576.88
3667,498,65,2024-01-16,1,Credit Card,1579.39
3668,335,11,2025-03-31,2,UPI,2387.98
3669,79,70,2025-05-24,2,UPI,6284.9
3670,582,20,2024-07-27,1,UPI,4165.84
3671,27,99,2024-06-06,4,UPI,16656.08
3672,271,63,2024-12-02,1,Debit Card,318.36
3673,562,90,2024-08-28,4,Debit Card,19079.2
3674,804,12,2024-02-27,2,Credit Card,6490.22
3675,247,62,2024-10-31,1,Debit Card,1228.23
3676,776,94,2024-12-10,4,Debit Card,18420.0
3677,591,92,2025-10-03,4,Debit Card,4694.72
3678,387,91,2025-12-29,3,Cash,7981.32
3679,702,42,2024-01-14,4,Debit Card,12546.8
3680,559,83,2024-12-24,1,Cash,2683.44
3681,973,69,2025-01-11,1,Cash,4815.32
3682,361,58,2024-08-30,4,Debit Card,13924.0
3683,866,5,2024-05-24,1,Cash,1901.89
3684,984,27,2025-02-18,2,UPI,9386.3
3685,488,28,2025-01-28,2,Credit Card,6112.26
3686,352,26,2025-09-06,1,Debit Card,3579.66
3687,701,91,2025-12-29,4,Debit Card,10641.76
3688,928,49,2024-12-23,2,Credit Card,9082.92
3689,256,21,2025-07-29,4,Debit Card,12280.48
3690,222,1,2024-06-06,1,Debit Card,4299.93
3691,884,92,2025-11-04,3,Credit Card,3521.04
3692,753,58,2024-01-18,2,Cash,6962.0
3693,781,79,2025-12-28,1,UPI,4498.61
3694,1,55,2025-07-14,2,Cash,7304.82
3695,546,81,2025-07-21,4,UPI,3085.2
3696,446,26,2024-12-12,3,Credit Card,10738.98
3697,79,84,2024-02-27,3,Cash,6060.33
3698,236,25,2024-06-03,1,Cash,4507.33
3699,334,77,2025-07-20,2,UPI,8666.82
3700,889,33,2025-05-01,3,UPI,14856.060000000001
3701,349,89,2025-06-14,2,UPI,4185.4
3702,98,72,2025-05-01,4,UPI,15312.76
3703,82,69,2024-05-30,4,Debit Card,19261.28
3704,502,6,2024-12-24,1,Credit Card,990.52
3705,967,23,2025-01-02,3,UPI,3344.31
3706,477,30,2025-09-11,3,Cash,1177.83
3707,927,78,2024-02-16,2,Cash,4917.06
3708,704,54,2024-07-25,4,Cash,7011.88
3709,765,87,2025-03-25,3,UPI,9657.119999999999
3710,921,11,2025-04-27,1,Credit Card,1193.99
3711,550,31,2025-10-01,1,Debit Card,3391.05
3712,14,6,2025-11-27,3,UPI,2971.56
3713,392,11,2025-07-23,1,UPI,1193.99
3714,347,77,2024-05-22,3,Debit Card,13000.23
3715,310,12,2025-02-03,3,Credit Card,9735.33
3716,386,66,2024-04-06,3,UPI,11487.99
3717,209,53,2024-02-16,3,Cash,14226.72
3718,357,99,2024-07-09,2,Cash,8328.04
3719,974,36,2024-05-19,3,UPI,9869.07
3720,601,17,2025-09-06,1,Credit Card,4408.35
3721,568,28,2024-08-18,4,Cash,12224.52
3722,94,92,2024-12-05,2,Cash,2347.36
3723,93,22,2025-05-05,4,Debit Card,6106.44
3724,340,7,2024-02-18,4,Credit Card,8935.96
3725,597,15,2025-09-15,4,UPI,13394.96
3726,445,96,2025-03-28,4,Debit Card,4593.56
3727,757,11,2024-11-11,4,Debit Card,4775.96
3728,22,24,2024-11-17,1,Debit Card,846.41
3729,291,67,2024-03-27,3,Credit Card,5507.7300000000005
3730,485,30,2025-04-18,1,Credit Card,392.61
3731,784,70,2024-10-08,2,Credit Card,6284.9
3732,306,66,2024-03-14,1,UPI,3829.33
3733,634,61,2025-03-28,2,Credit Card,5073.66
3734,128,78,2024-02-16,3,Debit Card,7375.59
3735,625,41,2025-08-10,4,Cash,14622.28
3736,939,82,2024-04-05,3,UPI,14926.23
3737,273,51,2024-01-31,1,UPI,3249.81
3738,848,44,2025-06-17,1,UPI,4251.25
3739,442,95,2024-01-17,3,Debit Card,2888.61
3740,503,13,2024-07-30,3,Credit Card,8688.539999999999
3741,130,90,2025-10-21,1,Debit Card,4769.8
3742,132,12,2024-08-22,3,Cash,9735.33
3743,597,82,2025-01-26,2,Credit Card,9950.82
3744,935,9,2024-12-19,2,Cash,3549.68
3745,482,85,2024-10-31,1,UPI,3329.66
3746,862,48,2025-08-21,1,UPI,2683.6
3747,390,49,2025-07-03,3,Debit Card,13624.380000000001
3748,593,53,2025-07-18,3,Credit Card,14226.72
3749,999,56,2025-06-23,4,UPI,10960.72
3750,985,40,2025-08-11,2,Debit Card,2208.82
3751,325,24,2025-05-23,1,Cash,846.41
3752,69,98,2025-12-12,1,Debit Card,169.53
3753,660,72,2025-01-29,1,Credit Card,3828.19
3754,448,33,2025-03-06,1,Credit Card,4952.02
3755,528,23,2025-11-15,4,Credit Card,4459.08
3756,819,77,2025-07-15,2,UPI,8666.82
3757,617,54,2024-06-25,4,Debit Card,7011.88
3758,165,53,2025-02-09,2,Cash,9484.48
3759,488,49,2024-10-27,1,Credit Card,4541.46
3760,713,78,2025-03-20,2,Debit Card,4917.06
3761,709,78,2024-05-06,1,UPI,2458.53
3762,426,80,2024-12-14,4,Cash,13617.24
3763,697,49,2024-01-21,2,Cash,9082.92
3764,834,60,2025-12-11,3,Cash,13979.91
3765,265,90,2025-12-01,2,UPI,9539.6
3766,875,90,2025-02-23,1,Credit Card,4769.8
3767,612,65,2024-05-31,3,UPI,4738.17
3768,342,32,2024-06-08,1,Cash,2952.82
3769,832,79,2025-04-24,3,Debit Card,13495.829999999998
3770,726,21,2025-03-18,3,Cash,9210.36
3771,278,18,2024-04-05,2,Debit Card,6820.68
3772,674,94,2024-12-17,2,UPI,9210.0
3773,439,60,2024-03-15,3,UPI,13979.91
3774,157,13,2025-08-16,3,UPI,8688.539999999999
3775,422,24,2025-10-01,3,Debit Card,2539.23
3776,251,30,2024-12-24,1,UPI,392.61
3777,878,2,2024-05-12,2,Credit Card,5838.48
3778,609,83,2025-02-03,1,Cash,2683.44
3779,530,25,2024-05-18,2,Credit Card,9014.66
3780,327,50,2024-09-02,4,Debit Card,3612.08
3781,961,14,2024-10-17,1,UPI,2883.65
3782,895,6,2024-04-21,2,Cash,1981.04
3783,97,76,2025-12-15,3,UPI,8544.84
3784,513,84,2024-06-18,3,UPI,6060.33
3785,216,87,2025-08-21,2,Cash,6438.08
3786,132,30,2025-09-22,3,Cash,1177.83
3787,260,30,2025-09-01,3,Credit Card,1177.83
3788,125,38,2024-08-27,4,Credit Card,11401.36
3789,82,58,2024-12-02,4,Credit Card,13924.0
3790,283,94,2024-05-17,4,Credit Card,18420.0
3791,683,41,2025-08-16,1,Credit Card,3655.57
3792,59,94,2024-08-23,4,Debit Card,18420.0
3793,544,57,2025-10-09,4,Debit Card,1588.32
3794,161,36,2024-01-03,4,UPI,13158.76
3795,284,64,2025-07-24,2,UPI,4273.3
3796,106,98,2024-04-25,3,Credit Card,508.59000000000003
3797,105,16,2025-04-16,2,UPI,5574.14
3798,439,88,2024-05-10,4,Debit Card,10165.44
3799,228,78,2025-04-27,1,Debit Card,2458.53
3800,700,90,2025-02-04,2,UPI,9539.6
3801,582,72,2024-07-19,4,Credit Card,15312.76
3802,318,14,2024-10-18,1,Debit Card,2883.65
3803,464,31,2024-12-07,1,Cash,3391.05
3804,802,66,2025-09-01,1,Cash,3829.33
3805,599,68,2024-08-03,3,UPI,14251.349999999999
3806,882,65,2025-09-27,1,Credit Card,1579.39
3807,874,55,2025-08-07,4,UPI,14609.64
3808,472,84,2024-12-31,2,Credit Card,4040.22
3809,56,78,2025-10-03,2,Credit Card,4917.06
3810,625,40,2025-04-13,4,Cash,4417.64
3811,13,25,2025-02-21,3,Debit Card,13521.99
3812,440,25,2024-01-27,3,Debit Card,13521.99
3813,18,3,2025-11-07,1,UPI,474.29
3814,694,69,2025-03-30,4,UPI,19261.28
3815,973,26,2025-08-02,1,Credit Card,3579.66
3816,113,40,2024-01-14,1,Debit Card,1104.41
3817,229,38,2024-04-07,4,Credit Card,11401.36
3818,171,38,2024-10-05,3,Cash,8551.02
3819,295,68,2025-05-04,3,Cash,14251.349999999999
3820,189,7,2025-09-15,2,Credit Card,4467.98
3821,426,94,2024-07-25,4,Credit Card,18420.0
3822,977,30,2024-08-20,1,Credit Card,392.61
3823,79,19,2025-07-26,4,Credit Card,11120.48
3824,658,35,2025-08-19,1,Credit Card,2700.61
3825,919,33,2025-11-25,2,Cash,9904.04
3826,182,33,2024-08-26,2,Cash,9904.04
3827,499,78,2024-09-06,2,Cash,4917.06
3828,798,38,2025-08-05,2,UPI,5700.68
3829,762,10,2025-08-19,1,Cash,3721.23
3830,866,57,2024-11-01,3,Debit Card,1191.24
3831,826,28,2025-04-07,1,Debit Card,3056.13
3832,708,78,2024-08-23,2,Credit Card,4917.06
3833,835,100,2024-10-17,3,Cash,11062.2
3834,71,38,2024-02-08,4,Credit Card,11401.36
3835,248,16,2025-12-18,1,Credit Card,2787.07
3836,146,21,2024-07-01,4,Debit Card,12280.48
3837,618,92,2025-11-29,2,Debit Card,2347.36
3838,775,97,2025-10-06,4,Credit Card,655.36
3839,296,6,2024-01-30,3,Debit Card,2971.56
3840,582,41,2025-01-22,3,Credit Card,10966.710000000001
3841,470,15,2024-05-22,3,Credit Card,10046.22
3842,506,3,2025-09-06,1,Credit Card,474.29
3843,193,43,2025-02-22,4,UPI,17963.08
3844,68,47,2024-03-14,4,Debit Card,19640.4
3845,494,99,2024-02-24,4,Debit Card,16656.08
3846,817,14,2025-07-25,2,Cash,5767.3
3847,52,66,2024-01-24,1,Debit Card,3829.33
3848,882,29,2024-01-22,1,Cash,2419.66
3849,363,4,2025-03-03,4,Credit Card,7898.56
3850,797,26,2024-02-01,1,UPI,3579.66
3851,917,12,2024-12-04,4,Credit Card,12980.44
3852,474,2,2025-05-29,4,Credit Card,11676.96
3853,846,17,2025-05-26,4,Credit Card,17633.4
3854,521,35,2024-03-10,3,Cash,8101.83
3855,763,10,2025-11-02,2,UPI,7442.46
3856,431,86,2024-03-28,1,Credit Card,633.58
3857,844,43,2025-07-24,2,Cash,8981.54
3858,298,21,2024-08-06,3,Credit Card,9210.36
3859,435,15,2025-12-13,1,UPI,3348.74
3860,696,35,2025-08-11,4,Credit Card,10802.44
3861,691,85,2024-09-26,2,Credit Card,6659.32
3862,198,85,2025-10-12,3,Debit Card,9988.98
3863,128,85,2024-03-18,1,Cash,3329.66
3864,532,60,2025-08-14,1,UPI,4659.97
3865,984,44,2024-01-10,2,Cash,8502.5
3866,411,96,2025-04-12,2,Debit Card,2296.78
3867,934,5,2024-12-01,1,Credit Card,1901.89
3868,840,73,2025-09-27,1,UPI,2779.61
3869,65,18,2024-07-04,3,UPI,10231.02
3870,694,21,2025-06-29,4,Cash,12280.48
3871,241,72,2024-04-30,4,Credit Card,15312.76
3872,369,98,2025-08-14,3,Debit Card,508.59000000000003
3873,536,74,2025-12-18,1,Credit Card,983.51
3874,384,51,2025-07-18,2,Cash,6499.62
3875,431,41,2025-10-29,2,UPI,7311.14
3876,967,24,2024-09-30,1,UPI,846.41
3877,83,24,2025-02-13,3,Credit Card,2539.23
3878,982,96,2024-12-23,1,Credit Card,1148.39
3879,831,97,2025-10-08,2,Credit Card,327.68
3880,697,38,2024-04-07,1,Credit Card,2850.34
3881,951,44,2024-08-28,1,Debit Card,4251.25
3882,828,57,2025-07-10,3,Debit Card,1191.24
3883,611,59,2025-12-11,4,Debit Card,13925.88
3884,574,34,2024-04-23,2,Debit Card,2543.76
3885,286,75,2025-05-01,2,Cash,4694.26
3886,989,95,2024-08-28,1,UPI,962.87
3887,534,82,2024-06-04,2,UPI,9950.82
3888,459,23,2024-12-17,2,Cash,2229.54
3889,212,86,2024-02-13,4,Cash,2534.32
3890,126,43,2025-08-14,2,Debit Card,8981.54
3891,413,82,2024-11-07,2,Credit Card,9950.82
3892,499,40,2024-05-17,3,UPI,3313.2300000000005
3893,425,47,2025-10-24,3,Cash,14730.300000000001
3894,554,41,2025-03-11,3,Credit Card,10966.710000000001
3895,610,47,2024-05-22,3,Debit Card,14730.300000000001
3896,961,20,2024-10-25,3,Cash,12497.52
3897,543,77,2025-07-15,4,UPI,17333.64
3898,158,65,2024-09-18,2,UPI,3158.78
3899,112,68,2025-05-26,1,UPI,4750.45
3900,402,24,2025-11-03,4,Cash,3385.64
3901,759,100,2024-03-02,1,UPI,3687.4
3902,122,36,2025-07-20,3,Debit Card,9869.07
3903,273,45,2025-02-26,2,UPI,3288.44
3904,294,2,2025-01-30,3,Debit Card,8757.72
3905,398,28,2024-01-31,4,UPI,12224.52
3906,471,26,2024-11-25,1,Debit Card,3579.66
3907,985,23,2024-06-17,2,Cash,2229.54
3908,207,79,2024-09-22,4,Debit Card,17994.44
3909,110,36,2024-11-03,4,Cash,13158.76
3910,440,91,2025-04-03,2,Credit Card,5320.88
3911,278,6,2024-07-03,2,Debit Card,1981.04
3912,963,35,2024-11-29,4,Cash,10802.44
3913,568,38,2025-05-29,1,Credit Card,2850.34
3914,887,35,2025-03-16,1,UPI,2700.61
3915,915,100,2025-11-03,4,Credit Card,14749.6
3916,569,74,2025-01-25,4,Debit Card,3934.04
3917,940,94,2025-07-13,3,Credit Card,13815.0
3918,482,53,2024-09-10,3,UPI,14226.72
3919,803,38,2025-08-08,1,Credit Card,2850.34
3920,114,93,2024-11-30,3,Debit Card,7046.76
3921,893,59,2025-02-03,1,Debit Card,3481.47
3922,897,43,2024-06-14,2,Cash,8981.54
3923,820,4,2024-09-16,3,UPI,5923.92
3924,853,5,2024-01-04,1,UPI,1901.89
3925,477,68,2024-04-28,1,Credit Card,4750.45
3926,710,100,2025-04-14,4,UPI,14749.6
3927,933,45,2025-04-14,1,Debit Card,1644.22
3928,321,80,2025-05-07,3,Credit Card,10212.93
3929,179,25,2025-05-14,4,Cash,18029.32
3930,897,78,2024-03-10,4,Credit Card,9834.12
3931,219,11,2025-11-24,3,Credit Card,3581.9700000000003
3932,789,29,2025-01-04,2,Cash,4839.32
3933,949,34,2024-06-29,3,Credit Card,3815.6400000000003
3934,528,86,2024-01-05,3,UPI,1900.7400000000002
3935,492,14,2024-07-15,4,Credit Card,11534.6
3936,891,24,2024-02-16,3,Credit Card,2539.23
3937,61,59,2025-07-05,2,Credit Card,6962.94
3938,54,39,2025-09-25,2,Debit Card,7813.9
3939,680,26,2025-10-08,2,Debit Card,7159.32
3940,538,43,2024-05-19,4,UPI,17963.08
3941,848,36,2025-10-26,3,Cash,9869.07
3942,988,39,2025-06-23,1,Debit Card,3906.95
3943,65,61,2025-03-02,3,Debit Card,7610.49
3944,612,16,2025-08-11,2,UPI,5574.14
3945,586,59,2025-11-17,3,UPI,10444.41
3946,704,96,2025-07-14,4,Cash,4593.56
3947,171,6,2024-11-05,3,Credit Card,2971.56
3948,273,98,2024-09-30,4,Credit Card,678.12
3949,889,56,2025-06-22,1,Cash,2740.18
3950,699,8,2025-01-24,1,Cash,1727.29
3951,535,94,2025-04-03,4,Cash,18420.0
3952,391,27,2025-09-25,3,UPI,14079.449999999999
3953,940,71,2024-12-26,2,Credit Card,9300.88
3954,693,27,2024-03-09,4,Cash,18772.6
3955,327,89,2025-08-05,3,Cash,6278.099999999999
3956,108,46,2025-10-23,3,Credit Card,4360.68
3957,847,41,2025-11-29,3,Credit Card,10966.710000000001
3958,162,79,2025-03-06,2,UPI,8997.22
3959,814,25,2025-12-08,2,Debit Card,9014.66
3960,452,86,2024-02-01,2,Debit Card,1267.16
3961,206,18,2025-09-12,4,UPI,13641.36
3962,590,12,2025-05-27,4,UPI,12980.44
3963,16,87,2024-06-30,2,Credit Card,6438.08
3964,327,51,2025-11-16,4,UPI,12999.24
3965,608,39,2025-11-11,2,UPI,7813.9
3966,659,89,2024-09-04,4,Cash,8370.8
3967,2,10,2025-09-11,3,UPI,11163.69
3968,10,94,2024-10-23,2,UPI,9210.0
3969,434,74,2024-01-30,4,Cash,3934.04
3970,125,98,2024-10-28,3,Credit Card,508.59000000000003
3971,81,77,2025-04-20,3,Credit Card,13000.23
3972,485,54,2024-12-17,4,UPI,7011.88
3973,652,29,2025-04-26,3,UPI,7258.98
3974,838,41,2024-11-12,1,Debit Card,3655.57
3975,150,9,2025-01-31,2,Cash,3549.68
3976,800,63,2024-03-29,2,Debit Card,636.72
3977,873,77,2024-08-21,3,UPI,13000.23
3978,340,37,2024-06-16,4,Debit Card,13034.0
3979,129,14,2024-05-05,1,Debit Card,2883.65
3980,438,73,2025-07-26,4,Credit Card,11118.44
3981,751,72,2024-04-29,2,Cash,7656.38
3982,501,39,2025-03-03,3,Credit Card,11720.849999999999
3983,58,40,2024-07-08,1,Credit Card,1104.41
3984,198,54,2025-09-24,3,Debit Card,5258.91
3985,211,3,2025-03-03,1,Cash,474.29
3986,914,55,2025-07-13,3,UPI,10957.23
3987,902,33,2024-07-20,4,Cash,19808.08
3988,45,96,2024-02-28,2,Credit Card,2296.78
3989,97,71,2025-11-27,3,Debit Card,13951.32
3990,279,19,2024-08-10,3,UPI,8340.36
3991,535,34,2025-05-06,1,Credit Card,1271.88
3992,410,78,2024-01-11,4,Debit Card,9834.12
3993,461,50,2025-12-01,4,Credit Card,3612.08
3994,391,47,2025-05-26,1,Debit Card,4910.1
3995,847,46,2024-11-05,4,Cash,5814.24
3996,44,56,2024-02-03,2,Credit Card,5480.36
3997,27,57,2024-12-05,3,Cash,1191.24
3998,794,83,2025-10-08,1,Cash,2683.44
3999,97,51,2025-04-25,4,Debit Card,12999.24
4000,975,54,2025-07-27,2,UPI,3505.94
4001,548,90,2024-04-02,2,Cash,9539.6
4002,621,81,2025-09-19,4,Credit Card,3085.2
4003,567,28,2024-05-12,4,Credit Card,12224.52
4004,704,19,2025-02-22,1,Debit Card,2780.12
4005,219,27,2025-04-12,4,Cash,18772.6
4006,185,48,2025-03-19,1,UPI,2683.6
4007,69,19,2025-12-05,3,UPI,8340.36
4008,829,97,2024-01-30,2,Credit Card,327.68
4009,130,51,2024-10-24,1,Debit Card,3249.81
4010,567,7,2024-03-01,2,Cash,4467.98
4011,890,29,2025-04-02,3,Credit Card,7258.98
4012,609,43,2024-10-30,4,Debit Card,17963.08
4013,848,69,2024-12-05,1,UPI,4815.32
4014,599,94,2025-03-23,4,Credit Card,18420.0
4015,806,58,2024-10-28,2,Debit Card,6962.0
4016,631,8,2025-06-23,1,UPI,1727.29
4017,720,42,2025-04-29,3,Debit Card,9410.099999999999
4018,334,76,2024-03-17,3,Credit Card,8544.84
4019,925,42,2025-09-24,4,Cash,12546.8
4020,154,13,2025-05-29,3,Debit Card,8688.539999999999
4021,547,26,2025-07-02,3,Cash,10738.98
4022,79,18,2025-10-20,4,Credit Card,13641.36
4023,579,42,2024-04-01,4,UPI,12546.8
4024,855,51,2025-04-10,1,Debit Card,3249.81
4025,413,84,2025-04-10,1,UPI,2020.11
4026,546,16,2025-08-21,4,Cash,11148.28
4027,609,3,2024-02-09,2,Cash,948.58
4028,169,91,2025-11-20,2,UPI,5320.88
4029,681,79,2024-11-24,1,Credit Card,4498.61
4030,663,98,2024-10-11,1,Cash,169.53
4031,583,45,2025-07-07,4,Credit Card,6576.88
4032,515,22,2024-03-06,2,UPI,3053.22
4033,314,23,2025-09-27,4,Credit Card,4459.08
4034,32,59,2025-10-18,1,Cash,3481.47
4035,287,62,2025-09-23,3,UPI,3684.69
4036,594,68,2024-04-18,3,Credit Card,14251.349999999999
4037,43,54,2025-02-18,3,Credit Card,5258.91
4038,903,57,2024-04-01,4,Debit Card,1588.32
4039,617,23,2025-01-02,2,Cash,2229.54
4040,1,60,2025-02-26,1,Debit Card,4659.97
4041,573,73,2025-07-25,2,Credit Card,5559.22
4042,270,88,2024-08-27,2,Cash,5082.72
4043,180,85,2025-03-10,1,UPI,3329.66
4044,736,55,2024-07-30,2,UPI,7304.82
4045,518,80,2025-02-03,3,UPI,10212.93
4046,103,63,2025-09-01,1,Credit Card,318.36
4047,10,56,2025-06-09,3,Credit Card,8220.539999999999
4048,583,55,2025-12-30,4,UPI,14609.64
4049,90,25,2025-04-12,3,Debit Card,13521.99
4050,226,26,2024-06-18,4,Debit Card,14318.64
4051,670,49,2024-07-28,4,Cash,18165.84
4052,740,63,2024-09-12,1,Cash,318.36
4053,917,45,2025-11-13,3,UPI,4932.66
4054,126,73,2024-03-13,3,Credit Card,8338.83
4055,956,79,2024-05-26,3,Credit Card,13495.829999999998
4056,209,39,2024-12-05,1,Cash,3906.95
4057,97,97,2024-11-12,4,UPI,655.36
4058,74,65,2025-09-09,4,Cash,6317.56
4059,627,69,2025-08-28,4,Debit Card,19261.28
4060,191,56,2025-07-28,1,UPI,2740.18
4061,682,9,2024-06-02,1,UPI,1774.84
4062,819,70,2024-09-11,2,UPI,6284.9
4063,960,28,2024-12-16,3,Debit Card,9168.39
4064,716,45,2025-06-30,4,UPI,6576.88
4065,56,26,2024-11-07,2,Cash,7159.32
4066,720,28,2025-10-30,2,Debit Card,6112.26
4067,553,40,2024-05-13,3,Credit Card,3313.2300000000005
4068,32,15,2024-05-08,1,Cash,3348.74
4069,527,6,2025-03-11,2,Cash,1981.04
4070,574,27,2024-10-06,1,Cash,4693.15
4071,667,38,2024-12-23,1,Debit Card,2850.34
4072,284,68,2024-09-08,3,Cash,14251.349999999999
4073,721,75,2024-05-14,2,Debit Card,4694.26
4074,832,85,2025-06-06,4,UPI,13318.64
4075,494,64,2025-10-21,2,Credit Card,4273.3
4076,187,30,2024-11-14,4,UPI,1570.44
4077,498,82,2024-03-20,4,Cash,19901.64
4078,442,99,2024-07-09,1,Debit Card,4164.02
4079,130,3,2025-03-28,4,Debit Card,1897.16
4080,639,62,2024-12-09,3,UPI,3684.69
4081,292,12,2024-01-30,2,Cash,6490.22
4082,114,91,2025-02-17,1,Credit Card,2660.44
4083,199,30,2025-01-02,1,Debit Card,392.61
4084,13,85,2025-08-18,4,Debit Card,13318.64
4085,271,38,2025-05-16,1,Cash,2850.34
4086,601,85,2025-10-23,3,Debit Card,9988.98
4087,215,60,2025-12-01,3,Cash,13979.91
4088,444,38,2024-01-21,1,Cash,2850.34
4089,790,15,2025-07-02,1,Credit Card,3348.74
4090,512,18,2024-09-02,3,Cash,10231.02
4091,447,52,2024-10-09,4,UPI,16273.24
4092,986,29,2025-09-05,1,Credit Card,2419.66
4093,993,60,2024-08-19,4,Cash,18639.88
4094,715,21,2024-11-11,1,Cash,3070.12
4095,74,17,2024-12-01,3,Credit Card,13225.050000000001
4096,537,18,2025-02-14,1,Debit Card,3410.34
4097,101,57,2024-09-01,1,Credit Card,397.08
4098,176,37,2025-01-21,1,Debit Card,3258.5
4099,427,60,2025-11-19,3,Credit Card,13979.91
4100,117,38,2025-12-25,3,Credit Card,8551.02
4101,166,12,2024-12-23,3,UPI,9735.33
4102,41,75,2025-09-05,2,Credit Card,4694.26
4103,429,84,2024-01-22,2,UPI,4040.22
4104,344,73,2024-01-19,2,Cash,5559.22
4105,424,1,2024-10-13,2,Debit Card,8599.86
4106,366,58,2024-10-02,3,Debit Card,10443.0
4107,120,3,2025-10-20,1,UPI,474.29
4108,609,63,2025-07-05,3,Debit Card,955.08
4109,657,21,2025-11-09,2,Debit Card,6140.24
4110,728,23,2025-08-25,4,Credit Card,4459.08
4111,229,9,2024-03-12,4,UPI,7099.36
4112,825,83,2024-12-30,3,Debit Card,8050.32
4113,130,55,2024-11-30,1,Cash,3652.41
4114,352,19,2025-10-13,2,UPI,5560.24
4115,889,62,2025-08-12,1,Credit Card,1228.23
4116,318,87,2024-07-17,1,Cash,3219.04
4117,984,91,2024-01-17,1,Debit Card,2660.44
4118,649,91,2024-08-05,2,Debit Card,5320.88
4119,836,39,2025-10-11,3,UPI,11720.849999999999
4120,337,100,2024-05-26,2,Debit Card,7374.8
4121,273,76,2024-07-28,2,UPI,5696.56
4122,117,27,2025-10-31,3,Debit Card,14079.449999999999
4123,818,46,2025-02-17,3,Cash,4360.68
4124,368,34,2025-10-26,3,Credit Card,3815.6400000000003
4125,94,33,2024-11-25,4,Cash,19808.08
4126,168,92,2024-12-17,4,Credit Card,4694.72
4127,954,95,2024-06-11,3,UPI,2888.61
4128,715,96,2024-04-10,1,Debit Card,1148.39
4129,341,50,2024-11-22,4,Cash,3612.08
4130,661,20,2024-11-22,2,Debit Card,8331.68
4131,914,40,2024-06-03,2,UPI,2208.82
4132,695,99,2024-01-10,4,Credit Card,16656.08
4133,925,95,2024-12-18,2,Cash,1925.74
4134,152,58,2024-07-01,3,Credit Card,10443.0
4135,586,31,2025-03-30,2,Credit Card,6782.1
4136,877,38,2025-10-07,4,UPI,11401.36
4137,913,86,2024-01-06,1,Credit Card,633.58
4138,274,45,2024-11-28,2,UPI,3288.44
4139,554,41,2024-11-28,2,Credit Card,7311.14
4140,496,9,2024-09-14,1,Credit Card,1774.84
4141,724,9,2024-07-29,4,Cash,7099.36
4142,101,63,2024-02-20,1,UPI,318.36
4143,557,79,2025-03-20,2,Debit Card,8997.22
4144,82,77,2025-10-20,4,Debit Card,17333.64
4145,529,22,2025-01-11,3,Debit Card,4579.83
4146,73,16,2025-10-01,4,Cash,11148.28
4147,14,32,2025-04-30,4,Cash,11811.28
4148,433,66,2024-02-20,3,Credit Card,11487.99
4149,157,90,2024-06-02,4,Credit Card,19079.2
4150,735,14,2025-08-04,2,Debit Card,5767.3
4151,132,38,2024-11-05,2,Credit Card,5700.68
4152,338,98,2025-02-02,2,Credit Card,339.06
4153,404,8,2024-05-13,2,Cash,3454.58
4154,376,100,2024-08-07,3,Debit Card,11062.2
4155,888,21,2024-06-11,2,UPI,6140.24
4156,559,56,2025-10-09,4,Debit Card,10960.72
4157,107,46,2025-07-22,1,Cash,1453.56
4158,620,43,2025-05-16,3,Debit Card,13472.310000000001
4159,265,92,2025-11-19,3,UPI,3521.04
4160,205,46,2024-04-24,1,Credit Card,1453.56
4161,79,48,2025-05-13,2,Debit Card,5367.2
4162,155,70,2025-04-16,2,Cash,6284.9
4163,783,84,2024-05-28,4,Cash,8080.44
4164,988,31,2024-08-28,2,Debit Card,6782.1
4165,997,33,2024-05-02,2,Credit Card,9904.04
4166,247,44,2024-03-09,4,Credit Card,17005.0
4167,531,71,2024-03-03,2,Cash,9300.88
4168,858,8,2024-01-16,1,Cash,1727.29
4169,948,73,2025-01-24,2,UPI,5559.22
4170,538,2,2025-08-12,1,Credit Card,2919.24
4171,729,17,2025-09-25,1,Debit Card,4408.35
4172,154,52,2024-09-14,1,Cash,4068.31
4173,154,45,2024-08-04,2,Cash,3288.44
4174,686,37,2025-04-23,2,Cash,6517.0
4175,92,42,2024-04-23,3,Cash,9410.099999999999
4176,433,44,2025-01-14,4,Credit Card,17005.0
4177,338,81,2025-10-19,4,Cash,3085.2
4178,480,38,2024-08-24,3,Credit Card,8551.02
4179,693,99,2025-04-20,1,UPI,4164.02
4180,131,94,2025-08-20,4,UPI,18420.0
4181,450,6,2025-11-09,3,Debit Card,2971.56
4182,993,68,2024-05-08,1,Cash,4750.45
4183,810,51,2025-05-24,3,Debit Card,9749.43
4184,787,35,2024-06-13,2,Credit Card,5401.22
4185,273,58,2024-10-03,2,Debit Card,6962.0
4186,929,57,2024-09-13,1,Debit Card,397.08
4187,588,73,2024-05-11,1,Cash,2779.61
4188,177,6,2025-07-23,2,Credit Card,1981.04
4189,696,13,2024-09-13,4,Credit Card,11584.72
4190,831,59,2024-05-20,4,Cash,13925.88
4191,643,86,2025-11-16,2,Credit Card,1267.16
4192,875,92,2025-11-17,4,UPI,4694.72
4193,49,30,2024-07-27,2,Cash,785.22
4194,567,100,2025-12-16,3,Cash,11062.2
4195,666,2,2025-06-02,3,Cash,8757.72
4196,355,58,2024-02-20,3,UPI,10443.0
4197,712,36,2025-05-17,4,Credit Card,13158.76
4198,308,72,2024-09-15,3,UPI,11484.57
4199,868,45,2024-06-26,1,UPI,1644.22
4200,885,9,2025-06-26,1,UPI,1774.84
4201,630,65,2024-12-21,3,Debit Card,4738.17
4202,775,77,2024-11-13,1,Credit Card,4333.41
4203,46,50,2025-10-27,3,Credit Card,2709.06
4204,302,79,2024-12-29,3,Cash,13495.829999999998
4205,868,32,2024-02-24,2,Cash,5905.64
4206,912,98,2024-06-04,3,Debit Card,508.59000000000003
4207,408,43,2024-02-13,1,UPI,4490.77
4208,189,95,2025-08-15,4,Cash,3851.48
4209,822,78,2025-11-08,3,Credit Card,7375.59
4210,830,54,2025-06-25,2,Cash,3505.94
4211,129,47,2024-11-17,1,UPI,4910.1
4212,561,14,2025-10-09,2,Debit Card,5767.3
4213,537,48,2024-01-14,3,UPI,8050.799999999999
4214,266,55,2024-12-22,3,Cash,10957.23
4215,118,29,2025-04-27,3,Debit Card,7258.98
4216,464,47,2025-09-09,3,Debit Card,14730.300000000001
4217,144,63,2024-12-24,1,UPI,318.36
4218,442,19,2024-11-13,4,Cash,11120.48
4219,200,91,2024-03-15,3,UPI,7981.32
4220,157,9,2025-08-13,2,Cash,3549.68
4221,487,37,2024-07-12,1,Cash,3258.5
4222,860,92,2024-12-28,1,Credit Card,1173.68
4223,134,52,2024-04-05,1,Debit Card,4068.31
4224,912,57,2024-02-09,2,Cash,794.16
4225,148,88,2025-01-31,4,UPI,10165.44
4226,336,28,2024-04-16,2,UPI,6112.26
4227,71,36,2024-01-17,2,Credit Card,6579.38
4228,233,64,2025-06-10,2,Credit Card,4273.3
4229,334,18,2025-05-13,3,Credit Card,10231.02
4230,811,89,2025-06-08,3,Debit Card,6278.099999999999
4231,666,35,2025-12-26,2,Credit Card,5401.22
4232,90,68,2025-10-24,2,Debit Card,9500.9
4233,334,78,2024-02-12,3,Credit Card,7375.59
4234,199,39,2025-09-17,3,Debit Card,11720.849999999999
4235,161,90,2025-08-15,4,Cash,19079.2
4236,538,8,2024-12-15,2,Credit Card,3454.58
4237,121,88,2025-10-14,1,Debit Card,2541.36
4238,301,80,2024-01-30,4,Cash,13617.24
4239,724,84,2025-03-16,1,Credit Card,2020.11
4240,575,15,2025-06-25,4,Cash,13394.96
4241,963,7,2025-03-30,2,Credit Card,4467.98
4242,436,17,2025-09-02,1,UPI,4408.35
4243,68,86,2024-04-03,3,Debit Card,1900.7400000000002
4244,765,86,2025-12-23,4,UPI,2534.32
4245,922,64,2024-10-21,1,Debit Card,2136.65
4246,459,12,2025-07-02,4,UPI,12980.44
4247,514,82,2024-03-29,2,Credit Card,9950.82
4248,398,56,2025-05-17,1,UPI,2740.18
4249,620,46,2024-08-01,1,Credit Card,1453.56
4250,286,47,2025-02-25,1,Debit Card,4910.1
4251,561,79,2025-06-09,4,Credit Card,17994.44
4252,140,16,2024-07-10,3,UPI,8361.210000000001
4253,730,69,2025-11-24,3,Cash,14445.96
4254,556,2,2025-10-03,3,Debit Card,8757.72
4255,929,92,2024-08-11,2,Cash,2347.36
4256,781,54,2025-07-08,1,Cash,1752.97
4257,590,27,2025-11-23,3,Cash,14079.449999999999
4258,728,31,2025-01-21,3,Cash,10173.150000000001
4259,894,41,2025-11-11,1,Cash,3655.57
4260,610,36,2025-04-18,2,UPI,6579.38
4261,748,47,2025-08-30,4,Credit Card,19640.4
4262,282,43,2024-07-21,4,Credit Card,17963.08
4263,661,65,2025-03-22,4,Cash,6317.56
4264,924,50,2024-03-08,1,UPI,903.02
4265,816,93,2024-04-01,2,Cash,4697.84
4266,996,1,2024-06-26,1,Cash,4299.93
4267,936,72,2025-10-24,4,Debit Card,15312.76
4268,578,57,2025-07-12,3,UPI,1191.24
4269,746,16,2024-01-03,3,Cash,8361.210000000001
4270,457,28,2024-04-12,3,Credit Card,9168.39
4271,87,86,2024-09-29,4,Debit Card,2534.32
4272,79,82,2025-06-17,2,Cash,9950.82
4273,205,22,2024-04-25,4,Cash,6106.44
4274,791,41,2025-04-08,1,Cash,3655.57
4275,337,76,2024-04-13,2,UPI,5696.56
4276,254,19,2024-09-15,3,Cash,8340.36
4277,304,89,2024-11-03,2,Credit Card,4185.4
4278,380,50,2025-01-01,2,Debit Card,1806.04
4279,130,59,2025-10-03,4,UPI,13925.88
4280,596,69,2024-10-28,2,Debit Card,9630.64
4281,276,34,2025-07-13,4,Credit Card,5087.52
4282,699,39,2024-01-27,1,Cash,3906.95
4283,558,74,2025-05-22,2,UPI,1967.02
4284,899,7,2025-06-10,2,Cash,4467.98
4285,183,52,2024-12-30,2,UPI,8136.62
4286,268,60,2024-10-24,3,Cash,13979.91
4287,808,52,2024-12-26,4,Credit Card,16273.24
4288,322,79,2025-10-07,4,Credit Card,17994.44
4289,512,24,2025-05-18,3,Cash,2539.23
4290,612,26,2025-08-10,4,Credit Card,14318.64
4291,78,90,2024-01-30,1,Cash,4769.8
4292,784,90,2025-03-14,3,UPI,14309.400000000001
4293,339,10,2024-12-05,4,Credit Card,14884.92
4294,674,17,2024-05-05,1,UPI,4408.35
4295,556,78,2025-08-18,4,Cash,9834.12
4296,509,2,2025-07-19,3,UPI,8757.72
4297,238,77,2024-12-31,4,Debit Card,17333.64
4298,134,27,2025-03-18,1,Cash,4693.15
4299,973,73,2024-09-19,1,Credit Card,2779.61
4300,192,71,2024-08-09,1,Credit Card,4650.44
4301,356,48,2024-01-02,4,Debit Card,10734.4
4302,278,74,2025-01-28,3,Cash,2950.5299999999997
4303,18,9,2024-11-01,4,Cash,7099.36
4304,524,86,2024-05-25,2,Cash,1267.16
4305,180,23,2025-06-13,3,Cash,3344.31
4306,123,71,2025-06-11,2,UPI,9300.88
4307,246,73,2024-11-03,4,Cash,11118.44
4308,734,27,2025-11-01,3,UPI,14079.449999999999
4309,373,88,2024-12-05,2,UPI,5082.72
4310,51,93,2024-12-17,4,Credit Card,9395.68
4311,1000,81,2024-07-27,3,Cash,2313.8999999999996
4312,71,84,2024-07-23,1,UPI,2020.11
4313,480,71,2025-09-16,1,Cash,4650.44
4314,560,43,2025-11-20,1,Debit Card,4490.77
4315,19,7,2025-12-21,2,UPI,4467.98
4316,774,92,2025-09-27,2,Credit Card,2347.36
4317,84,83,2024-01-15,4,Cash,10733.76
4318,155,63,2025-03-03,1,Credit Card,318.36
4319,565,84,2025-04-20,2,UPI,4040.22
4320,619,44,2024-10-24,1,UPI,4251.25
4321,357,39,2025-07-10,4,Credit Card,15627.8
4322,816,40,2024-04-03,3,Cash,3313.2300000000005
4323,647,7,2024-04-16,2,UPI,4467.98
4324,443,70,2025-02-22,2,Debit Card,6284.9
4325,69,25,2024-10-04,3,Credit Card,13521.99
4326,523,59,2024-05-07,2,UPI,6962.94
4327,143,13,2025-04-03,4,Cash,11584.72
4328,192,86,2024-02-07,2,UPI,1267.16
4329,387,81,2025-08-31,2,Cash,1542.6
4330,378,86,2024-07-16,3,Cash,1900.7400000000002
4331,581,98,2025-12-04,4,UPI,678.12
4332,535,62,2024-12-22,1,Debit Card,1228.23
4333,693,8,2024-01-07,1,Cash,1727.29
4334,293,45,2025-07-09,3,Credit Card,4932.66
4335,9,18,2024-11-27,4,Cash,13641.36
4336,271,88,2025-06-02,3,Cash,7624.08
4337,387,60,2024-07-12,3,Debit Card,13979.91
4338,93,60,2024-11-11,1,Cash,4659.97
4339,966,2,2024-01-01,4,UPI,11676.96
4340,529,66,2024-03-02,4,Debit Card,15317.32
4341,154,91,2024-12-08,3,Cash,7981.32
4342,405,14,2025-08-23,1,UPI,2883.65
4343,840,48,2024-01-18,4,UPI,10734.4
4344,149,56,2025-09-11,3,Cash,8220.539999999999
4345,889,12,2025-10-08,2,Credit Card,6490.22
4346,267,96,2025-01-05,1,Credit Card,1148.39
4347,422,92,2025-08-01,4,Cash,4694.72
4348,840,55,2025-08-27,4,Cash,14609.64
4349,618,28,2025-10-11,4,UPI,12224.52
4350,472,89,2025-12-01,1,Cash,2092.7
4351,893,4,2025-07-24,3,Cash,5923.92
4352,547,90,2025-11-29,2,UPI,9539.6
4353,631,36,2024-08-22,4,Cash,13158.76
4354,526,50,2024-03-09,1,Cash,903.02
4355,503,3,2025-03-22,4,Cash,1897.16
4356,14,1,2025-09-01,3,UPI,12899.79
4357,778,17,2024-01-08,2,Cash,8816.7
4358,652,71,2025-04-06,4,Credit Card,18601.76
4359,806,62,2024-11-06,1,Cash,1228.23
4360,364,48,2024-05-13,3,Credit Card,8050.799999999999
4361,119,62,2025-01-19,2,Cash,2456.46
4362,238,69,2024-02-25,1,UPI,4815.32
4363,546,19,2024-12-25,4,Credit Card,11120.48
4364,169,34,2024-04-23,1,Cash,1271.88
4365,522,99,2024-03-28,2,Cash,8328.04
4366,634,49,2024-05-17,3,Cash,13624.380000000001
4367,913,80,2024-04-17,3,Cash,10212.93
4368,657,47,2025-05-14,4,UPI,19640.4
4369,963,91,2025-06-18,4,Debit Card,10641.76
4370,958,50,2024-05-23,4,Credit Card,3612.08
4371,735,89,2025-10-17,4,Cash,8370.8
4372,883,26,2024-02-25,2,UPI,7159.32
4373,769,56,2025-09-11,4,Debit Card,10960.72
4374,780,78,2024-01-06,1,UPI,2458.53
4375,871,14,2025-06-25,2,Cash,5767.3
4376,516,78,2025-03-22,2,Debit Card,4917.06
4377,938,25,2025-01-19,4,Credit Card,18029.32
4378,397,100,2024-11-02,2,Credit Card,7374.8
4379,866,4,2025-09-30,1,UPI,1974.64
4380,106,79,2024-10-28,2,Credit Card,8997.22
4381,85,32,2025-09-24,2,Credit Card,5905.64
4382,214,82,2025-02-08,1,Debit Card,4975.41
4383,121,78,2025-09-02,1,Credit Card,2458.53
4384,132,65,2025-11-08,2,Debit Card,3158.78
4385,850,61,2025-07-15,3,Debit Card,7610.49
4386,197,20,2025-05-24,2,Debit Card,8331.68
4387,19,74,2024-03-13,1,Credit Card,983.51
4388,642,10,2025-07-17,1,UPI,3721.23
4389,12,88,2024-09-21,1,UPI,2541.36
4390,81,34,2024-08-14,3,Credit Card,3815.6400000000003
4391,330,61,2024-07-11,1,Debit Card,2536.83
4392,866,92,2025-01-08,4,Credit Card,4694.72
4393,774,27,2024-01-10,4,Cash,18772.6
4394,392,40,2024-10-28,3,UPI,3313.2300000000005
4395,637,65,2024-12-24,1,Debit Card,1579.39
4396,307,33,2024-02-21,1,Credit Card,4952.02
4397,267,68,2024-04-08,4,Debit Card,19001.8
4398,447,71,2025-08-15,4,Cash,18601.76
4399,441,9,2024-01-13,2,Debit Card,3549.68
4400,895,16,2025-01-24,3,Cash,8361.210000000001
4401,652,5,2024-12-22,2,UPI,3803.78
4402,841,98,2025-10-01,3,Debit Card,508.59000000000003
4403,2,23,2024-01-11,1,Credit Card,1114.77
4404,520,43,2024-03-21,1,Debit Card,4490.77
4405,762,89,2024-09-17,3,Debit Card,6278.099999999999
4406,651,57,2024-01-06,2,Cash,794.16
4407,636,51,2025-04-02,4,Cash,12999.24
4408,309,13,2025-01-07,3,Credit Card,8688.539999999999
4409,740,24,2025-04-25,3,UPI,2539.23
4410,522,11,2024-08-09,3,UPI,3581.9700000000003
4411,469,52,2024-03-21,1,Cash,4068.31
4412,212,17,2025-05-29,3,Credit Card,13225.050000000001
4413,112,37,2024-02-29,1,Debit Card,3258.5
4414,8,13,2024-08-08,4,Credit Card,11584.72
4415,804,62,2024-12-14,4,Credit Card,4912.92
4416,477,91,2025-07-14,2,Credit Card,5320.88
4417,874,84,2024-08-15,1,UPI,2020.11
4418,460,97,2024-10-16,4,Debit Card,655.36
4419,253,96,2024-10-19,4,Credit Card,4593.56
4420,526,8,2024-07-11,2,UPI,3454.58
4421,752,56,2025-04-18,2,UPI,5480.36
4422,438,93,2024-09-13,2,Cash,4697.84
4423,754,83,2025-05-20,1,Debit Card,2683.44
4424,981,70,2025-01-22,3,Credit Card,9427.349999999999
4425,854,44,2025-09-06,1,Debit Card,4251.25
4426,661,60,2025-02-01,2,Cash,9319.94
4427,236,41,2024-12-31,3,Cash,10966.710000000001
4428,306,21,2025-10-19,4,Credit Card,12280.48
4429,478,86,2024-10-16,1,UPI,633.58
4430,679,42,2024-11-04,2,Cash,6273.4
4431,20,74,2024-10-04,2,UPI,1967.02
4432,216,74,2025-04-08,3,Cash,2950.5299999999997
4433,855,29,2024-07-07,1,Debit Card,2419.66
4434,135,80,2024-06-26,4,Credit Card,13617.24
4435,905,65,2025-06-11,4,Cash,6317.56
4436,129,17,2025-01-09,3,Debit Card,13225.050000000001
4437,410,30,2025-08-20,3,Cash,1177.83
4438,422,26,2025-03-29,4,Credit Card,14318.64
4439,294,53,2024-08-04,3,Debit Card,14226.72
4440,246,19,2024-02-11,3,UPI,8340.36
4441,701,53,2024-07-12,1,Cash,4742.24
4442,556,85,2024-11-22,3,Cash,9988.98
4443,86,17,2025-01-07,2,Debit Card,8816.7
4444,556,46,2025-04-09,2,Credit Card,2907.12
4445,842,85,2024-06-11,2,Cash,6659.32
4446,375,53,2024-10-02,3,Debit Card,14226.72
4447,446,64,2024-12-29,4,Credit Card,8546.6
4448,378,45,2025-10-03,2,Cash,3288.44
4449,390,49,2025-04-24,1,Debit Card,4541.46
4450,657,19,2025-11-19,3,Credit Card,8340.36
4451,51,71,2025-04-04,4,Cash,18601.76
4452,242,81,2024-09-21,4,Cash,3085.2
4453,294,65,2025-06-22,3,Credit Card,4738.17
4454,920,37,2025-01-20,3,Credit Card,9775.5
4455,563,70,2024-03-25,1,Debit Card,3142.45
4456,266,26,2025-12-08,3,Cash,10738.98
4457,120,2,2024-11-11,3,Cash,8757.72
4458,712,59,2024-08-30,4,Debit Card,13925.88
4459,917,96,2025-04-13,2,Cash,2296.78
4460,248,5,2024-12-07,2,Cash,3803.78
4461,70,37,2024-06-25,4,Cash,13034.0
4462,853,31,2024-05-09,3,UPI,10173.150000000001
4463,57,76,2025-10-18,1,Credit Card,2848.28
4464,382,99,2024-03-23,2,UPI,8328.04
4465,39,94,2024-12-25,3,UPI,13815.0
4466,984,48,2024-03-28,2,Credit Card,5367.2
4467,801,6,2025-06-15,4,UPI,3962.08
4468,443,15,2025-09-29,2,Debit Card,6697.48
4469,18,15,2025-04-15,4,UPI,13394.96
4470,952,61,2025-05-12,4,Debit Card,10147.32
4471,732,16,2025-05-21,4,Credit Card,11148.28
4472,825,20,2024-12-19,1,Cash,4165.84
4473,756,77,2025-02-19,3,Credit Card,13000.23
4474,352,44,2024-02-20,4,Credit Card,17005.0
4475,972,42,2025-08-22,4,UPI,12546.8
4476,816,46,2025-11-12,2,Credit Card,2907.12
4477,298,95,2024-03-03,3,Credit Card,2888.61
4478,283,34,2024-03-29,1,Debit Card,1271.88
4479,586,64,2025-12-01,1,Cash,2136.65
4480,110,29,2024-07-08,2,UPI,4839.32
4481,180,3,2025-08-23,1,Cash,474.29
4482,938,9,2024-12-13,2,Cash,3549.68
4483,544,75,2025-06-21,3,Cash,7041.39
4484,746,75,2024-06-24,2,UPI,4694.26
4485,794,25,2024-12-29,2,Credit Card,9014.66
4486,25,86,2025-07-07,4,Cash,2534.32
4487,843,42,2025-04-27,1,UPI,3136.7
4488,791,46,2024-04-28,3,Credit Card,4360.68
4489,738,73,2024-06-17,3,Cash,8338.83
4490,57,84,2025-09-11,4,Debit Card,8080.44
4491,180,59,2024-05-26,2,UPI,6962.94
4492,232,21,2025-11-18,3,Cash,9210.36
4493,894,74,2025-03-12,3,UPI,2950.5299999999997
4494,343,22,2025-03-14,2,Debit Card,3053.22
4495,477,29,2024-07-07,2,UPI,4839.32
4496,799,63,2024-06-08,3,Credit Card,955.08
4497,576,73,2025-02-05,2,Cash,5559.22
4498,455,61,2025-08-08,1,UPI,2536.83
4499,232,64,2024-01-18,3,UPI,6409.950000000001
4500,289,69,2024-05-19,2,Cash,9630.64
4501,213,40,2024-04-24,3,Debit Card,3313.2300000000005
4502,258,75,2024-11-23,3,Debit Card,7041.39
4503,530,1,2024-08-12,4,Cash,17199.72
4504,687,65,2025-07-11,1,Cash,1579.39
4505,929,62,2025-03-14,1,Credit Card,1228.23
4506,229,54,2025-07-03,4,UPI,7011.88
4507,226,60,2025-12-18,4,UPI,18639.88
4508,596,46,2025-01-20,3,Debit Card,4360.68
4509,803,5,2025-06-04,1,Credit Card,1901.89
4510,435,22,2024-09-09,4,UPI,6106.44
4511,882,90,2025-09-11,2,Credit Card,9539.6
4512,758,53,2024-04-07,3,Cash,14226.72
4513,402,70,2024-03-11,1,UPI,3142.45
4514,622,32,2025-07-04,3,Cash,8858.460000000001
4515,766,11,2025-03-22,3,Debit Card,3581.9700000000003
4516,88,10,2024-03-30,2,Debit Card,7442.46
4517,584,39,2025-03-05,2,Cash,7813.9
4518,893,98,2024-08-06,4,Debit Card,678.12
4519,542,31,2024-04-16,2,Cash,6782.1
4520,684,12,2025-04-20,1,Cash,3245.11
4521,309,80,2025-03-29,4,Cash,13617.24
4522,906,38,2025-08-30,1,Debit Card,2850.34
4523,343,67,2025-06-27,1,Debit Card,1835.91
4524,436,66,2024-05-05,4,Debit Card,15317.32
4525,177,52,2024-05-26,2,Cash,8136.62
4526,139,5,2024-10-06,3,Credit Card,5705.67
4527,194,11,2024-01-24,2,Debit Card,2387.98
4528,186,25,2025-12-21,1,Credit Card,4507.33
4529,218,35,2024-04-29,1,Debit Card,2700.61
4530,164,35,2025-10-13,4,UPI,10802.44
4531,161,22,2024-10-23,1,UPI,1526.61
4532,943,37,2024-03-22,4,UPI,13034.0
4533,525,86,2025-03-23,4,Credit Card,2534.32
4534,808,55,2025-12-20,2,Debit Card,7304.82
4535,601,75,2025-04-14,1,Cash,2347.13
4536,836,96,2025-02-26,2,Credit Card,2296.78
4537,42,99,2025-06-28,3,Debit Card,12492.060000000001
4538,915,95,2024-01-24,2,UPI,1925.74
4539,210,72,2024-03-01,1,Credit Card,3828.19
4540,741,64,2025-12-01,3,Debit Card,6409.950000000001
4541,862,20,2024-03-24,1,Cash,4165.84
4542,275,98,2024-08-12,3,Credit Card,508.59000000000003
4543,954,4,2025-11-10,1,Cash,1974.64
4544,279,18,2024-07-04,2,Credit Card,6820.68
4545,251,51,2025-01-09,1,UPI,3249.81
4546,310,68,2024-03-12,4,UPI,19001.8
4547,720,20,2024-03-14,4,UPI,16663.36
4548,833,9,2024-12-06,2,Cash,3549.68
4549,140,80,2024-06-01,2,UPI,6808.62
4550,792,26,2024-04-05,3,Cash,10738.98
4551,546,25,2025-07-18,2,Cash,9014.66
4552,821,68,2025-03-20,4,Cash,19001.8
4553,904,41,2025-11-16,2,UPI,7311.14
4554,530,59,2024-04-19,4,Debit Card,13925.88
4555,57,45,2025-04-02,2,Cash,3288.44
4556,112,41,2024-02-20,4,Debit Card,14622.28
4557,5,38,2025-01-11,3,Cash,8551.02
4558,410,19,2024-03-13,1,UPI,2780.12
4559,414,14,2024-07-30,1,UPI,2883.65
4560,182,21,2025-03-07,4,UPI,12280.48
4561,13,15,2025-12-24,2,Credit Card,6697.48
4562,339,3,2024-06-16,2,UPI,948.58
4563,797,37,2024-11-26,1,Debit Card,3258.5
4564,259,46,2025-05-08,4,Cash,5814.24
4565,90,16,2024-05-22,2,Debit Card,5574.14
4566,616,14,2025-08-04,1,Credit Card,2883.65
4567,891,9,2025-03-20,4,Debit Card,7099.36
4568,698,7,2025-01-28,3,Cash,6701.969999999999
4569,250,14,2025-05-26,2,Cash,5767.3
4570,255,6,2025-11-16,2,UPI,1981.04
4571,588,85,2025-09-12,4,Credit Card,13318.64
4572,898,15,2025-12-15,1,Credit Card,3348.74
4573,971,52,2025-11-27,4,Debit Card,16273.24
4574,108,72,2024-11-23,1,UPI,3828.19
4575,668,34,2025-08-26,4,UPI,5087.52
4576,594,1,2024-09-15,3,UPI,12899.79
4577,589,96,2025-03-12,2,Cash,2296.78
4578,485,69,2025-12-18,1,Credit Card,4815.32
4579,982,94,2025-07-17,3,Debit Card,13815.0
4580,972,86,2024-12-14,4,Debit Card,2534.32
4581,258,20,2025-11-23,1,Debit Card,4165.84
4582,639,80,2025-05-29,1,UPI,3404.31
4583,997,7,2025-03-24,3,Credit Card,6701.969999999999
4584,903,7,2025-02-02,4,Credit Card,8935.96
4585,282,50,2025-08-18,3,Cash,2709.06
4586,986,2,2024-08-01,4,Cash,11676.96
4587,88,47,2025-06-29,3,Cash,14730.300000000001
4588,204,14,2025-07-15,3,Debit Card,8650.95
4589,16,31,2024-10-15,3,Debit Card,10173.150000000001
4590,151,50,2024-09-15,3,Credit Card,2709.06
4591,936,61,2024-09-14,4,Cash,10147.32
4592,254,41,2025-01-22,2,Debit Card,7311.14
4593,188,14,2025-11-24,3,Cash,8650.95
4594,329,5,2025-06-28,4,Cash,7607.56
4595,544,75,2024-09-21,2,Credit Card,4694.26
4596,783,5,2024-11-08,1,Credit Card,1901.89
4597,997,64,2024-02-09,1,Debit Card,2136.65
4598,397,29,2024-07-28,3,Credit Card,7258.98
4599,517,75,2024-09-28,1,Cash,2347.13
4600,459,5,2024-05-15,3,Credit Card,5705.67
4601,330,96,2025-08-21,3,Cash,3445.17
4602,820,36,2024-02-29,2,Cash,6579.38
4603,845,79,2025-05-24,1,Debit Card,4498.61
4604,169,19,2025-11-06,3,Debit Card,8340.36
4605,693,64,2025-05-29,1,Debit Card,2136.65
4606,366,22,2024-01-15,2,Cash,3053.22
4607,178,34,2025-09-05,1,Credit Card,1271.88
4608,655,56,2024-09-11,2,Debit Card,5480.36
4609,362,17,2025-12-22,2,Debit Card,8816.7
4610,760,76,2025-06-18,2,Credit Card,5696.56
4611,639,89,2024-08-22,3,Credit Card,6278.099999999999
4612,775,56,2024-05-10,4,Debit Card,10960.72
4613,40,17,2025-10-31,3,Cash,13225.050000000001
4614,924,74,2025-11-15,1,Cash,983.51
4615,416,92,2024-01-17,3,Debit Card,3521.04
4616,355,82,2024-07-03,3,Credit Card,14926.23
4617,255,18,2025-01-25,4,Cash,13641.36
4618,143,45,2025-02-26,1,Credit Card,1644.22
4619,752,96,2025-03-17,2,UPI,2296.78
4620,740,78,2025-11-26,2,Credit Card,4917.06
4621,853,56,2025-10-16,1,Credit Card,2740.18
4622,710,80,2025-07-09,3,UPI,10212.93
4623,577,50,2024-01-12,4,Cash,3612.08
4624,900,58,2025-06-03,4,Cash,13924.0
4625,11,18,2024-03-20,1,Cash,3410.34
4626,620,80,2025-11-04,1,Debit Card,3404.31
4627,26,81,2024-10-28,3,UPI,2313.8999999999996
4628,957,7,2024-08-03,4,Credit Card,8935.96
4629,421,76,2024-09-04,1,UPI,2848.28
4630,663,98,2025-06-24,3,UPI,508.59000000000003
4631,221,10,2024-09-28,3,UPI,11163.69
4632,853,69,2024-05-12,1,UPI,4815.32
4633,496,85,2024-01-05,4,UPI,13318.64
4634,237,3,2025-06-25,2,UPI,948.58
4635,237,83,2025-09-20,3,Debit Card,8050.32
4636,219,44,2025-11-20,2,UPI,8502.5
4637,487,99,2024-05-20,3,UPI,12492.060000000001
4638,936,70,2025-04-27,4,Cash,12569.8
4639,461,14,2024-10-31,2,UPI,5767.3
4640,663,4,2024-12-10,1,UPI,1974.64
4641,635,18,2025-07-15,3,Cash,10231.02
4642,144,93,2024-09-26,1,Cash,2348.92
4643,990,99,2024-04-17,1,Cash,4164.02
4644,189,52,2025-07-11,4,Credit Card,16273.24
4645,255,38,2025-04-18,1,UPI,2850.34
4646,68,80,2024-03-22,3,UPI,10212.93
4647,616,20,2025-09-29,1,UPI,4165.84
4648,336,88,2024-03-24,1,Cash,2541.36
4649,671,99,2024-10-16,3,Debit Card,12492.060000000001
4650,821,44,2024-03-11,1,UPI,4251.25
4651,874,51,2024-06-23,4,Cash,12999.24
4652,409,19,2025-04-07,3,Cash,8340.36
4653,300,68,2025-01-29,4,Cash,19001.8
4654,908,97,2024-03-31,1,Credit Card,163.84
4655,602,66,2025-04-13,2,Cash,7658.66
4656,357,13,2025-03-09,4,Debit Card,11584.72
4657,256,62,2024-09-05,4,Credit Card,4912.92
4658,353,61,2025-10-05,1,Cash,2536.83
4659,732,30,2025-11-11,2,Debit Card,785.22
4660,521,98,2025-07-25,3,Debit Card,508.59000000000003
4661,524,30,2024-08-28,2,UPI,785.22
4662,837,51,2025-12-02,3,Cash,9749.43
4663,950,88,2025-05-10,1,Cash,2541.36
4664,756,48,2024-12-05,2,UPI,5367.2
4665,694,33,2025-04-15,1,Debit Card,4952.02
4666,284,74,2025-04-07,4,Cash,3934.04
4667,312,82,2024-10-01,2,UPI,9950.82
4668,99,19,2024-01-15,3,UPI,8340.36
4669,197,71,2024-02-10,4,Debit Card,18601.76
4670,482,57,2024-07-26,3,Debit Card,1191.24
4671,878,19,2024-02-29,4,Cash,11120.48
4672,226,88,2024-12-30,3,Cash,7624.08
4673,845,79,2024-08-27,3,Credit Card,13495.829999999998
4674,615,41,2025-08-30,1,Debit Card,3655.57
4675,618,42,2024-06-08,4,Credit Card,12546.8
4676,365,87,2025-01-31,1,Credit Card,3219.04
4677,368,52,2025-05-14,1,UPI,4068.31
4678,570,4,2024-07-27,1,UPI,1974.64
4679,590,4,2024-05-12,1,Cash,1974.64
4680,75,5,2025-01-15,3,Debit Card,5705.67
4681,42,41,2025-03-08,1,Debit Card,3655.57
4682,422,87,2025-08-31,1,Credit Card,3219.04
4683,836,61,2025-12-31,1,Credit Card,2536.83
4684,181,75,2025-01-23,3,Cash,7041.39
4685,545,55,2025-08-05,4,UPI,14609.64
4686,71,75,2025-03-07,3,Debit Card,7041.39
4687,568,13,2024-09-30,3,Debit Card,8688.539999999999
4688,105,14,2024-12-16,3,Debit Card,8650.95
4689,200,60,2024-05-13,4,Debit Card,18639.88
4690,101,72,2024-03-06,1,UPI,3828.19
4691,768,25,2025-09-30,1,Cash,4507.33
4692,307,82,2024-07-23,4,Cash,19901.64
4693,586,44,2024-10-24,4,UPI,17005.0
4694,683,82,2024-04-26,2,Cash,9950.82
4695,377,10,2024-09-23,1,Cash,3721.23
4696,655,71,2024-05-28,3,Credit Card,13951.32
4697,678,50,2024-07-12,3,UPI,2709.06
4698,399,44,2025-11-10,1,Cash,4251.25
4699,773,14,2024-06-27,4,Credit Card,11534.6
4700,221,15,2024-05-27,2,UPI,6697.48
4701,595,16,2025-04-09,3,UPI,8361.210000000001
4702,182,2,2025-07-22,2,Debit Card,5838.48
4703,307,30,2024-01-05,3,Credit Card,1177.83
4704,522,30,2025-06-09,3,Credit Card,1177.83
4705,396,82,2024-10-06,1,Credit Card,4975.41
4706,4,31,2025-05-13,3,UPI,10173.150000000001
4707,863,77,2025-03-11,2,Debit Card,8666.82
4708,914,20,2024-08-03,2,UPI,8331.68
4709,848,49,2025-11-17,1,Cash,4541.46
4710,1000,35,2025-05-29,3,Cash,8101.83
4711,804,23,2024-05-16,2,Cash,2229.54
4712,281,97,2025-09-03,4,Debit Card,655.36
4713,215,99,2025-08-17,1,UPI,4164.02
4714,972,100,2024-10-06,4,Credit Card,14749.6
4715,610,61,2024-05-11,2,Cash,5073.66
4716,420,84,2025-01-27,4,Cash,8080.44
4717,101,55,2025-04-25,1,UPI,3652.41
4718,963,67,2025-05-27,4,Credit Card,7343.64
4719,521,8,2025-09-19,2,Debit Card,3454.58
4720,573,40,2025-02-22,4,Cash,4417.64
4721,309,59,2024-07-20,4,Cash,13925.88
4722,658,32,2025-10-13,4,Cash,11811.28
4723,939,93,2025-10-19,3,Credit Card,7046.76
4724,931,7,2025-04-06,2,Cash,4467.98
4725,510,2,2024-07-20,4,Credit Card,11676.96
4726,63,85,2024-05-31,2,Cash,6659.32
4727,633,6,2024-08-09,4,Cash,3962.08
4728,226,92,2024-03-19,1,Credit Card,1173.68
4729,105,36,2024-07-18,1,Credit Card,3289.69
4730,974,32,2024-04-08,1,Debit Card,2952.82
4731,772,45,2024-07-31,4,UPI,6576.88
4732,861,42,2024-05-22,2,Cash,6273.4
4733,425,53,2025-12-02,1,Cash,4742.24
4734,255,9,2025-01-23,3,UPI,5324.5199999999995
4735,429,75,2025-01-08,1,UPI,2347.13
4736,434,87,2024-02-21,1,UPI,3219.04
4737,207,75,2025-09-15,3,Cash,7041.39
4738,28,49,2024-05-14,1,Cash,4541.46
4739,682,2,2025-02-14,4,Cash,11676.96
4740,336,67,2025-04-14,4,Credit Card,7343.64
4741,588,11,2024-04-21,1,Debit Card,1193.99
4742,628,50,2025-06-08,2,Debit Card,1806.04
4743,69,35,2024-02-13,2,UPI,5401.22
4744,866,15,2025-01-31,1,UPI,3348.74
4745,746,75,2025-08-07,3,Cash,7041.39
4746,513,31,2024-09-17,4,Debit Card,13564.2
4747,167,92,2025-06-28,4,Debit Card,4694.72
4748,864,62,2025-01-22,4,Credit Card,4912.92
4749,730,28,2025-04-20,1,Cash,3056.13
4750,785,96,2025-02-13,4,Cash,4593.56
4751,368,25,2025-08-02,1,Debit Card,4507.33
4752,251,84,2024-01-16,1,Debit Card,2020.11
4753,859,92,2025-10-23,2,Credit Card,2347.36
4754,856,25,2024-04-11,3,Credit Card,13521.99
4755,931,75,2024-07-04,3,Cash,7041.39
4756,686,83,2024-01-25,3,Credit Card,8050.32
4757,170,92,2024-03-12,4,Debit Card,4694.72
4758,758,1,2025-08-15,2,Cash,8599.86
4759,935,59,2025-07-26,2,Debit Card,6962.94
4760,90,69,2024-01-18,1,Cash,4815.32
4761,561,74,2025-07-23,2,Cash,1967.02
4762,446,42,2024-11-27,1,Debit Card,3136.7
4763,294,34,2025-07-22,2,Cash,2543.76
4764,919,100,2024-04-06,1,Cash,3687.4
4765,150,66,2025-12-27,4,Credit Card,15317.32
4766,132,18,2024-01-12,2,Debit Card,6820.68
4767,433,77,2024-01-11,3,Debit Card,13000.23
4768,59,5,2024-06-11,1,Credit Card,1901.89
4769,969,20,2024-10-09,2,Cash,8331.68
4770,836,66,2025-12-29,2,UPI,7658.66
4771,199,75,2024-08-28,1,UPI,2347.13
4772,215,62,2024-02-14,2,Debit Card,2456.46
4773,898,94,2025-08-15,3,Credit Card,13815.0
4774,561,96,2024-09-11,1,Cash,1148.39
4775,472,32,2024-03-07,1,Credit Card,2952.82
4776,744,58,2025-09-05,1,Cash,3481.0
4777,247,50,2025-08-25,1,Debit Card,903.02
4778,382,38,2024-02-11,1,Debit Card,2850.34
4779,991,55,2025-01-18,3,UPI,10957.23
4780,239,28,2025-08-11,1,Credit Card,3056.13
4781,927,74,2024-08-21,3,Debit Card,2950.5299999999997
4782,367,86,2025-12-14,3,Credit Card,1900.7400000000002
4783,168,81,2025-04-29,3,Debit Card,2313.8999999999996
4784,560,22,2024-02-08,1,Cash,1526.61
4785,51,43,2024-01-11,3,Cash,13472.310000000001
4786,811,83,2025-09-15,1,UPI,2683.44
4787,610,81,2025-02-12,3,Debit Card,2313.8999999999996
4788,951,88,2024-04-17,1,UPI,2541.36
4789,728,36,2024-04-03,2,UPI,6579.38
4790,689,96,2024-03-24,2,Debit Card,2296.78
4791,380,52,2024-02-27,3,Debit Card,12204.93
4792,474,36,2024-10-19,4,Cash,13158.76
4793,80,28,2024-01-16,4,UPI,12224.52
4794,697,78,2025-04-21,2,Cash,4917.06
4795,367,58,2025-08-27,3,Credit Card,10443.0
4796,461,36,2024-06-13,3,Credit Card,9869.07
4797,911,70,2025-03-12,3,UPI,9427.349999999999
4798,539,9,2025-12-27,4,UPI,7099.36
4799,452,21,2025-10-17,2,Debit Card,6140.24
4800,464,64,2025-02-06,3,Debit Card,6409.950000000001
4801,960,76,2025-01-20,2,UPI,5696.56
4802,478,61,2024-05-17,2,UPI,5073.66
4803,926,94,2025-12-16,1,Credit Card,4605.0
4804,420,95,2025-12-22,4,Cash,3851.48
4805,707,40,2025-06-14,2,Credit Card,2208.82
4806,214,56,2024-10-19,1,Credit Card,2740.18
4807,369,4,2025-04-19,4,Cash,7898.56
4808,854,31,2025-04-06,3,UPI,10173.150000000001
4809,114,27,2025-01-07,3,UPI,14079.449999999999
4810,754,58,2024-06-10,1,Credit Card,3481.0
4811,503,25,2025-10-03,3,Credit Card,13521.99
4812,636,69,2024-02-13,1,Cash,4815.32
4813,817,70,2024-03-23,1,Debit Card,3142.45
4814,588,5,2025-09-27,3,Debit Card,5705.67
4815,311,91,2025-06-22,4,UPI,10641.76
4816,469,8,2025-06-02,1,Debit Card,1727.29
4817,824,9,2025-02-14,4,UPI,7099.36
4818,708,15,2024-12-06,4,UPI,13394.96
4819,863,100,2025-12-11,1,UPI,3687.4
4820,44,7,2025-09-15,4,Cash,8935.96
4821,415,96,2024-03-29,1,Credit Card,1148.39
4822,698,72,2025-10-01,3,Debit Card,11484.57
4823,855,15,2024-08-17,3,Cash,10046.22
4824,246,37,2024-01-18,3,Debit Card,9775.5
4825,949,83,2025-11-03,3,Cash,8050.32
4826,84,39,2024-10-07,3,Debit Card,11720.849999999999
4827,207,6,2025-02-25,4,Debit Card,3962.08
4828,151,83,2025-11-08,4,Credit Card,10733.76
4829,668,57,2025-12-02,4,Debit Card,1588.32
4830,528,92,2024-12-03,2,Cash,2347.36
4831,165,81,2024-09-22,2,Debit Card,1542.6
4832,917,19,2024-12-20,1,Credit Card,2780.12
4833,975,63,2024-12-25,2,Debit Card,636.72
4834,145,31,2024-08-04,3,Cash,10173.150000000001
4835,37,75,2024-11-16,3,Debit Card,7041.39
4836,333,79,2025-12-19,3,Credit Card,13495.829999999998
4837,403,10,2025-10-26,1,Credit Card,3721.23
4838,414,87,2025-11-23,1,Credit Card,3219.04
4839,45,67,2024-07-30,1,Credit Card,1835.91
4840,402,62,2024-07-21,1,UPI,1228.23
4841,206,3,2025-12-17,4,Credit Card,1897.16
4842,62,18,2024-06-01,1,Debit Card,3410.34
4843,420,25,2025-11-12,1,Debit Card,4507.33
4844,868,20,2025-03-04,2,Debit Card,8331.68
4845,468,58,2024-10-13,4,Debit Card,13924.0
4846,820,93,2024-11-16,3,UPI,7046.76
4847,19,86,2025-03-11,2,UPI,1267.16
4848,365,50,2025-08-14,1,UPI,903.02
4849,300,79,2025-05-10,3,Debit Card,13495.829999999998
4850,7,10,2025-08-26,3,Cash,11163.69
4851,761,21,2024-05-28,3,Cash,9210.36
4852,428,29,2025-06-25,2,Debit Card,4839.32
4853,117,96,2025-09-26,4,Credit Card,4593.56
4854,580,10,2025-04-26,4,Credit Card,14884.92
4855,507,13,2024-11-21,3,Debit Card,8688.539999999999
4856,546,47,2024-01-29,1,Credit Card,4910.1
4857,706,23,2024-09-15,4,Credit Card,4459.08
4858,325,50,2025-11-28,4,Cash,3612.08
4859,55,87,2024-03-15,1,Debit Card,3219.04
4860,778,95,2025-07-10,2,UPI,1925.74
4861,992,4,2025-08-03,2,Cash,3949.28
4862,42,67,2025-05-12,1,Debit Card,1835.91
4863,297,85,2025-02-19,2,Debit Card,6659.32
4864,973,53,2025-12-22,3,Cash,14226.72
4865,231,2,2024-12-05,4,Credit Card,11676.96
4866,453,68,2024-11-03,2,Credit Card,9500.9
4867,890,65,2025-12-04,3,Cash,4738.17
4868,394,79,2025-09-06,3,Debit Card,13495.829999999998
4869,522,57,2024-08-28,3,UPI,1191.24
4870,358,97,2024-09-09,3,Debit Card,491.52
4871,987,70,2024-08-07,3,UPI,9427.349999999999
4872,444,7,2025-01-31,1,UPI,2233.99
4873,128,19,2024-12-01,4,Debit Card,11120.48
4874,691,44,2025-12-29,4,Debit Card,17005.0
4875,405,63,2025-12-14,1,Debit Card,318.36
4876,392,65,2024-01-29,1,UPI,1579.39
4877,193,39,2025-05-08,3,Credit Card,11720.849999999999
4878,604,83,2025-12-24,2,UPI,5366.88
4879,881,26,2025-05-16,4,UPI,14318.64
4880,743,44,2024-06-02,2,UPI,8502.5
4881,78,12,2024-08-18,4,Cash,12980.44
4882,85,22,2024-04-11,3,Credit Card,4579.83
4883,30,77,2024-06-25,2,UPI,8666.82
4884,725,92,2025-11-23,4,UPI,4694.72
4885,49,14,2024-08-19,4,Cash,11534.6
4886,777,86,2024-01-12,3,UPI,1900.7400000000002
4887,145,30,2024-07-04,2,Credit Card,785.22
4888,69,44,2024-09-22,3,UPI,12753.75
4889,58,84,2024-05-14,2,Credit Card,4040.22
4890,697,91,2024-01-31,2,Credit Card,5320.88
4891,574,38,2025-03-31,4,Debit Card,11401.36
4892,479,59,2024-09-15,1,Cash,3481.47
4893,820,42,2024-04-13,2,Cash,6273.4
4894,445,52,2025-03-06,2,Cash,8136.62
4895,296,63,2025-01-16,3,Debit Card,955.08
4896,678,61,2025-04-13,2,Debit Card,5073.66
4897,171,34,2025-05-27,2,Credit Card,2543.76
4898,575,39,2024-07-25,2,Cash,7813.9
4899,147,41,2025-10-08,2,Debit Card,7311.14
4900,484,37,2025-03-22,2,Debit Card,6517.0
4901,306,65,2024-03-29,1,Debit Card,1579.39
4902,673,79,2024-07-13,4,Credit Card,17994.44
4903,653,32,2025-02-17,2,UPI,5905.64
4904,846,8,2024-05-01,3,Debit Card,5181.87
4905,609,97,2025-04-06,3,Debit Card,491.52
4906,446,18,2024-04-25,2,Debit Card,6820.68
4907,221,45,2024-07-14,2,Cash,3288.44
4908,555,93,2024-02-05,2,Cash,4697.84
4909,945,96,2024-03-07,1,Debit Card,1148.39
4910,804,33,2025-10-06,4,Credit Card,19808.08
4911,378,5,2024-10-07,3,UPI,5705.67
4912,620,82,2025-04-23,1,Cash,4975.41
4913,266,74,2024-01-11,1,UPI,983.51
4914,95,36,2025-12-30,2,Debit Card,6579.38
4915,262,97,2024-11-17,4,Cash,655.36
4916,825,23,2025-10-29,2,UPI,2229.54
4917,897,40,2024-08-27,3,Debit Card,3313.2300000000005
4918,71,5,2024-02-29,4,Cash,7607.56
4919,954,34,2025-10-11,2,Debit Card,2543.76
4920,219,24,2025-07-15,3,Cash,2539.23
4921,533,17,2025-11-09,1,UPI,4408.35
4922,92,95,2024-06-13,3,UPI,2888.61
4923,127,71,2024-07-07,3,Cash,13951.32
4924,80,81,2025-05-01,3,Credit Card,2313.8999999999996
4925,824,92,2024-04-01,4,Debit Card,4694.72
4926,238,22,2024-10-15,1,UPI,1526.61
4927,983,15,2025-05-23,4,Credit Card,13394.96
4928,372,15,2024-03-15,1,Cash,3348.74
4929,916,25,2025-07-10,2,UPI,9014.66
4930,486,53,2025-03-03,2,UPI,9484.48
4931,694,21,2025-01-19,3,Debit Card,9210.36
4932,25,66,2024-02-22,3,Credit Card,11487.99
4933,156,91,2024-06-23,4,Debit Card,10641.76
4934,517,32,2025-11-03,1,Cash,2952.82
4935,632,21,2025-08-01,1,UPI,3070.12
4936,789,68,2025-04-18,1,Credit Card,4750.45
4937,530,44,2024-12-26,3,Debit Card,12753.75
4938,943,83,2024-09-26,3,Credit Card,8050.32
4939,710,66,2025-02-10,1,Cash,3829.33
4940,57,90,2024-05-03,3,UPI,14309.400000000001
4941,605,98,2025-11-24,1,Credit Card,169.53
4942,19,14,2025-01-10,4,Cash,11534.6
4943,384,15,2025-01-26,2,Cash,6697.48
4944,865,20,2024-06-30,1,UPI,4165.84
4945,193,34,2024-02-05,3,Debit Card,3815.6400000000003
4946,237,36,2024-07-30,4,UPI,13158.76
4947,387,83,2024-05-13,3,UPI,8050.32
4948,426,9,2025-11-20,3,Credit Card,5324.5199999999995
4949,277,71,2025-11-08,3,Credit Card,13951.32
4950,227,30,2025-05-05,1,Debit Card,392.61
4951,745,77,2025-03-13,4,Cash,17333.64
4952,552,91,2024-02-15,1,Credit Card,2660.44
4953,323,63,2025-10-29,2,Debit Card,636.72
4954,153,35,2025-02-04,1,UPI,2700.61
4955,639,13,2025-05-02,2,Cash,5792.36
4956,237,79,2025-03-07,4,UPI,17994.44
4957,998,46,2025-03-03,4,Cash,5814.24
4958,55,56,2025-07-25,1,Credit Card,2740.18
4959,980,9,2025-05-31,1,UPI,1774.84
4960,436,87,2025-04-06,3,UPI,9657.119999999999
4961,684,36,2024-06-29,2,Cash,6579.38
4962,109,3,2024-05-24,3,Debit Card,1422.8700000000001
4963,866,98,2024-09-21,3,Cash,508.59000000000003
4964,981,19,2025-02-09,4,Credit Card,11120.48
4965,184,28,2025-04-28,1,Debit Card,3056.13
4966,951,23,2025-04-26,4,UPI,4459.08
4967,368,7,2024-08-24,1,UPI,2233.99
4968,983,76,2025-06-08,4,UPI,11393.12
4969,198,14,2024-12-04,4,Credit Card,11534.6
4970,371,46,2024-09-24,4,UPI,5814.24
4971,373,15,2024-09-22,2,UPI,6697.48
4972,973,67,2025-06-11,4,Debit Card,7343.64
4973,497,15,2024-04-01,2,Credit Card,6697.48
4974,599,51,2024-09-04,4,UPI,12999.24
4975,201,88,2024-01-19,1,Debit Card,2541.36
4976,849,8,2025-01-24,2,UPI,3454.58
4977,509,69,2025-01-22,1,Debit Card,4815.32
4978,322,62,2025-09-06,1,UPI,1228.23
4979,275,51,2024-04-04,1,Credit Card,3249.81
4980,211,63,2025-03-05,2,Cash,636.72
4981,504,68,2025-12-25,3,Credit Card,14251.349999999999
4982,903,78,2024-02-06,2,Debit Card,4917.06
4983,118,16,2025-01-27,3,UPI,8361.210000000001
4984,703,84,2025-07-26,2,Credit Card,4040.22
4985,554,24,2024-10-17,4,UPI,3385.64
4986,42,6,2024-10-29,3,Credit Card,2971.56
4987,315,57,2025-02-04,4,Debit Card,1588.32
4988,788,31,2024-12-09,3,Cash,10173.150000000001
4989,329,6,2025-06-01,2,Credit Card,1981.04
4990,17,99,2025-01-11,2,UPI,8328.04
4991,283,79,2024-06-13,3,UPI,13495.829999999998
4992,943,29,2024-01-13,4,UPI,9678.64
4993,258,67,2024-01-25,1,Debit Card,1835.91
4994,575,75,2024-05-02,3,Debit Card,7041.39
4995,574,3,2024-05-08,3,Cash,1422.8700000000001
4996,612,28,2025-09-25,4,UPI,12224.52
4997,19,74,2025-06-30,1,Cash,983.51
4998,529,97,2025-08-17,3,UPI,491.52
4999,837,48,2024-11-04,1,Credit Card,2683.6
5000,423,80,2025-03-11,1,Credit Card,3404.31
5001,466,10,2024-06-30,2,Credit Card,7442.46
5002,373,33,2025-08-10,4,UPI,19808.08
5003,758,100,2025-09-07,3,Credit Card,11062.2
5004,763,67,2024-02-12,3,UPI,5507.7300000000005
5005,967,69,2025-02-07,1,Cash,4815.32
5006,81,12,2025-08-27,3,Debit Card,9735.33
5007,551,57,2025-10-17,1,Credit Card,397.08
5008,548,44,2025-08-12,3,UPI,12753.75
5009,424,13,2024-09-19,4,UPI,11584.72
5010,429,24,2024-03-10,3,Cash,2539.23
5011,388,44,2025-10-22,1,Cash,4251.25
5012,998,57,2024-10-18,1,Debit Card,397.08
5013,921,96,2024-08-01,3,Cash,3445.17
5014,709,16,2024-05-26,3,Debit Card,8361.210000000001
5015,670,96,2024-01-25,1,Debit Card,1148.39
5016,204,100,2024-11-18,2,Cash,7374.8
5017,196,21,2024-04-18,2,Debit Card,6140.24
5018,728,76,2025-11-23,3,Credit Card,8544.84
5019,285,51,2024-09-07,4,Debit Card,12999.24
5020,969,21,2025-04-26,3,UPI,9210.36
5021,196,60,2025-12-15,4,UPI,18639.88
5022,307,51,2025-11-12,3,UPI,9749.43
5023,664,21,2024-06-23,1,Cash,3070.12
5024,14,6,2024-12-12,3,UPI,2971.56
5025,837,73,2024-06-18,4,Cash,11118.44
5026,146,65,2024-01-02,4,UPI,6317.56
5027,938,76,2025-10-07,3,Debit Card,8544.84
5028,57,58,2025-09-30,3,Cash,10443.0
5029,723,78,2025-07-11,2,UPI,4917.06
5030,780,6,2025-12-06,3,Debit Card,2971.56
5031,210,65,2024-12-27,3,Cash,4738.17
5032,529,86,2025-12-21,1,Debit Card,633.58
5033,798,34,2024-10-22,4,Debit Card,5087.52
5034,344,56,2025-07-23,2,Debit Card,5480.36
5035,715,75,2025-08-12,1,Cash,2347.13
5036,611,3,2024-07-20,3,Cash,1422.8700000000001
5037,279,42,2024-10-15,4,Credit Card,12546.8
5038,209,62,2024-03-02,3,Credit Card,3684.69
5039,641,6,2025-05-16,3,Credit Card,2971.56
5040,335,6,2024-05-05,3,Credit Card,2971.56
5041,288,63,2024-02-18,3,Cash,955.08
5042,252,20,2025-08-22,4,Credit Card,16663.36
5043,265,21,2024-06-27,1,UPI,3070.12
5044,271,2,2025-08-03,3,Credit Card,8757.72
5045,924,90,2025-05-07,3,UPI,14309.400000000001
5046,920,95,2025-03-08,2,UPI,1925.74
5047,700,90,2025-07-25,2,Debit Card,9539.6
5048,419,56,2024-10-28,4,Debit Card,10960.72
5049,726,96,2024-06-17,3,Debit Card,3445.17
5050,795,10,2024-09-25,3,Credit Card,11163.69
5051,211,87,2024-12-29,3,Cash,9657.119999999999
5052,365,70,2025-09-15,4,UPI,12569.8
5053,76,23,2024-04-09,4,Cash,4459.08
5054,660,92,2024-08-02,3,Cash,3521.04
5055,321,30,2025-09-16,3,Credit Card,1177.83
5056,725,78,2024-04-06,4,Cash,9834.12
5057,433,37,2025-09-21,3,Cash,9775.5
5058,109,55,2025-07-01,1,Debit Card,3652.41
5059,641,96,2024-12-02,1,Debit Card,1148.39
5060,522,49,2024-12-24,4,UPI,18165.84
5061,47,34,2024-10-16,1,UPI,1271.88
5062,379,44,2025-01-30,2,Debit Card,8502.5
5063,827,22,2024-12-25,3,Credit Card,4579.83
5064,96,31,2024-12-12,2,Credit Card,6782.1
5065,958,7,2024-05-03,2,UPI,4467.98
5066,103,21,2025-07-05,2,Debit Card,6140.24
5067,892,16,2025-10-14,1,Credit Card,2787.07
5068,854,20,2025-06-21,3,Cash,12497.52
5069,146,43,2025-10-15,3,UPI,13472.310000000001
5070,880,44,2025-02-25,4,UPI,17005.0
5071,942,47,2024-12-01,2,Cash,9820.2
5072,928,19,2025-05-17,1,Cash,2780.12
5073,27,48,2024-02-26,2,UPI,5367.2
5074,732,96,2025-10-23,2,Cash,2296.78
5075,530,79,2025-12-17,3,Credit Card,13495.829999999998
5076,679,69,2024-03-16,4,UPI,19261.28
5077,945,11,2025-04-10,1,Credit Card,1193.99
5078,989,79,2024-10-11,3,UPI,13495.829999999998
5079,82,29,2025-12-22,2,Credit Card,4839.32
5080,428,45,2025-01-20,3,Debit Card,4932.66
5081,584,68,2024-09-15,2,Credit Card,9500.9
5082,822,36,2025-04-21,1,Cash,3289.69
5083,479,48,2025-11-26,3,Debit Card,8050.799999999999
5084,766,87,2024-01-11,3,UPI,9657.119999999999
5085,162,15,2025-11-02,3,Credit Card,10046.22
5086,839,44,2024-09-16,3,UPI,12753.75
5087,932,67,2025-01-27,3,Debit Card,5507.7300000000005
5088,402,96,2025-08-22,1,Cash,1148.39
5089,508,74,2025-01-03,4,Cash,3934.04
5090,38,40,2024-07-02,1,Cash,1104.41
5091,955,86,2024-01-16,3,UPI,1900.7400000000002
5092,511,14,2025-05-20,2,Cash,5767.3
5093,393,63,2024-03-26,2,Cash,636.72
5094,713,81,2025-12-11,3,UPI,2313.8999999999996
5095,494,85,2024-01-10,4,UPI,13318.64
5096,200,51,2025-04-21,3,Debit Card,9749.43
5097,255,79,2024-06-12,1,Cash,4498.61
5098,179,58,2024-01-24,4,Debit Card,13924.0
5099,547,15,2025-07-29,4,Credit Card,13394.96
5100,594,65,2024-11-07,1,Credit Card,1579.39
5101,389,88,2024-08-25,4,Credit Card,10165.44
5102,398,55,2025-04-06,3,Credit Card,10957.23
5103,732,76,2025-04-06,3,UPI,8544.84
5104,158,10,2024-08-25,2,Debit Card,7442.46
5105,4,42,2024-01-22,1,Debit Card,3136.7
5106,167,95,2024-06-28,4,UPI,3851.48
5107,468,11,2025-07-12,4,Credit Card,4775.96
5108,960,16,2025-12-30,4,Debit Card,11148.28
5109,409,73,2025-05-13,3,Cash,8338.83
5110,412,78,2025-04-19,1,UPI,2458.53
5111,204,19,2025-12-16,3,UPI,8340.36
5112,194,31,2024-12-04,4,Cash,13564.2
5113,235,73,2025-06-14,3,Credit Card,8338.83
5114,718,100,2025-11-22,4,Credit Card,14749.6
5115,150,53,2024-06-10,4,Debit Card,18968.96
5116,159,90,2024-03-01,3,Cash,14309.400000000001
5117,279,8,2024-03-25,4,Debit Card,6909.16
5118,816,24,2025-06-30,3,Credit Card,2539.23
5119,404,8,2025-05-04,2,Debit Card,3454.58
5120,893,83,2024-01-05,3,Cash,8050.32
5121,678,48,2024-03-16,2,Cash,5367.2
5122,311,30,2024-09-09,2,Cash,785.22
5123,68,58,2024-01-07,3,Credit Card,10443.0
5124,463,86,2025-11-11,1,UPI,633.58
5125,88,55,2025-10-03,1,UPI,3652.41
5126,217,73,2025-04-17,3,UPI,8338.83
5127,1,62,2024-05-17,3,Debit Card,3684.69
5128,135,48,2024-12-23,4,Cash,10734.4
5129,697,4,2025-08-25,4,Credit Card,7898.56
5130,351,37,2024-06-11,3,UPI,9775.5
5131,140,8,2024-11-13,1,UPI,1727.29
5132,618,1,2025-04-02,4,Debit Card,17199.72
5133,133,92,2024-09-09,4,Debit Card,4694.72
5134,620,70,2024-07-19,1,UPI,3142.45
5135,178,47,2025-06-15,3,Cash,14730.300000000001
5136,810,100,2025-11-05,1,Cash,3687.4
5137,358,75,2024-06-13,2,Debit Card,4694.26
5138,380,5,2024-08-19,4,Debit Card,7607.56
5139,908,50,2024-11-23,4,Cash,3612.08
5140,871,24,2024-08-25,4,Debit Card,3385.64
5141,658,47,2024-04-29,1,Debit Card,4910.1
5142,450,18,2025-09-10,1,Cash,3410.34
5143,586,84,2024-09-06,3,Cash,6060.33
5144,463,28,2024-12-01,4,Credit Card,12224.52
5145,990,77,2024-10-10,2,Debit Card,8666.82
5146,108,5,2024-07-16,3,Debit Card,5705.67
5147,122,30,2025-02-19,1,Credit Card,392.61
5148,17,1,2025-01-29,2,Debit Card,8599.86
5149,196,86,2024-05-30,3,Debit Card,1900.7400000000002
5150,327,82,2024-09-21,1,UPI,4975.41
5151,318,46,2024-08-07,2,UPI,2907.12
5152,809,69,2024-08-03,3,UPI,14445.96
5153,479,31,2024-11-10,2,Credit Card,6782.1
5154,252,70,2025-10-29,1,Debit Card,3142.45
5155,503,91,2024-08-03,3,Credit Card,7981.32
5156,999,56,2024-11-30,1,Credit Card,2740.18
5157,119,89,2024-12-24,4,Debit Card,8370.8
5158,674,93,2025-09-17,4,Cash,9395.68
5159,710,28,2024-06-09,2,Cash,6112.26
5160,498,16,2025-09-01,4,Debit Card,11148.28
5161,486,54,2025-05-25,1,Cash,1752.97
5162,45,53,2024-06-05,2,UPI,9484.48
5163,314,12,2024-06-10,3,Debit Card,9735.33
5164,179,20,2024-02-11,1,Credit Card,4165.84
5165,894,82,2024-06-28,3,UPI,14926.23
5166,418,34,2024-10-29,3,Credit Card,3815.6400000000003
5167,556,53,2024-11-25,3,Cash,14226.72
5168,783,64,2025-07-16,3,Debit Card,6409.950000000001
5169,78,23,2025-03-04,1,UPI,1114.77
5170,326,27,2024-12-15,4,Debit Card,18772.6
5171,690,17,2024-04-29,1,UPI,4408.35
5172,357,48,2024-03-15,4,UPI,10734.4
5173,416,21,2025-11-04,3,UPI,9210.36
5174,963,50,2025-10-22,4,Debit Card,3612.08
5175,515,40,2024-05-02,3,UPI,3313.2300000000005
5176,214,95,2025-10-14,2,UPI,1925.74
5177,854,3,2024-06-30,3,Debit Card,1422.8700000000001
5178,74,17,2024-09-13,4,Credit Card,17633.4
5179,563,61,2025-08-20,2,Cash,5073.66
5180,579,50,2025-08-05,2,Debit Card,1806.04
5181,509,90,2024-09-25,3,Debit Card,14309.400000000001
5182,332,87,2025-05-07,1,UPI,3219.04
5183,93,6,2024-06-28,4,Debit Card,3962.08
5184,688,28,2024-05-28,2,Debit Card,6112.26
5185,657,72,2025-06-01,1,Cash,3828.19
5186,519,55,2024-05-27,3,Debit Card,10957.23
5187,269,58,2025-11-10,3,UPI,10443.0
5188,376,45,2024-01-09,3,Cash,4932.66
5189,834,72,2024-06-26,3,Debit Card,11484.57
5190,4,19,2025-01-29,4,UPI,11120.48
5191,138,29,2025-09-19,2,Cash,4839.32
5192,231,23,2025-08-30,4,Debit Card,4459.08
5193,600,32,2024-11-26,2,UPI,5905.64
5194,529,10,2024-02-25,1,Cash,3721.23
5195,52,91,2024-07-25,1,UPI,2660.44
5196,646,49,2024-04-14,2,Cash,9082.92
5197,723,65,2025-06-30,3,Debit Card,4738.17
5198,325,29,2025-12-21,1,Credit Card,2419.66
5199,992,59,2024-12-20,4,Cash,13925.88
5200,970,45,2025-10-20,2,Debit Card,3288.44
5201,905,67,2025-05-03,1,Cash,1835.91
5202,731,51,2025-08-15,2,Credit Card,6499.62
5203,717,95,2025-05-17,3,UPI,2888.61
5204,723,11,2024-02-19,2,Credit Card,2387.98
5205,277,86,2024-03-27,1,Credit Card,633.58
5206,536,82,2025-12-03,2,UPI,9950.82
5207,486,99,2024-10-29,1,Credit Card,4164.02
5208,516,6,2024-01-01,1,Debit Card,990.52
5209,152,67,2025-01-15,1,Cash,1835.91
5210,955,62,2025-10-11,4,Credit Card,4912.92
5211,483,5,2025-10-09,3,Cash,5705.67
5212,259,9,2024-12-27,3,Cash,5324.5199999999995
5213,324,28,2025-01-15,2,UPI,6112.26
5214,869,83,2025-10-27,2,Credit Card,5366.88
5215,168,92,2024-06-10,1,UPI,1173.68
5216,688,91,2024-01-19,3,UPI,7981.32
5217,310,77,2024-08-30,2,Cash,8666.82
5218,803,38,2024-05-08,2,Debit Card,5700.68
5219,479,43,2024-06-24,3,Cash,13472.310000000001
5220,56,21,2025-02-12,1,UPI,3070.12
5221,620,91,2024-03-24,2,Credit Card,5320.88
5222,473,62,2025-01-10,1,Debit Card,1228.23
5223,296,46,2024-08-09,3,Debit Card,4360.68
5224,461,70,2024-11-20,3,Credit Card,9427.349999999999
5225,324,38,2025-03-26,2,Credit Card,5700.68
5226,814,49,2025-02-19,2,Debit Card,9082.92
5227,846,75,2025-10-18,3,UPI,7041.39
5228,141,81,2025-03-20,1,Debit Card,771.3
5229,667,39,2025-09-09,1,Debit Card,3906.95
5230,262,71,2024-11-20,4,Debit Card,18601.76
5231,785,30,2025-06-06,3,UPI,1177.83
5232,420,21,2024-06-14,2,Credit Card,6140.24
5233,744,1,2025-12-08,3,Credit Card,12899.79
5234,241,89,2025-10-20,2,Credit Card,4185.4
5235,355,32,2024-08-25,1,UPI,2952.82
5236,849,8,2024-01-13,2,UPI,3454.58
5237,770,69,2025-12-31,4,Credit Card,19261.28
5238,761,30,2024-09-13,1,Cash,392.61
5239,589,8,2025-05-28,4,Cash,6909.16
5240,180,19,2024-07-28,3,Credit Card,8340.36
5241,66,59,2025-04-28,2,Cash,6962.94
5242,820,55,2024-12-30,1,Cash,3652.41
5243,348,30,2024-08-12,2,Credit Card,785.22
5244,171,79,2024-07-12,4,Credit Card,17994.44
5245,474,36,2024-07-14,1,UPI,3289.69
5246,534,55,2025-02-03,4,Cash,14609.64
5247,367,44,2024-02-26,1,Cash,4251.25
5248,107,27,2025-09-16,3,Credit Card,14079.449999999999
5249,439,77,2024-07-31,3,Debit Card,13000.23
5250,835,78,2024-10-05,2,Credit Card,4917.06
5251,227,54,2025-01-14,4,UPI,7011.88
5252,444,48,2024-04-26,4,Debit Card,10734.4
5253,442,30,2025-03-26,1,Debit Card,392.61
5254,396,39,2025-08-21,3,Debit Card,11720.849999999999
5255,728,13,2025-02-13,2,UPI,5792.36
5256,581,16,2025-01-01,3,Cash,8361.210000000001
5257,84,44,2024-04-22,4,Credit Card,17005.0
5258,615,71,2024-06-12,2,UPI,9300.88
5259,551,27,2024-01-04,3,UPI,14079.449999999999
5260,13,45,2025-09-21,3,Debit Card,4932.66
5261,809,35,2024-01-23,1,Debit Card,2700.61
5262,825,79,2025-08-24,1,UPI,4498.61
5263,693,28,2024-04-01,4,Cash,12224.52
5264,493,99,2025-04-13,3,Debit Card,12492.060000000001
5265,268,7,2024-06-03,1,UPI,2233.99
5266,525,62,2025-09-18,3,Debit Card,3684.69
5267,120,51,2024-07-25,2,Credit Card,6499.62
5268,970,46,2024-03-21,3,Credit Card,4360.68
5269,353,20,2025-09-06,3,Credit Card,12497.52
5270,57,96,2025-04-27,4,Debit Card,4593.56
5271,40,38,2025-08-14,2,Debit Card,5700.68
5272,886,61,2025-02-10,2,Cash,5073.66
5273,336,32,2024-04-12,1,Credit Card,2952.82
5274,640,26,2024-08-27,2,Cash,7159.32
5275,173,58,2024-09-21,4,UPI,13924.0
5276,547,39,2024-02-02,1,UPI,3906.95
5277,259,20,2024-02-04,3,Credit Card,12497.52
5278,888,82,2024-09-05,2,Cash,9950.82
5279,517,50,2024-02-19,3,Debit Card,2709.06
5280,730,79,2024-10-06,1,Cash,4498.61
5281,523,52,2024-05-31,2,UPI,8136.62
5282,894,86,2025-10-20,1,Cash,633.58
5283,839,22,2025-07-04,1,UPI,1526.61
5284,117,53,2025-12-01,2,UPI,9484.48
5285,184,85,2025-06-20,2,Cash,6659.32
5286,906,66,2024-08-17,1,Debit Card,3829.33
5287,874,43,2025-10-26,4,UPI,17963.08
5288,116,82,2024-10-14,2,Cash,9950.82
5289,162,23,2025-01-29,1,UPI,1114.77
5290,579,77,2025-03-28,3,Credit Card,13000.23
5291,712,64,2025-09-11,3,Debit Card,6409.950000000001
5292,543,9,2024-02-02,2,Credit Card,3549.68
5293,587,7,2024-12-28,2,UPI,4467.98
5294,237,41,2024-04-20,3,Debit Card,10966.710000000001
5295,839,54,2024-04-30,1,Cash,1752.97
5296,66,65,2024-01-16,1,Cash,1579.39
5297,70,2,2025-06-06,1,Debit Card,2919.24
5298,809,4,2025-12-15,4,Credit Card,7898.56
5299,447,78,2025-12-14,2,Credit Card,4917.06
5300,416,32,2024-04-07,4,Debit Card,11811.28
5301,532,100,2024-04-25,4,Cash,14749.6
5302,441,2,2025-04-15,4,Debit Card,11676.96
5303,738,64,2025-03-14,4,Credit Card,8546.6
5304,946,14,2024-10-07,1,UPI,2883.65
5305,464,20,2024-12-14,2,Cash,8331.68
5306,921,89,2024-08-19,2,Debit Card,4185.4
5307,396,49,2024-04-20,4,UPI,18165.84
5308,711,8,2024-12-17,2,Credit Card,3454.58
5309,551,92,2024-01-12,3,Cash,3521.04
5310,657,63,2025-05-02,1,Debit Card,318.36
5311,557,46,2025-06-16,2,Credit Card,2907.12
5312,395,21,2025-09-30,1,Debit Card,3070.12
5313,326,87,2024-10-11,3,Debit Card,9657.119999999999
5314,893,32,2025-09-24,1,Cash,2952.82
5315,919,8,2025-09-27,3,Credit Card,5181.87
5316,91,95,2025-06-28,4,Credit Card,3851.48
5317,750,16,2025-01-26,2,UPI,5574.14
5318,70,40,2024-06-18,4,Credit Card,4417.64
5319,166,27,2024-03-17,2,Credit Card,9386.3
5320,642,18,2024-10-23,4,Cash,13641.36
5321,214,35,2024-11-25,3,UPI,8101.83
5322,852,52,2024-03-03,2,Cash,8136.62
5323,601,15,2024-09-26,4,Credit Card,13394.96
5324,335,63,2024-08-03,1,UPI,318.36
5325,764,53,2024-07-08,1,Cash,4742.24
5326,369,91,2024-03-15,4,UPI,10641.76
5327,861,81,2025-11-16,3,Credit Card,2313.8999999999996
5328,584,66,2025-05-24,4,UPI,15317.32
5329,677,31,2025-08-01,1,UPI,3391.05
5330,49,61,2024-04-02,2,UPI,5073.66
5331,52,64,2024-02-22,2,Credit Card,4273.3
5332,289,98,2025-05-10,4,Credit Card,678.12
5333,790,34,2024-04-03,2,UPI,2543.76
5334,626,55,2025-09-16,1,Cash,3652.41
5335,239,59,2024-08-16,2,Cash,6962.94
5336,133,3,2024-09-06,4,Credit Card,1897.16
5337,999,17,2025-01-25,4,Debit Card,17633.4
5338,786,78,2025-12-21,4,Cash,9834.12
5339,166,78,2024-06-30,1,UPI,2458.53
5340,374,46,2024-09-23,3,Debit Card,4360.68
5341,373,38,2024-10-07,2,Credit Card,5700.68
5342,805,35,2025-10-28,4,Cash,10802.44
5343,478,1,2024-03-23,3,Debit Card,12899.79
5344,755,29,2024-07-04,4,Credit Card,9678.64
5345,479,4,2025-10-12,4,Credit Card,7898.56
5346,832,61,2025-07-20,1,UPI,2536.83
5347,650,97,2025-06-14,1,Cash,163.84
5348,591,17,2024-12-13,3,Debit Card,13225.050000000001
5349,682,28,2025-02-26,4,UPI,12224.52
5350,635,50,2025-03-29,2,Cash,1806.04
5351,688,90,2024-09-23,2,Debit Card,9539.6
5352,300,8,2025-05-21,2,Credit Card,3454.58
5353,82,34,2024-05-21,3,Credit Card,3815.6400000000003
5354,87,59,2024-11-11,1,Cash,3481.47
5355,225,18,2025-11-06,3,UPI,10231.02
5356,16,95,2024-08-19,1,Debit Card,962.87
5357,822,59,2024-10-23,2,Debit Card,6962.94
5358,358,27,2025-07-25,2,Credit Card,9386.3
5359,163,16,2024-01-22,1,Cash,2787.07
5360,610,10,2025-01-18,2,UPI,7442.46
5361,668,76,2024-05-05,3,Credit Card,8544.84
5362,514,22,2024-04-12,1,Credit Card,1526.61
5363,350,16,2024-04-19,2,UPI,5574.14
5364,909,12,2025-07-23,4,Debit Card,12980.44
5365,681,75,2025-04-16,2,Debit Card,4694.26
5366,464,84,2024-03-05,4,Cash,8080.44
5367,827,51,2025-04-16,2,Credit Card,6499.62
5368,837,1,2025-07-23,4,Cash,17199.72
5369,375,27,2025-10-31,2,Debit Card,9386.3
5370,92,67,2024-03-16,4,UPI,7343.64
5371,181,12,2024-01-19,1,Debit Card,3245.11
5372,743,30,2025-01-18,1,Debit Card,392.61
5373,301,9,2024-07-08,4,Credit Card,7099.36
5374,660,53,2024-12-25,2,Debit Card,9484.48
5375,792,61,2025-03-27,3,Cash,7610.49
5376,189,54,2024-03-19,3,UPI,5258.91
5377,859,37,2025-08-18,3,Credit Card,9775.5
5378,862,65,2024-06-20,3,UPI,4738.17
5379,314,42,2024-07-30,4,Cash,12546.8
5380,493,49,2025-03-20,1,Cash,4541.46
5381,923,4,2024-05-28,1,Debit Card,1974.64
5382,922,64,2024-01-10,3,Cash,6409.950000000001
5383,128,79,2025-06-25,1,Debit Card,4498.61
5384,519,51,2024-02-24,4,Credit Card,12999.24
5385,426,91,2025-09-30,3,UPI,7981.32
5386,559,72,2024-06-28,4,Debit Card,15312.76
5387,565,60,2025-01-15,4,Debit Card,18639.88
5388,187,87,2025-02-25,2,Credit Card,6438.08
5389,550,79,2025-03-26,4,Cash,17994.44
5390,453,91,2024-04-02,2,Debit Card,5320.88
5391,471,31,2025-06-03,3,Cash,10173.150000000001
5392,988,72,2025-02-16,4,Debit Card,15312.76
5393,738,94,2025-01-28,1,Cash,4605.0
5394,565,58,2024-11-26,3,Debit Card,10443.0
5395,911,82,2025-12-08,4,UPI,19901.64
5396,224,4,2025-03-08,4,UPI,7898.56
5397,154,22,2024-06-11,1,UPI,1526.61
5398,560,3,2024-02-09,2,Debit Card,948.58
5399,351,79,2024-03-25,4,Cash,17994.44
5400,147,99,2025-08-12,4,Credit Card,16656.08
5401,905,47,2025-12-25,1,Credit Card,4910.1
5402,576,38,2024-03-31,3,Credit Card,8551.02
5403,349,33,2025-04-28,4,UPI,19808.08
5404,182,78,2025-01-19,2,UPI,4917.06
5405,637,48,2024-07-11,2,UPI,5367.2
5406,179,65,2024-09-09,1,Cash,1579.39
5407,39,26,2025-10-16,2,UPI,7159.32
5408,772,8,2024-08-31,4,Cash,6909.16
5409,894,50,2025-12-24,2,Cash,1806.04
5410,3,80,2025-12-07,4,Cash,13617.24
5411,64,38,2024-09-26,1,Debit Card,2850.34
5412,29,10,2024-01-19,2,Credit Card,7442.46
5413,372,42,2024-02-09,4,Cash,12546.8
5414,523,37,2025-09-01,3,Credit Card,9775.5
5415,97,26,2025-05-30,4,Cash,14318.64
5416,870,92,2024-02-02,4,Cash,4694.72
5417,442,12,2025-11-07,1,UPI,3245.11
5418,203,84,2025-03-25,4,Credit Card,8080.44
5419,411,49,2025-06-22,1,Cash,4541.46
5420,993,14,2025-11-15,4,Credit Card,11534.6
5421,21,46,2025-09-16,4,UPI,5814.24
5422,551,35,2025-08-29,4,Cash,10802.44
5423,735,29,2024-11-14,1,UPI,2419.66
5424,102,12,2025-10-07,4,Cash,12980.44
5425,46,82,2024-05-03,1,UPI,4975.41
5426,66,44,2025-01-06,3,UPI,12753.75
5427,603,66,2024-12-16,1,Debit Card,3829.33
5428,164,2,2024-11-18,3,Cash,8757.72
5429,971,59,2025-05-02,1,Cash,3481.47
5430,111,17,2025-03-26,1,Cash,4408.35
5431,338,10,2024-12-18,4,Credit Card,14884.92
5432,123,18,2024-04-25,2,Debit Card,6820.68
5433,705,22,2024-01-13,2,Credit Card,3053.22
5434,447,83,2024-11-15,4,Cash,10733.76
5435,611,58,2024-06-13,3,Debit Card,10443.0
5436,291,53,2025-12-20,4,UPI,18968.96
5437,671,1,2024-03-25,2,Debit Card,8599.86
5438,412,88,2024-09-04,1,UPI,2541.36
5439,615,61,2025-03-07,4,Cash,10147.32
5440,897,100,2025-07-21,3,Cash,11062.2
5441,281,89,2025-11-14,4,UPI,8370.8
5442,43,100,2025-10-14,2,Debit Card,7374.8
5443,486,31,2025-10-05,1,Credit Card,3391.05
5444,596,31,2025-04-23,2,Debit Card,6782.1
5445,963,66,2025-12-13,2,UPI,7658.66
5446,703,19,2025-01-02,2,UPI,5560.24
5447,51,53,2024-12-22,2,Credit Card,9484.48
5448,898,76,2025-02-11,1,Credit Card,2848.28
5449,210,74,2024-12-10,2,Credit Card,1967.02
5450,126,95,2024-06-27,3,UPI,2888.61
5451,492,22,2025-02-28,3,Cash,4579.83
5452,509,23,2025-06-24,2,Debit Card,2229.54
5453,960,87,2025-03-18,3,Credit Card,9657.119999999999
5454,970,15,2024-11-01,2,UPI,6697.48
5455,581,26,2025-01-01,1,Debit Card,3579.66
5456,777,3,2024-02-05,1,Credit Card,474.29
5457,258,87,2025-04-07,3,Cash,9657.119999999999
5458,930,20,2025-09-12,3,Debit Card,12497.52
5459,188,40,2024-05-25,2,Debit Card,2208.82
5460,230,39,2024-05-25,4,UPI,15627.8
5461,189,72,2025-01-14,2,UPI,7656.38
5462,415,18,2024-06-16,2,UPI,6820.68
5463,10,41,2024-10-01,1,Cash,3655.57
5464,114,70,2024-03-27,4,Debit Card,12569.8
5465,76,27,2024-06-02,4,Credit Card,18772.6
5466,676,100,2025-05-11,2,Cash,7374.8
5467,502,15,2024-11-10,1,Credit Card,3348.74
5468,85,37,2025-09-01,3,Credit Card,9775.5
5469,49,58,2025-12-23,1,UPI,3481.0
5470,495,5,2025-07-13,3,Credit Card,5705.67
5471,838,73,2024-09-30,1,Credit Card,2779.61
5472,689,7,2025-12-06,4,Cash,8935.96
5473,387,41,2024-09-18,1,UPI,3655.57
5474,970,84,2025-05-01,2,Credit Card,4040.22
5475,389,10,2025-03-29,3,Credit Card,11163.69
5476,218,62,2025-03-18,1,Credit Card,1228.23
5477,701,26,2024-09-18,1,Debit Card,3579.66
5478,981,68,2025-06-26,3,Debit Card,14251.349999999999
5479,346,24,2024-04-14,1,UPI,846.41
5480,230,78,2024-12-15,3,Cash,7375.59
5481,255,41,2025-03-13,4,UPI,14622.28
5482,236,65,2024-06-17,3,Debit Card,4738.17
5483,26,17,2024-12-08,3,UPI,13225.050000000001
5484,584,24,2024-08-17,4,Cash,3385.64
5485,261,27,2024-01-23,1,UPI,4693.15
5486,766,7,2025-11-06,1,Credit Card,2233.99
5487,271,73,2024-10-07,4,Cash,11118.44
5488,123,99,2025-06-02,2,Cash,8328.04
5489,656,12,2025-12-22,3,Cash,9735.33
5490,257,85,2024-09-09,1,UPI,3329.66
5491,656,3,2025-02-07,1,UPI,474.29
5492,421,79,2024-05-12,3,Credit Card,13495.829999999998
5493,259,85,2024-09-30,3,Cash,9988.98
5494,948,10,2025-09-09,3,Credit Card,11163.69
5495,47,33,2024-08-19,2,Cash,9904.04
5496,863,46,2025-06-28,4,Debit Card,5814.24
5497,525,59,2024-03-19,2,UPI,6962.94
5498,888,52,2024-02-04,2,Credit Card,8136.62
5499,208,6,2025-05-09,3,UPI,2971.56
5500,311,2,2024-04-19,4,UPI,11676.96
5501,747,29,2024-11-16,1,Debit Card,2419.66
5502,149,40,2025-07-28,3,Debit Card,3313.2300000000005
5503,834,97,2024-11-23,4,Cash,655.36
5504,438,61,2025-11-20,1,Debit Card,2536.83
5505,155,68,2025-01-18,2,Cash,9500.9
5506,678,68,2024-12-29,4,Debit Card,19001.8
5507,90,29,2024-08-19,2,Debit Card,4839.32
5508,698,62,2025-09-07,2,Credit Card,2456.46
5509,830,60,2025-02-17,4,Debit Card,18639.88
5510,358,84,2024-10-20,1,Credit Card,2020.11
5511,174,41,2025-06-30,4,Debit Card,14622.28
5512,217,87,2025-12-06,1,Credit Card,3219.04
5513,907,82,2024-06-22,3,UPI,14926.23
5514,456,89,2025-01-26,3,Cash,6278.099999999999
5515,776,65,2024-04-11,3,Debit Card,4738.17
5516,609,64,2024-10-19,2,Credit Card,4273.3
5517,629,79,2024-03-25,3,Debit Card,13495.829999999998
5518,199,63,2024-07-19,2,Credit Card,636.72
5519,832,98,2025-11-15,1,Credit Card,169.53
5520,486,48,2025-06-24,4,Debit Card,10734.4
5521,533,20,2024-10-23,4,Cash,16663.36
5522,200,37,2024-02-25,2,Credit Card,6517.0
5523,371,64,2025-04-16,2,UPI,4273.3
5524,959,91,2024-01-16,2,Debit Card,5320.88
5525,853,86,2025-10-13,1,UPI,633.58
5526,448,5,2024-03-06,1,Credit Card,1901.89
5527,248,34,2025-10-20,3,Credit Card,3815.6400000000003
5528,788,39,2025-10-31,3,Debit Card,11720.849999999999
5529,264,67,2025-04-16,4,Cash,7343.64
5530,58,81,2025-08-03,3,UPI,2313.8999999999996
5531,302,62,2024-01-23,1,Cash,1228.23
5532,31,88,2025-12-02,1,UPI,2541.36
5533,498,24,2025-04-30,1,Cash,846.41
5534,249,3,2025-02-18,1,Debit Card,474.29
5535,605,71,2025-10-18,4,UPI,18601.76
5536,777,89,2024-10-31,4,Debit Card,8370.8
5537,271,67,2024-06-25,1,Cash,1835.91
5538,606,79,2024-07-13,2,Cash,8997.22
5539,666,93,2024-01-13,3,Cash,7046.76
5540,394,50,2024-06-14,4,Debit Card,3612.08
5541,797,29,2024-05-29,2,Credit Card,4839.32
5542,502,74,2024-12-06,3,Credit Card,2950.5299999999997
5543,592,32,2025-07-10,2,UPI,5905.64
5544,804,87,2024-06-22,1,Debit Card,3219.04
5545,84,39,2024-06-15,3,Debit Card,11720.849999999999
5546,365,9,2025-12-09,2,Debit Card,3549.68
5547,886,14,2025-12-18,4,Cash,11534.6
5548,549,68,2025-08-16,4,Debit Card,19001.8
5549,342,64,2025-08-02,4,Credit Card,8546.6
5550,839,20,2024-04-06,3,UPI,12497.52
5551,407,28,2025-11-09,1,Credit Card,3056.13
5552,425,14,2025-02-07,1,Debit Card,2883.65
5553,744,44,2024-03-17,3,UPI,12753.75
5554,93,98,2024-08-24,3,UPI,508.59000000000003
5555,848,77,2025-12-08,1,Debit Card,4333.41
5556,614,95,2024-10-17,4,Debit Card,3851.48
5557,412,97,2024-05-15,1,Credit Card,163.84
5558,432,39,2025-01-01,1,Credit Card,3906.95
5559,678,28,2025-07-01,2,Cash,6112.26
5560,159,64,2024-09-04,4,Cash,8546.6
5561,14,89,2024-08-01,3,Cash,6278.099999999999
5562,373,32,2024-03-10,1,Debit Card,2952.82
5563,225,9,2024-11-24,4,Debit Card,7099.36
5564,505,28,2024-01-16,3,Cash,9168.39
5565,73,95,2025-05-01,2,Cash,1925.74
5566,249,17,2024-06-22,2,Credit Card,8816.7
5567,511,87,2025-11-29,4,Cash,12876.16
5568,603,77,2024-09-30,1,Cash,4333.41
5569,216,55,2025-06-07,3,UPI,10957.23
5570,973,10,2024-08-06,4,Cash,14884.92
5571,602,80,2025-05-27,2,UPI,6808.62
5572,541,6,2025-02-02,3,Cash,2971.56
5573,947,48,2024-04-20,3,UPI,8050.799999999999
5574,817,75,2025-04-08,1,Cash,2347.13
5575,939,67,2025-10-02,2,Credit Card,3671.82
5576,988,92,2024-04-02,2,Debit Card,2347.36
5577,220,41,2025-03-26,2,UPI,7311.14
5578,840,79,2025-01-30,3,Debit Card,13495.829999999998
5579,727,60,2025-07-04,2,Credit Card,9319.94
5580,221,77,2025-04-23,4,Cash,17333.64
5581,389,42,2024-11-11,2,Cash,6273.4
5582,554,81,2025-11-01,3,Credit Card,2313.8999999999996
5583,647,71,2025-11-28,2,Debit Card,9300.88
5584,42,28,2024-12-18,2,Debit Card,6112.26
5585,676,13,2024-08-26,3,Debit Card,8688.539999999999
5586,873,81,2024-04-13,2,Debit Card,1542.6
5587,283,15,2024-01-29,1,UPI,3348.74
5588,58,36,2024-03-29,3,Debit Card,9869.07
5589,814,92,2025-01-09,2,UPI,2347.36
5590,834,15,2025-01-31,1,Credit Card,3348.74
5591,537,75,2025-07-16,4,Cash,9388.52
5592,73,56,2024-12-29,3,UPI,8220.539999999999
5593,885,95,2024-05-26,2,Debit Card,1925.74
5594,923,4,2024-11-09,3,Cash,5923.92
5595,129,99,2025-07-01,1,UPI,4164.02
5596,599,98,2025-03-27,3,Cash,508.59000000000003
5597,842,52,2025-05-20,4,Credit Card,16273.24
5598,426,91,2025-04-30,2,Debit Card,5320.88
5599,948,10,2024-04-10,4,Credit Card,14884.92
5600,665,94,2024-04-16,1,Cash,4605.0
5601,694,45,2024-10-17,3,Credit Card,4932.66
5602,125,84,2024-12-14,2,Debit Card,4040.22
5603,67,29,2025-09-08,2,UPI,4839.32
5604,6,53,2025-08-10,1,Credit Card,4742.24
5605,637,29,2024-08-14,1,Debit Card,2419.66
5606,314,23,2025-08-18,3,Cash,3344.31
5607,326,57,2025-08-10,2,Credit Card,794.16
5608,565,50,2024-02-19,1,UPI,903.02
5609,578,21,2025-12-22,2,Credit Card,6140.24
5610,826,43,2024-06-06,3,Cash,13472.310000000001
5611,506,10,2024-11-23,4,Cash,14884.92
5612,82,76,2024-03-17,1,Cash,2848.28
5613,599,30,2025-09-24,3,Credit Card,1177.83
5614,2,51,2025-03-29,4,Credit Card,12999.24
5615,204,33,2024-11-05,3,Credit Card,14856.060000000001
5616,662,18,2024-11-22,1,UPI,3410.34
5617,805,78,2025-05-22,3,Debit Card,7375.59
5618,404,22,2024-04-16,2,Credit Card,3053.22
5619,103,64,2024-08-28,1,UPI,2136.65
5620,536,21,2025-03-10,2,Cash,6140.24
5621,368,1,2024-01-28,3,Credit Card,12899.79
5622,212,15,2025-12-04,1,Credit Card,3348.74
5623,577,36,2024-09-05,2,Credit Card,6579.38
5624,961,47,2024-12-29,2,UPI,9820.2
5625,209,54,2025-12-25,2,Credit Card,3505.94
5626,763,86,2025-06-16,4,Credit Card,2534.32
5627,897,32,2025-04-16,2,Debit Card,5905.64
5628,117,58,2025-10-28,2,UPI,6962.0
5629,628,46,2025-06-22,3,Debit Card,4360.68
5630,749,54,2025-08-11,3,Debit Card,5258.91
5631,478,33,2025-02-16,3,Debit Card,14856.060000000001
5632,105,39,2025-07-22,3,Debit Card,11720.849999999999
5633,495,23,2025-09-22,4,Cash,4459.08
5634,771,43,2024-06-13,3,Credit Card,13472.310000000001
5635,46,55,2025-07-29,3,Debit Card,10957.23
5636,823,2,2024-02-17,3,UPI,8757.72
5637,331,66,2025-10-23,2,Credit Card,7658.66
5638,216,38,2025-04-28,4,Debit Card,11401.36
5639,982,29,2024-06-06,3,Debit Card,7258.98
5640,960,67,2025-10-29,2,UPI,3671.82
5641,492,71,2024-05-30,1,Cash,4650.44
5642,813,36,2024-08-12,4,UPI,13158.76
5643,922,29,2024-09-16,3,Cash,7258.98
5644,845,37,2025-01-21,2,Cash,6517.0
5645,449,100,2024-09-12,1,Cash,3687.4
5646,536,87,2024-03-01,1,Debit Card,3219.04
5647,511,45,2025-01-30,2,Debit Card,3288.44
5648,458,16,2025-01-31,2,Cash,5574.14
5649,547,31,2024-06-10,4,Cash,13564.2
5650,536,34,2025-01-14,2,Debit Card,2543.76
5651,540,50,2025-03-18,3,Cash,2709.06
5652,484,65,2024-12-14,1,Debit Card,1579.39
5653,976,82,2024-01-31,3,Cash,14926.23
5654,1000,62,2024-03-11,3,Debit Card,3684.69
5655,16,43,2025-01-31,3,UPI,13472.310000000001
5656,571,56,2025-03-13,1,Cash,2740.18
5657,977,15,2024-01-02,1,Cash,3348.74
5658,243,48,2025-07-15,1,UPI,2683.6
5659,950,49,2024-05-14,2,Credit Card,9082.92
5660,207,81,2024-05-25,3,Cash,2313.8999999999996
5661,912,44,2024-06-27,4,Credit Card,17005.0
5662,271,10,2024-09-20,2,UPI,7442.46
5663,761,20,2024-11-06,2,Cash,8331.68
5664,994,70,2024-07-22,4,Credit Card,12569.8
5665,779,8,2025-11-29,3,Cash,5181.87
5666,705,45,2024-01-30,4,Cash,6576.88
5667,847,34,2024-02-28,1,Debit Card,1271.88
5668,730,96,2024-01-09,3,Credit Card,3445.17
5669,115,51,2024-11-19,2,Debit Card,6499.62
5670,580,4,2024-06-15,1,Debit Card,1974.64
5671,299,39,2024-12-02,1,Credit Card,3906.95
5672,837,84,2025-01-13,2,Credit Card,4040.22
5673,483,24,2025-12-03,4,Debit Card,3385.64
5674,397,88,2024-08-29,1,Cash,2541.36
5675,394,55,2025-10-27,1,Cash,3652.41
5676,75,26,2024-06-08,3,UPI,10738.98
5677,978,25,2024-08-22,3,Cash,13521.99
5678,482,36,2025-03-28,2,Credit Card,6579.38
5679,103,71,2024-07-17,2,Credit Card,9300.88
5680,297,74,2025-04-21,2,UPI,1967.02
5681,178,58,2024-02-02,4,Credit Card,13924.0
5682,215,12,2025-02-11,1,Debit Card,3245.11
5683,967,1,2024-03-29,2,UPI,8599.86
5684,315,50,2025-08-29,3,UPI,2709.06
5685,39,25,2024-08-08,1,Cash,4507.33
5686,259,80,2024-03-09,2,Cash,6808.62
5687,716,5,2024-10-20,1,Debit Card,1901.89
5688,7,83,2024-08-24,1,Debit Card,2683.44
5689,49,68,2024-06-08,1,Cash,4750.45
5690,538,6,2024-10-16,2,Cash,1981.04
5691,161,26,2025-07-07,1,Debit Card,3579.66
5692,869,55,2025-07-31,1,Cash,3652.41
5693,176,39,2025-06-16,1,UPI,3906.95
5694,591,9,2024-11-30,3,Debit Card,5324.5199999999995
5695,2,45,2025-08-04,2,Cash,3288.44
5696,895,14,2025-05-16,4,Credit Card,11534.6
5697,455,55,2024-09-02,3,Credit Card,10957.23
5698,928,9,2024-11-18,1,Debit Card,1774.84
5699,644,15,2025-09-02,1,Credit Card,3348.74
5700,276,37,2024-11-24,4,Credit Card,13034.0
5701,498,50,2025-06-30,4,UPI,3612.08
5702,629,84,2024-12-04,3,Debit Card,6060.33
5703,676,72,2024-06-19,1,Credit Card,3828.19
5704,800,96,2024-04-19,4,Cash,4593.56
5705,28,21,2024-01-10,3,Debit Card,9210.36
5706,333,57,2024-07-20,4,Debit Card,1588.32
5707,1,19,2024-09-13,1,Credit Card,2780.12
5708,188,93,2024-09-18,1,Credit Card,2348.92
5709,56,58,2025-11-23,1,UPI,3481.0
5710,547,95,2025-03-05,1,Cash,962.87
5711,112,6,2025-05-21,2,UPI,1981.04
5712,798,4,2024-03-06,2,UPI,3949.28
5713,310,43,2025-11-03,2,Cash,8981.54
5714,36,93,2025-08-01,3,Credit Card,7046.76
5715,439,42,2025-09-03,3,UPI,9410.099999999999
5716,729,3,2025-08-11,4,Debit Card,1897.16
5717,592,1,2024-02-04,4,UPI,17199.72
5718,826,55,2025-07-10,3,Cash,10957.23
5719,595,15,2025-10-23,4,UPI,13394.96
5720,577,47,2025-05-05,3,UPI,14730.300000000001
5721,325,85,2025-08-02,2,Debit Card,6659.32
5722,640,46,2024-09-10,3,Cash,4360.68
5723,307,58,2024-01-17,3,Debit Card,10443.0
5724,534,95,2024-09-17,4,Credit Card,3851.48
5725,728,71,2025-12-25,4,Cash,18601.76
5726,619,81,2024-09-12,3,UPI,2313.8999999999996
5727,109,83,2025-12-28,1,Debit Card,2683.44
5728,372,39,2025-02-27,4,Debit Card,15627.8
5729,357,3,2025-05-15,3,Cash,1422.8700000000001
5730,181,30,2024-10-12,4,Debit Card,1570.44
5731,356,35,2024-01-07,1,Cash,2700.61
5732,676,57,2025-05-11,4,Credit Card,1588.32
5733,68,29,2024-07-17,3,Cash,7258.98
5734,292,50,2025-08-25,3,Cash,2709.06
5735,692,62,2025-10-20,1,Credit Card,1228.23
5736,181,52,2025-02-21,3,Credit Card,12204.93
5737,466,14,2025-10-23,1,UPI,2883.65
5738,434,35,2024-02-21,3,Debit Card,8101.83
5739,464,28,2024-08-30,3,Credit Card,9168.39
5740,681,58,2024-08-06,4,Credit Card,13924.0
5741,914,30,2025-06-01,4,Debit Card,1570.44
5742,534,90,2024-04-18,1,Debit Card,4769.8
5743,66,7,2024-12-16,4,UPI,8935.96
5744,21,39,2024-03-06,2,UPI,7813.9
5745,612,95,2024-01-10,1,Cash,962.87
5746,384,69,2024-07-20,2,UPI,9630.64
5747,812,35,2024-08-01,1,Credit Card,2700.61
5748,615,52,2024-03-08,2,Credit Card,8136.62
5749,559,14,2024-11-22,4,Debit Card,11534.6
5750,39,63,2024-02-19,4,UPI,1273.44
5751,285,36,2024-01-17,3,Cash,9869.07
5752,822,91,2025-06-06,2,Cash,5320.88
5753,602,24,2024-11-01,3,Cash,2539.23
5754,597,40,2025-01-26,1,Cash,1104.41
5755,785,29,2024-05-03,2,Debit Card,4839.32
5756,336,53,2025-05-18,3,UPI,14226.72
5757,188,22,2024-08-12,1,UPI,1526.61
5758,671,72,2024-11-13,2,UPI,7656.38
5759,243,15,2025-04-17,3,UPI,10046.22
5760,73,69,2025-06-24,2,Cash,9630.64
5761,479,64,2024-12-23,2,Cash,4273.3
5762,974,4,2025-04-27,3,Debit Card,5923.92
5763,561,75,2025-03-04,4,Debit Card,9388.52
5764,101,18,2025-05-11,4,Cash,13641.36
5765,514,42,2025-04-16,3,Credit Card,9410.099999999999
5766,756,30,2025-07-24,1,UPI,392.61
5767,176,15,2025-10-16,3,Debit Card,10046.22
5768,238,70,2024-10-26,3,Cash,9427.349999999999
5769,910,55,2025-11-06,2,UPI,7304.82
5770,59,53,2024-03-24,4,UPI,18968.96
5771,865,16,2025-01-11,4,Cash,11148.28
5772,99,73,2024-11-08,4,Credit Card,11118.44
5773,954,34,2025-09-20,4,Credit Card,5087.52
5774,871,27,2024-11-15,3,Debit Card,14079.449999999999
5775,954,13,2024-07-22,2,Cash,5792.36
5776,495,100,2024-12-20,4,Debit Card,14749.6
5777,947,27,2024-10-20,4,Credit Card,18772.6
5778,980,73,2025-05-18,2,Debit Card,5559.22
5779,514,69,2024-05-24,3,Debit Card,14445.96
5780,755,86,2025-06-22,3,Credit Card,1900.7400000000002
5781,297,31,2024-01-17,3,UPI,10173.150000000001
5782,211,3,2025-07-28,4,UPI,1897.16
5783,123,30,2025-07-29,4,Credit Card,1570.44
5784,229,21,2024-02-08,4,UPI,12280.48
5785,594,99,2024-05-09,3,Cash,12492.060000000001
5786,656,6,2024-04-24,4,UPI,3962.08
5787,388,92,2025-03-25,1,Credit Card,1173.68
5788,140,32,2024-02-14,2,Cash,5905.64
5789,541,42,2024-08-03,1,Debit Card,3136.7
5790,391,62,2025-08-22,1,Credit Card,1228.23
5791,270,89,2025-02-18,4,Credit Card,8370.8
5792,759,32,2025-11-19,2,UPI,5905.64
5793,12,99,2024-09-21,1,Cash,4164.02
5794,867,86,2025-03-15,3,Credit Card,1900.7400000000002
5795,389,88,2025-09-08,3,Cash,7624.08
5796,337,39,2025-01-15,3,Cash,11720.849999999999
5797,506,64,2024-10-27,3,UPI,6409.950000000001
5798,106,30,2024-06-19,2,Credit Card,785.22
5799,32,63,2025-09-11,3,Cash,955.08
5800,74,96,2025-02-09,2,Cash,2296.78
5801,171,31,2024-12-20,2,Debit Card,6782.1
5802,849,87,2024-06-09,2,UPI,6438.08
5803,69,40,2025-07-05,2,Credit Card,2208.82
5804,813,33,2024-01-26,4,Cash,19808.08
5805,362,63,2024-03-23,1,UPI,318.36
5806,649,25,2024-06-21,4,Credit Card,18029.32
5807,433,36,2025-11-15,1,Cash,3289.69
5808,929,24,2024-03-10,4,Credit Card,3385.64
5809,996,95,2024-01-06,3,Credit Card,2888.61
5810,100,58,2024-07-13,2,UPI,6962.0
5811,658,39,2025-06-08,3,UPI,11720.849999999999
5812,9,46,2024-03-03,3,Debit Card,4360.68
5813,574,77,2024-01-13,3,Debit Card,13000.23
5814,697,10,2024-07-23,4,Debit Card,14884.92
5815,29,87,2024-02-09,3,Cash,9657.119999999999
5816,893,82,2024-06-13,2,Debit Card,9950.82
5817,114,32,2024-01-31,2,Credit Card,5905.64
5818,462,97,2025-06-12,1,UPI,163.84
5819,921,36,2025-10-10,4,Credit Card,13158.76
5820,143,28,2025-11-07,2,UPI,6112.26
5821,390,16,2025-02-01,2,UPI,5574.14
5822,632,16,2025-04-03,4,Credit Card,11148.28
5823,682,18,2024-08-10,3,Credit Card,10231.02
5824,157,8,2025-09-25,2,Cash,3454.58
5825,335,80,2024-03-18,3,UPI,10212.93
5826,861,75,2025-08-22,2,Debit Card,4694.26
5827,260,70,2025-09-16,1,Cash,3142.45
5828,82,1,2025-09-03,3,Debit Card,12899.79
5829,754,62,2025-03-03,2,Cash,2456.46
5830,441,76,2025-02-28,4,UPI,11393.12
5831,945,38,2025-01-21,4,Credit Card,11401.36
5832,172,92,2024-08-26,4,Credit Card,4694.72
5833,231,45,2025-09-14,2,UPI,3288.44
5834,720,58,2024-03-30,3,Credit Card,10443.0
5835,75,81,2025-01-19,1,UPI,771.3
5836,270,1,2024-05-18,1,UPI,4299.93
5837,899,32,2025-10-08,2,UPI,5905.64
5838,626,8,2025-06-07,2,Cash,3454.58
5839,62,40,2024-08-31,2,Credit Card,2208.82
5840,874,56,2025-05-19,3,Cash,8220.539999999999
5841,320,63,2025-02-25,4,Debit Card,1273.44
5842,102,88,2024-06-30,3,UPI,7624.08
5843,429,74,2024-07-13,3,Credit Card,2950.5299999999997
5844,874,74,2025-09-25,2,Debit Card,1967.02
5845,722,36,2024-02-22,1,UPI,3289.69
5846,954,89,2025-11-15,3,Debit Card,6278.099999999999
5847,255,57,2024-06-27,1,Cash,397.08
5848,532,74,2024-10-19,2,Cash,1967.02
5849,570,83,2025-01-09,3,Credit Card,8050.32
5850,112,45,2024-02-28,4,Debit Card,6576.88
5851,985,79,2024-02-23,4,Debit Card,17994.44
5852,313,80,2024-09-01,3,Cash,10212.93
5853,998,2,2024-05-28,4,Cash,11676.96
5854,461,93,2025-01-02,3,Credit Card,7046.76
5855,708,68,2024-01-16,4,UPI,19001.8
5856,887,50,2024-06-24,2,Credit Card,1806.04
5857,462,29,2025-06-23,4,Cash,9678.64
5858,865,95,2025-02-09,4,Credit Card,3851.48
5859,92,81,2025-04-11,2,UPI,1542.6
5860,52,10,2024-05-08,2,Cash,7442.46
5861,805,27,2024-08-10,4,UPI,18772.6
5862,520,15,2024-08-31,1,Credit Card,3348.74
5863,812,60,2025-03-01,1,UPI,4659.97
5864,98,31,2024-12-19,3,Cash,10173.150000000001
5865,236,21,2024-11-21,4,Cash,12280.48
5866,901,60,2025-08-26,3,UPI,13979.91
5867,374,58,2024-01-03,2,Credit Card,6962.0
5868,581,41,2025-04-23,4,Credit Card,14622.28
5869,927,46,2024-03-21,2,Credit Card,2907.12
5870,557,45,2024-02-13,4,Credit Card,6576.88
5871,649,26,2024-06-03,4,Debit Card,14318.64
5872,234,51,2025-06-19,2,Debit Card,6499.62
5873,32,36,2024-04-08,4,UPI,13158.76
5874,289,52,2025-01-31,4,Debit Card,16273.24
5875,638,81,2024-06-19,3,Debit Card,2313.8999999999996
5876,579,51,2024-05-27,2,Debit Card,6499.62
5877,542,3,2024-05-02,1,UPI,474.29
5878,114,14,2024-04-21,1,Debit Card,2883.65
5879,204,49,2024-05-09,4,Credit Card,18165.84
5880,29,77,2024-03-08,3,Credit Card,13000.23
5881,643,91,2025-12-29,4,UPI,10641.76
5882,474,1,2025-08-30,3,UPI,12899.79
5883,697,57,2025-10-18,4,UPI,1588.32
5884,253,17,2025-06-28,1,Cash,4408.35
5885,798,50,2024-10-12,2,Debit Card,1806.04
5886,905,98,2024-01-05,3,UPI,508.59000000000003
5887,922,14,2024-04-27,4,UPI,11534.6
5888,386,59,2025-10-13,4,UPI,13925.88
5889,62,81,2024-08-17,3,Credit Card,2313.8999999999996
5890,515,3,2024-06-08,3,UPI,1422.8700000000001
5891,430,98,2024-10-20,1,Credit Card,169.53
5892,580,40,2024-07-04,3,Credit Card,3313.2300000000005
5893,537,89,2025-07-05,4,Cash,8370.8
5894,691,66,2024-08-11,1,UPI,3829.33
5895,141,34,2024-05-31,1,Cash,1271.88
5896,743,90,2024-05-19,2,UPI,9539.6
5897,300,95,2025-01-01,2,Debit Card,1925.74
5898,675,9,2024-05-07,2,UPI,3549.68
5899,311,94,2024-12-16,3,UPI,13815.0
5900,471,84,2024-05-26,1,UPI,2020.11
5901,393,21,2024-10-11,3,UPI,9210.36
5902,642,93,2025-04-13,1,UPI,2348.92
5903,445,25,2024-08-05,4,UPI,18029.32
5904,758,44,2025-03-11,3,Cash,12753.75
5905,809,25,2024-05-24,1,Debit Card,4507.33
5906,172,9,2024-10-03,2,Cash,3549.68
5907,576,62,2024-02-29,2,Debit Card,2456.46
5908,31,26,2025-09-01,4,Cash,14318.64
5909,47,57,2025-01-09,3,Cash,1191.24
5910,130,37,2025-02-07,1,UPI,3258.5
5911,352,16,2025-11-23,2,Cash,5574.14
5912,978,37,2024-04-23,1,Debit Card,3258.5
5913,845,76,2025-05-09,3,Credit Card,8544.84
5914,622,24,2025-09-06,2,Debit Card,1692.82
5915,581,26,2024-12-01,4,Cash,14318.64
5916,58,20,2025-07-22,4,Credit Card,16663.36
5917,106,9,2024-10-11,3,UPI,5324.5199999999995
5918,812,87,2024-05-08,3,Credit Card,9657.119999999999
5919,330,29,2024-11-10,1,UPI,2419.66
5920,768,31,2025-08-20,4,Debit Card,13564.2
5921,824,19,2025-12-12,3,Credit Card,8340.36
5922,683,20,2024-03-11,3,Credit Card,12497.52
5923,383,87,2024-12-10,4,Credit Card,12876.16
5924,985,27,2024-04-07,1,UPI,4693.15
5925,162,94,2024-10-26,1,UPI,4605.0
5926,997,85,2024-06-24,4,Debit Card,13318.64
5927,286,44,2024-03-15,4,Debit Card,17005.0
5928,71,35,2024-05-22,4,Cash,10802.44
5929,767,71,2024-01-23,4,UPI,18601.76
5930,454,22,2024-06-29,4,Debit Card,6106.44
5931,886,74,2024-02-14,3,Credit Card,2950.5299999999997
5932,567,87,2025-04-13,2,Credit Card,6438.08
5933,835,15,2024-04-01,4,Credit Card,13394.96
5934,397,94,2024-09-25,2,Debit Card,9210.0
5935,515,98,2024-02-03,1,Credit Card,169.53
5936,26,13,2025-11-08,3,Credit Card,8688.539999999999
5937,313,4,2025-08-04,2,UPI,3949.28
5938,126,82,2024-12-29,1,UPI,4975.41
5939,408,56,2025-12-08,1,Debit Card,2740.18
5940,565,23,2024-05-12,1,UPI,1114.77
5941,198,97,2025-01-16,4,Cash,655.36
5942,811,98,2025-11-10,3,Debit Card,508.59000000000003
5943,188,34,2024-10-03,1,Cash,1271.88
5944,698,100,2024-06-04,4,Cash,14749.6
5945,817,99,2025-01-21,2,Debit Card,8328.04
5946,810,17,2025-06-18,3,UPI,13225.050000000001
5947,716,28,2024-07-18,2,UPI,6112.26
5948,484,14,2024-10-01,2,Debit Card,5767.3
5949,450,34,2025-05-15,4,Cash,5087.52
5950,523,75,2025-04-03,2,Debit Card,4694.26
5951,871,57,2024-02-19,3,Debit Card,1191.24
5952,354,77,2025-11-28,2,Credit Card,8666.82
5953,986,97,2025-06-15,4,Credit Card,655.36
5954,658,55,2025-09-19,1,Cash,3652.41
5955,597,66,2024-04-01,4,UPI,15317.32
5956,100,98,2025-03-31,1,Credit Card,169.53
5957,616,93,2024-12-04,2,Credit Card,4697.84
5958,948,37,2024-02-22,1,Cash,3258.5
5959,558,68,2025-05-10,4,Debit Card,19001.8
5960,556,76,2025-09-26,4,Credit Card,11393.12
5961,278,26,2024-01-04,3,UPI,10738.98
5962,693,61,2025-11-11,3,Cash,7610.49
5963,699,92,2024-10-07,1,Credit Card,1173.68
5964,990,67,2024-10-16,1,Cash,1835.91
5965,626,84,2024-03-13,3,Credit Card,6060.33
5966,491,74,2024-05-16,2,Credit Card,1967.02
5967,255,52,2025-10-14,3,Cash,12204.93
5968,381,18,2025-01-27,2,UPI,6820.68
5969,892,53,2024-07-26,1,UPI,4742.24
5970,542,63,2024-09-16,1,Debit Card,318.36
5971,264,53,2024-09-19,4,Credit Card,18968.96
5972,610,27,2025-05-19,4,Debit Card,18772.6
5973,825,31,2025-07-03,2,Cash,6782.1
5974,879,91,2024-07-21,2,Debit Card,5320.88
5975,329,1,2024-12-12,3,Cash,12899.79
5976,115,6,2024-02-21,2,UPI,1981.04
5977,276,11,2025-08-15,1,Cash,1193.99
5978,488,34,2024-12-21,1,Cash,1271.88
5979,281,84,2025-12-23,1,Debit Card,2020.11
5980,275,63,2025-06-02,4,Credit Card,1273.44
5981,773,53,2024-12-28,2,Debit Card,9484.48
5982,843,85,2024-02-14,2,UPI,6659.32
5983,719,85,2025-01-12,4,UPI,13318.64
5984,896,18,2025-02-15,4,UPI,13641.36
5985,328,21,2024-05-21,4,Credit Card,12280.48
5986,211,19,2024-09-14,1,Debit Card,2780.12
5987,727,4,2024-02-06,2,Cash,3949.28
5988,923,77,2024-02-14,3,Cash,13000.23
5989,552,82,2025-09-23,3,Credit Card,14926.23
5990,992,29,2024-02-15,2,UPI,4839.32
5991,26,25,2025-10-13,2,Credit Card,9014.66
5992,27,56,2025-07-18,4,Cash,10960.72
5993,702,77,2024-10-27,4,UPI,17333.64
5994,83,63,2024-10-14,1,Credit Card,318.36
5995,896,27,2024-09-25,4,Cash,18772.6
5996,946,60,2024-03-02,2,Cash,9319.94
5997,682,83,2025-07-19,1,Credit Card,2683.44
5998,413,49,2025-08-03,3,Cash,13624.380000000001
5999,167,65,2024-08-29,2,Debit Card,3158.78
6000,700,38,2024-12-19,3,Debit Card,8551.02
6001,169,83,2024-03-11,2,UPI,5366.88
6002,801,52,2025-02-16,2,Debit Card,8136.62
6003,979,1,2025-09-03,1,Debit Card,4299.93
6004,229,40,2024-03-01,1,Credit Card,1104.41
6005,979,81,2025-09-06,4,UPI,3085.2
6006,609,21,2025-03-27,2,Credit Card,6140.24
6007,367,86,2025-01-27,2,Credit Card,1267.16
6008,528,15,2025-09-22,1,Debit Card,3348.74
6009,791,50,2025-06-12,3,Debit Card,2709.06
6010,647,48,2024-10-31,4,Cash,10734.4
6011,538,32,2024-07-09,2,Cash,5905.64
6012,864,49,2025-12-24,1,UPI,4541.46
6013,524,68,2024-03-18,2,Debit Card,9500.9
6014,72,45,2025-07-11,1,Cash,1644.22
6015,645,32,2025-08-27,4,Credit Card,11811.28
6016,106,4,2025-06-08,3,Debit Card,5923.92
6017,732,65,2024-10-27,2,UPI,3158.78
6018,885,97,2024-01-17,2,UPI,327.68
6019,965,71,2025-07-27,4,Credit Card,18601.76
6020,689,73,2025-03-09,3,Cash,8338.83
6021,282,65,2024-02-12,2,Credit Card,3158.78
6022,133,80,2024-03-08,4,Cash,13617.24
6023,534,18,2025-01-14,2,Debit Card,6820.68
6024,975,54,2024-07-30,2,UPI,3505.94
6025,269,47,2024-07-21,4,Cash,19640.4
6026,412,6,2025-12-26,4,Credit Card,3962.08
6027,673,66,2024-04-18,1,Debit Card,3829.33
6028,619,9,2024-10-10,1,Cash,1774.84
6029,791,68,2025-08-28,2,Debit Card,9500.9
6030,865,23,2024-08-12,4,Debit Card,4459.08
6031,747,43,2024-04-27,3,Credit Card,13472.310000000001
6032,18,51,2025-08-25,3,Credit Card,9749.43
6033,754,72,2024-12-05,2,Debit Card,7656.38
6034,117,25,2024-10-07,1,Debit Card,4507.33
6035,798,80,2025-05-05,4,Cash,13617.24
6036,794,35,2024-01-19,4,Credit Card,10802.44
6037,144,17,2024-06-23,1,Cash,4408.35
6038,717,18,2025-04-13,4,UPI,13641.36
6039,551,27,2025-09-09,2,Cash,9386.3
6040,929,15,2024-05-21,4,Debit Card,13394.96
6041,666,81,2025-04-07,4,UPI,3085.2
6042,688,69,2024-10-24,1,Cash,4815.32
6043,961,80,2025-04-14,1,UPI,3404.31
6044,753,15,2025-12-05,3,Credit Card,10046.22
6045,422,42,2025-01-07,2,Cash,6273.4
6046,898,34,2025-04-12,1,Cash,1271.88
6047,369,48,2025-03-13,1,Credit Card,2683.6
6048,646,83,2025-12-20,1,Cash,2683.44
6049,558,8,2025-03-18,4,UPI,6909.16
6050,50,10,2025-03-31,2,Credit Card,7442.46
6051,678,5,2024-09-04,2,UPI,3803.78
6052,106,48,2024-05-21,4,Cash,10734.4
6053,216,26,2025-02-05,4,Cash,14318.64
6054,658,86,2024-08-09,1,Cash,633.58
6055,923,23,2024-07-02,3,Cash,3344.31
6056,425,62,2024-12-29,3,UPI,3684.69
6057,72,13,2024-07-06,2,Cash,5792.36
6058,988,9,2024-04-22,3,Credit Card,5324.5199999999995
6059,842,20,2024-06-29,1,Credit Card,4165.84
6060,785,92,2024-07-17,4,Debit Card,4694.72
6061,759,57,2024-03-10,2,Credit Card,794.16
6062,446,24,2025-08-20,2,Debit Card,1692.82
6063,925,33,2025-04-29,4,Credit Card,19808.08
6064,186,20,2025-02-02,3,Credit Card,12497.52
6065,70,60,2025-07-04,2,Cash,9319.94
6066,974,48,2025-10-04,4,Credit Card,10734.4
6067,150,64,2024-01-10,4,Cash,8546.6
6068,246,30,2024-01-03,3,Cash,1177.83
6069,774,73,2025-04-22,3,Credit Card,8338.83
6070,538,17,2025-10-23,1,UPI,4408.35
6071,935,100,2024-03-07,3,Cash,11062.2
6072,652,14,2025-12-05,3,Credit Card,8650.95
6073,99,19,2024-04-06,4,UPI,11120.48
6074,910,71,2025-06-14,2,Credit Card,9300.88
6075,278,59,2024-11-13,4,Credit Card,13925.88
6076,563,67,2024-04-07,1,UPI,1835.91
6077,663,97,2024-02-26,4,Credit Card,655.36
6078,944,44,2024-04-16,1,Cash,4251.25
6079,455,32,2024-03-28,3,Debit Card,8858.460000000001
6080,104,11,2025-10-14,2,Debit Card,2387.98
6081,946,2,2025-10-17,2,Credit Card,5838.48
6082,601,90,2025-01-05,4,Debit Card,19079.2
6083,653,68,2025-01-09,2,Debit Card,9500.9
6084,725,17,2024-02-21,1,Debit Card,4408.35
6085,233,81,2025-12-24,1,Cash,771.3
6086,394,92,2024-02-10,3,Cash,3521.04
6087,501,94,2024-03-31,4,Debit Card,18420.0
6088,695,40,2024-02-08,3,UPI,3313.2300000000005
6089,251,87,2024-01-13,2,UPI,6438.08
6090,521,46,2025-08-30,3,UPI,4360.68
6091,79,88,2025-09-12,2,Cash,5082.72
6092,52,93,2024-04-13,1,Cash,2348.92
6093,898,4,2024-02-12,4,Cash,7898.56
6094,921,38,2024-07-27,4,Cash,11401.36
6095,781,63,2025-08-22,3,Debit Card,955.08
6096,226,29,2025-08-27,2,Cash,4839.32
6097,51,19,2025-11-16,1,Debit Card,2780.12
6098,186,91,2025-04-20,2,UPI,5320.88
6099,34,29,2025-09-29,3,Debit Card,7258.98
6100,803,100,2024-04-18,2,UPI,7374.8
6101,742,35,2025-07-12,1,Cash,2700.61
6102,131,70,2024-08-01,3,UPI,9427.349999999999
6103,632,23,2025-08-26,1,UPI,1114.77
6104,443,46,2025-11-23,3,Debit Card,4360.68
6105,838,44,2025-02-12,4,UPI,17005.0
6106,759,48,2025-07-06,2,Credit Card,5367.2
6107,432,52,2025-09-24,1,UPI,4068.31
6108,704,8,2024-03-17,1,Cash,1727.29
6109,497,55,2024-04-04,2,UPI,7304.82
6110,403,66,2024-09-25,1,Credit Card,3829.33
6111,323,77,2024-12-26,1,Debit Card,4333.41
6112,210,40,2025-06-13,1,UPI,1104.41
6113,615,85,2025-11-13,4,Credit Card,13318.64
6114,329,31,2024-06-10,1,Cash,3391.05
6115,372,48,2025-04-09,4,Cash,10734.4
6116,460,100,2025-07-17,2,Debit Card,7374.8
6117,133,61,2025-07-01,4,Cash,10147.32
6118,835,52,2024-07-05,1,Credit Card,4068.31
6119,651,38,2024-02-21,1,UPI,2850.34
6120,121,91,2025-05-02,1,Credit Card,2660.44
6121,606,36,2025-06-14,4,Debit Card,13158.76
6122,452,87,2025-01-30,3,UPI,9657.119999999999
6123,965,55,2024-04-01,3,Credit Card,10957.23
6124,129,85,2025-10-12,2,Debit Card,6659.32
6125,91,13,2024-12-22,2,Debit Card,5792.36
6126,604,37,2025-09-02,2,UPI,6517.0
6127,575,47,2025-12-19,1,UPI,4910.1
6128,29,90,2024-05-23,3,Cash,14309.400000000001
6129,722,71,2024-07-17,3,Cash,13951.32
6130,524,22,2024-11-18,2,UPI,3053.22
6131,333,39,2024-11-27,3,Cash,11720.849999999999
6132,297,87,2024-09-20,2,UPI,6438.08
6133,130,58,2024-08-04,1,Cash,3481.0
6134,293,30,2025-12-01,3,Credit Card,1177.83
6135,173,18,2025-07-09,1,Debit Card,3410.34
6136,720,18,2025-03-09,1,UPI,3410.34
6137,944,74,2025-04-04,3,UPI,2950.5299999999997
6138,24,39,2025-12-01,4,UPI,15627.8
6139,99,94,2025-05-17,2,Credit Card,9210.0
6140,406,26,2025-04-13,3,Debit Card,10738.98
6141,356,71,2025-12-06,1,Cash,4650.44
6142,139,7,2024-12-31,2,Cash,4467.98
6143,503,69,2024-08-26,1,Debit Card,4815.32
6144,826,65,2025-09-15,2,Cash,3158.78
6145,174,46,2025-08-03,3,UPI,4360.68
6146,29,18,2025-07-14,1,Debit Card,3410.34
6147,931,13,2025-10-24,2,Credit Card,5792.36
6148,496,25,2025-01-30,2,Debit Card,9014.66
6149,655,8,2025-01-29,3,UPI,5181.87
6150,828,74,2025-09-18,2,Debit Card,1967.02
6151,351,32,2024-03-15,2,Credit Card,5905.64
6152,554,17,2024-04-07,1,Credit Card,4408.35
6153,299,79,2025-01-17,3,Debit Card,13495.829999999998
6154,720,79,2025-09-14,3,Debit Card,13495.829999999998
6155,842,48,2025-01-04,1,Cash,2683.6
6156,945,63,2024-10-11,4,Cash,1273.44
6157,192,40,2024-09-12,1,UPI,1104.41
6158,672,84,2024-11-04,1,Cash,2020.11
6159,64,15,2025-09-20,4,UPI,13394.96
6160,755,99,2024-06-24,2,UPI,8328.04
6161,770,6,2024-08-15,3,Debit Card,2971.56
6162,664,94,2024-12-12,3,Cash,13815.0
6163,215,63,2025-09-09,4,Credit Card,1273.44
6164,834,8,2024-12-07,3,Credit Card,5181.87
6165,166,95,2024-08-26,4,Debit Card,3851.48
6166,543,32,2025-09-03,2,Credit Card,5905.64
6167,883,45,2025-11-18,4,Credit Card,6576.88
6168,232,52,2024-12-15,3,Debit Card,12204.93
6169,794,79,2025-03-30,3,Credit Card,13495.829999999998
6170,541,82,2025-03-16,4,Debit Card,19901.64
6171,195,13,2025-08-10,3,UPI,8688.539999999999
6172,506,24,2025-05-29,4,Cash,3385.64
6173,334,40,2024-03-21,3,Credit Card,3313.2300000000005
6174,768,14,2024-12-26,1,Debit Card,2883.65
6175,793,92,2024-10-14,2,Credit Card,2347.36
6176,304,75,2024-01-08,3,Cash,7041.39
6177,833,70,2024-03-27,3,Credit Card,9427.349999999999
6178,437,62,2024-10-12,3,UPI,3684.69
6179,323,89,2025-02-02,4,Debit Card,8370.8
6180,502,61,2024-03-14,3,Cash,7610.49
6181,858,1,2025-03-14,4,UPI,17199.72
6182,914,89,2024-05-02,3,Credit Card,6278.099999999999
6183,393,66,2025-01-11,1,Credit Card,3829.33
6184,806,32,2024-05-22,1,Credit Card,2952.82
6185,599,13,2024-06-06,2,Cash,5792.36
6186,149,33,2025-03-05,4,Debit Card,19808.08
6187,761,32,2025-03-23,2,Cash,5905.64
6188,833,56,2025-02-13,3,UPI,8220.539999999999
6189,405,24,2025-01-05,3,Debit Card,2539.23
6190,283,91,2024-04-18,1,Cash,2660.44
6191,362,4,2025-12-07,2,Credit Card,3949.28
6192,379,88,2024-02-05,3,UPI,7624.08
6193,198,23,2024-03-30,3,Credit Card,3344.31
6194,556,29,2025-02-18,4,Cash,9678.64
6195,356,98,2024-10-22,3,UPI,508.59000000000003
6196,540,21,2025-12-13,2,Debit Card,6140.24
6197,429,30,2024-02-15,1,Debit Card,392.61
6198,17,90,2025-05-02,1,Cash,4769.8
6199,639,20,2025-09-10,3,Cash,12497.52
6200,379,16,2024-06-18,3,Debit Card,8361.210000000001
6201,680,67,2024-05-25,3,Debit Card,5507.7300000000005
6202,506,49,2025-02-23,4,Cash,18165.84
6203,756,58,2025-11-20,3,Debit Card,10443.0
6204,899,44,2025-07-26,3,UPI,12753.75
6205,76,25,2024-01-03,4,Cash,18029.32
6206,231,23,2025-08-16,2,UPI,2229.54
6207,716,59,2024-09-19,4,Credit Card,13925.88
6208,962,1,2024-11-16,1,UPI,4299.93
6209,248,97,2025-08-29,4,Cash,655.36
6210,302,15,2025-07-29,4,Credit Card,13394.96
6211,726,81,2024-09-02,2,Debit Card,1542.6
6212,215,98,2025-08-11,2,UPI,339.06
6213,158,81,2025-04-21,3,UPI,2313.8999999999996
6214,69,52,2024-09-15,4,Cash,16273.24
6215,393,58,2024-04-02,2,Debit Card,6962.0
6216,85,41,2025-06-16,1,Cash,3655.57
6217,267,44,2025-07-27,3,Debit Card,12753.75
6218,69,4,2024-12-04,4,Cash,7898.56
6219,611,77,2024-09-16,1,Debit Card,4333.41
6220,347,68,2024-08-24,2,Credit Card,9500.9
6221,962,7,2024-05-20,3,Cash,6701.969999999999
6222,728,46,2025-11-09,1,Credit Card,1453.56
6223,927,9,2025-04-24,4,Cash,7099.36
6224,673,87,2025-08-01,1,Cash,3219.04
6225,423,33,2024-12-15,3,Cash,14856.060000000001
6226,606,33,2025-07-23,4,UPI,19808.08
6227,174,84,2025-12-24,4,Cash,8080.44
6228,677,4,2024-05-09,1,Debit Card,1974.64
6229,115,65,2025-06-20,3,UPI,4738.17
6230,220,34,2024-01-11,4,Debit Card,5087.52
6231,956,91,2024-09-13,3,Debit Card,7981.32
6232,31,85,2025-01-03,2,Debit Card,6659.32
6233,523,88,2025-01-28,1,Debit Card,2541.36
6234,343,79,2025-08-15,3,Debit Card,13495.829999999998
6235,377,99,2025-02-22,2,Credit Card,8328.04
6236,130,64,2024-01-19,2,UPI,4273.3
6237,1000,25,2024-04-19,3,Debit Card,13521.99
6238,617,55,2025-03-12,3,Credit Card,10957.23
6239,539,9,2025-05-19,1,Credit Card,1774.84
6240,739,17,2024-02-03,1,Debit Card,4408.35
6241,2,21,2024-10-14,4,Cash,12280.48
6242,871,60,2024-09-11,1,Debit Card,4659.97
6243,101,13,2025-09-29,3,Credit Card,8688.539999999999
6244,533,3,2025-12-21,4,Debit Card,1897.16
6245,58,68,2024-05-13,2,Credit Card,9500.9
6246,389,4,2025-05-13,2,Debit Card,3949.28
6247,692,92,2025-01-31,3,Credit Card,3521.04
6248,941,7,2025-05-01,4,Debit Card,8935.96
6249,341,26,2025-08-20,4,Cash,14318.64
6250,861,75,2025-08-09,1,Cash,2347.13
6251,20,24,2025-10-08,2,Credit Card,1692.82
6252,255,10,2025-11-15,2,Cash,7442.46
6253,317,13,2024-07-31,1,Cash,2896.18
6254,38,44,2024-12-15,2,UPI,8502.5
6255,660,39,2024-01-19,1,Debit Card,3906.95
6256,537,19,2024-04-28,2,Debit Card,5560.24
6257,386,51,2024-10-28,2,Cash,6499.62
6258,633,19,2024-10-11,2,Cash,5560.24
6259,928,76,2024-08-14,1,Credit Card,2848.28
6260,26,52,2025-05-21,2,Debit Card,8136.62
6261,454,86,2025-05-15,2,UPI,1267.16
6262,681,47,2024-07-30,4,UPI,19640.4
6263,323,30,2024-12-21,2,Cash,785.22
6264,737,46,2025-12-01,3,Credit Card,4360.68
6265,513,76,2025-05-01,2,Credit Card,5696.56
6266,819,93,2024-11-16,2,Debit Card,4697.84
6267,773,21,2025-10-24,4,Cash,12280.48
6268,13,75,2024-08-10,4,Cash,9388.52
6269,915,48,2025-10-01,1,Credit Card,2683.6
6270,908,62,2025-07-16,1,UPI,1228.23
6271,560,58,2024-07-09,3,UPI,10443.0
6272,921,18,2025-05-14,4,Debit Card,13641.36
6273,825,59,2025-05-09,1,Cash,3481.47
6274,371,91,2024-08-24,1,Cash,2660.44
6275,291,48,2024-01-22,1,UPI,2683.6
6276,332,63,2025-09-13,4,Cash,1273.44
6277,606,12,2024-11-22,4,Cash,12980.44
6278,261,87,2025-06-28,3,Credit Card,9657.119999999999
6279,994,34,2024-05-06,4,Debit Card,5087.52
6280,790,61,2024-12-30,4,Debit Card,10147.32
6281,871,87,2024-02-13,4,Debit Card,12876.16
6282,205,53,2025-06-02,3,Credit Card,14226.72
6283,697,25,2024-05-07,2,Debit Card,9014.66
6284,687,62,2025-08-25,2,Debit Card,2456.46
6285,950,4,2024-05-09,1,UPI,1974.64
6286,387,94,2025-06-12,2,UPI,9210.0
6287,892,94,2024-11-16,2,Debit Card,9210.0
6288,821,13,2024-07-04,3,Credit Card,8688.539999999999
6289,468,42,2025-09-13,3,Credit Card,9410.099999999999
6290,415,49,2024-12-13,2,Credit Card,9082.92
6291,69,78,2025-04-25,2,Cash,4917.06
6292,472,56,2025-11-05,2,Cash,5480.36
6293,104,47,2025-08-09,1,Credit Card,4910.1
6294,758,8,2025-12-11,3,UPI,5181.87
6295,161,55,2024-12-26,2,Cash,7304.82
6296,200,88,2024-10-13,4,Credit Card,10165.44
6297,216,18,2024-06-30,2,Cash,6820.68
6298,946,35,2025-03-26,4,Cash,10802.44
6299,212,89,2024-04-06,1,Cash,2092.7
6300,508,81,2025-07-16,4,Cash,3085.2
6301,16,32,2024-11-09,3,Credit Card,8858.460000000001
6302,498,24,2025-06-29,1,Cash,846.41
6303,884,7,2024-01-21,1,Debit Card,2233.99
6304,332,13,2025-11-26,2,Credit Card,5792.36
6305,717,91,2025-07-29,1,Credit Card,2660.44
6306,877,69,2025-05-11,1,Credit Card,4815.32
6307,551,100,2025-02-06,4,Cash,14749.6
6308,601,90,2024-05-03,2,Credit Card,9539.6
6309,942,42,2025-09-04,3,UPI,9410.099999999999
6310,256,31,2024-04-28,2,Debit Card,6782.1
6311,992,74,2025-08-12,3,UPI,2950.5299999999997
6312,766,26,2025-11-23,4,Debit Card,14318.64
6313,728,86,2025-12-11,1,Debit Card,633.58
6314,880,76,2025-04-21,1,Cash,2848.28
6315,815,32,2025-12-02,2,Debit Card,5905.64
6316,172,91,2024-04-12,2,Debit Card,5320.88
6317,649,97,2024-11-28,2,UPI,327.68
6318,1000,52,2025-04-03,1,Debit Card,4068.31
6319,498,20,2024-05-09,1,Credit Card,4165.84
6320,471,40,2024-05-13,4,Credit Card,4417.64
6321,384,59,2024-06-05,3,Debit Card,10444.41
6322,690,77,2025-02-28,2,Credit Card,8666.82
6323,589,14,2025-03-10,1,Cash,2883.65
6324,700,44,2025-01-23,3,Credit Card,12753.75
6325,507,86,2024-11-13,2,Cash,1267.16
6326,992,82,2025-10-31,2,Debit Card,9950.82
6327,527,48,2025-05-19,3,Cash,8050.799999999999
6328,804,93,2024-07-08,3,Cash,7046.76
6329,831,43,2025-09-03,3,Debit Card,13472.310000000001
6330,325,16,2025-02-14,1,Debit Card,2787.07
6331,214,35,2024-02-21,4,Cash,10802.44
6332,208,53,2025-07-14,2,UPI,9484.48
6333,169,34,2025-03-21,2,Debit Card,2543.76
6334,330,3,2025-09-03,3,Debit Card,1422.8700000000001
6335,280,68,2025-03-19,1,UPI,4750.45
6336,978,5,2025-01-16,3,Credit Card,5705.67
6337,305,10,2025-01-08,1,UPI,3721.23
6338,146,52,2025-07-19,4,Credit Card,16273.24
6339,775,29,2025-01-09,2,UPI,4839.32
6340,516,96,2025-01-23,2,Cash,2296.78
6341,90,31,2025-10-10,1,Debit Card,3391.05
6342,453,66,2025-11-04,4,UPI,15317.32
6343,60,76,2025-04-23,4,Debit Card,11393.12
6344,311,91,2025-02-07,2,Credit Card,5320.88
6345,528,69,2025-08-15,2,Cash,9630.64
6346,227,37,2025-04-12,3,Debit Card,9775.5
6347,474,27,2025-08-19,1,UPI,4693.15
6348,978,87,2025-05-19,2,UPI,6438.08
6349,541,33,2024-03-23,4,Cash,19808.08
6350,663,68,2024-11-14,4,Credit Card,19001.8
6351,757,59,2024-03-07,2,Cash,6962.94
6352,782,64,2025-02-17,4,Cash,8546.6
6353,79,85,2025-03-28,1,Debit Card,3329.66
6354,433,88,2024-07-16,4,Credit Card,10165.44
6355,801,44,2024-09-15,4,Cash,17005.0
6356,153,95,2025-11-19,2,Debit Card,1925.74
6357,789,88,2024-10-24,1,Debit Card,2541.36
6358,401,49,2024-10-06,1,Credit Card,4541.46
6359,279,53,2024-10-26,3,Credit Card,14226.72
6360,57,74,2024-05-08,1,Debit Card,983.51
6361,977,49,2025-05-12,3,Credit Card,13624.380000000001
6362,186,66,2025-03-13,2,Debit Card,7658.66
6363,398,95,2025-11-22,4,Credit Card,3851.48
6364,605,63,2024-10-18,1,Credit Card,318.36
6365,788,25,2024-07-25,3,Credit Card,13521.99
6366,158,4,2024-10-20,1,UPI,1974.64
6367,787,51,2025-11-17,2,Credit Card,6499.62
6368,693,11,2024-01-29,3,UPI,3581.9700000000003
6369,359,17,2024-06-27,3,Debit Card,13225.050000000001
6370,440,66,2024-02-10,3,Cash,11487.99
6371,589,70,2025-04-14,2,Cash,6284.9
6372,466,73,2024-07-10,3,Cash,8338.83
6373,663,69,2024-12-09,4,Debit Card,19261.28
6374,446,84,2025-09-17,2,Credit Card,4040.22
6375,750,29,2024-10-04,4,UPI,9678.64
6376,801,85,2024-12-20,4,Debit Card,13318.64
6377,743,73,2025-06-12,2,Cash,5559.22
6378,488,92,2024-03-26,1,Cash,1173.68
6379,530,72,2024-11-12,4,Cash,15312.76
6380,73,95,2025-11-23,2,Cash,1925.74
6381,929,20,2024-12-02,4,UPI,16663.36
6382,928,27,2024-05-24,3,Cash,14079.449999999999
6383,701,8,2024-11-10,4,UPI,6909.16
6384,950,85,2024-08-12,4,Cash,13318.64
6385,17,61,2025-02-26,4,Debit Card,10147.32
6386,531,28,2024-02-23,3,UPI,9168.39
6387,731,87,2024-03-08,4,UPI,12876.16
6388,326,70,2025-09-10,2,Debit Card,6284.9
6389,995,3,2024-11-29,4,Cash,1897.16
6390,632,69,2024-03-17,2,Cash,9630.64
6391,613,73,2025-06-22,4,Credit Card,11118.44
6392,546,7,2024-06-03,4,Credit Card,8935.96
6393,596,60,2024-03-12,4,UPI,18639.88
6394,921,4,2025-05-15,1,Credit Card,1974.64
6395,708,5,2025-03-22,1,Debit Card,1901.89
6396,842,11,2025-11-22,3,Debit Card,3581.9700000000003
6397,202,15,2025-07-12,2,Debit Card,6697.48
6398,344,64,2024-12-24,3,UPI,6409.950000000001
6399,853,98,2024-10-03,2,Debit Card,339.06
6400,523,13,2024-11-08,3,UPI,8688.539999999999
6401,859,7,2024-04-14,3,UPI,6701.969999999999
6402,400,6,2024-04-04,4,Debit Card,3962.08
6403,218,56,2024-08-06,4,Debit Card,10960.72
6404,445,64,2025-11-12,4,UPI,8546.6
6405,765,50,2024-05-07,4,Debit Card,3612.08
6406,222,30,2024-07-18,4,Credit Card,1570.44
6407,383,22,2024-11-27,3,UPI,4579.83
6408,881,25,2025-06-30,2,Cash,9014.66
6409,592,28,2025-10-17,1,UPI,3056.13
6410,7,84,2024-10-18,1,Debit Card,2020.11
6411,272,39,2024-03-06,2,Debit Card,7813.9
6412,739,67,2025-12-31,1,UPI,1835.91
6413,16,5,2025-07-21,3,UPI,5705.67
6414,424,65,2025-10-18,2,Cash,3158.78
6415,524,15,2025-02-07,2,Cash,6697.48
6416,803,90,2025-12-25,1,UPI,4769.8
6417,753,67,2025-08-28,1,Debit Card,1835.91
6418,21,40,2025-09-09,3,UPI,3313.2300000000005
6419,690,98,2025-08-18,4,Credit Card,678.12
6420,939,69,2025-10-09,2,Credit Card,9630.64
6421,228,95,2024-05-25,4,Debit Card,3851.48
6422,785,77,2025-06-13,1,UPI,4333.41
6423,288,43,2025-02-05,2,UPI,8981.54
6424,809,1,2024-05-04,4,Credit Card,17199.72
6425,134,22,2025-05-28,3,UPI,4579.83
6426,984,62,2024-11-27,3,Debit Card,3684.69
6427,283,79,2025-04-24,3,Debit Card,13495.829999999998
6428,404,26,2025-12-12,2,Cash,7159.32
6429,665,18,2025-10-11,2,Debit Card,6820.68
6430,66,48,2025-12-15,2,UPI,5367.2
6431,649,9,2025-02-01,2,UPI,3549.68
6432,604,1,2024-01-30,2,Credit Card,8599.86
6433,437,9,2024-02-25,4,Credit Card,7099.36
6434,829,23,2025-09-22,4,Debit Card,4459.08
6435,934,45,2024-05-11,3,Cash,4932.66
6436,259,2,2024-08-18,4,UPI,11676.96
6437,980,14,2025-01-29,4,Cash,11534.6
6438,966,38,2024-05-31,3,UPI,8551.02
6439,103,40,2025-05-16,3,Debit Card,3313.2300000000005
6440,993,63,2025-05-20,1,Debit Card,318.36
6441,567,82,2025-01-20,3,Credit Card,14926.23
6442,769,16,2025-06-16,4,Cash,11148.28
6443,101,93,2025-03-23,2,Credit Card,4697.84
6444,198,75,2025-08-02,3,Debit Card,7041.39
6445,813,6,2024-05-05,1,Cash,990.52
6446,226,3,2025-07-08,4,UPI,1897.16
6447,943,14,2025-11-24,1,Credit Card,2883.65
6448,463,66,2025-05-03,1,Debit Card,3829.33
6449,237,96,2025-09-03,4,UPI,4593.56
6450,26,95,2025-03-21,1,Debit Card,962.87
6451,121,75,2025-04-14,4,UPI,9388.52
6452,910,86,2024-12-14,1,Credit Card,633.58
6453,506,67,2025-05-22,2,UPI,3671.82
6454,182,31,2025-04-01,3,Cash,10173.150000000001
6455,711,33,2025-01-19,2,UPI,9904.04
6456,814,88,2025-12-12,2,Debit Card,5082.72
6457,767,1,2025-03-23,1,UPI,4299.93
6458,634,44,2025-09-19,3,Credit Card,12753.75
6459,543,15,2024-04-24,3,Debit Card,10046.22
6460,984,37,2025-03-27,3,Debit Card,9775.5
6461,315,27,2025-10-15,1,Debit Card,4693.15
6462,991,48,2024-04-28,2,Debit Card,5367.2
6463,797,27,2024-04-02,4,Cash,18772.6
6464,618,12,2025-06-04,4,Debit Card,12980.44
6465,736,67,2025-08-07,4,Debit Card,7343.64
6466,273,30,2025-06-21,3,Debit Card,1177.83
6467,910,96,2025-03-08,4,Credit Card,4593.56
6468,232,87,2024-05-24,2,Credit Card,6438.08
6469,420,66,2024-03-08,4,Debit Card,15317.32
6470,768,7,2025-11-30,3,Cash,6701.969999999999
6471,442,34,2024-05-10,3,UPI,3815.6400000000003
6472,496,32,2024-10-07,4,Cash,11811.28
6473,24,39,2025-10-13,3,Debit Card,11720.849999999999
6474,109,96,2025-07-19,4,Debit Card,4593.56
6475,703,43,2025-05-27,3,Cash,13472.310000000001
6476,502,43,2025-10-01,1,Debit Card,4490.77
6477,859,78,2024-01-01,1,UPI,2458.53
6478,25,3,2025-11-15,2,Credit Card,948.58
6479,187,46,2025-03-07,1,UPI,1453.56
6480,288,32,2025-01-25,4,UPI,11811.28
6481,628,43,2024-09-22,3,UPI,13472.310000000001
6482,338,100,2025-02-02,2,Cash,7374.8
6483,878,81,2024-09-12,4,Cash,3085.2
6484,914,3,2025-01-29,4,UPI,1897.16
6485,37,74,2024-06-22,2,Cash,1967.02
6486,794,63,2024-02-14,2,Debit Card,636.72
6487,137,40,2024-05-20,4,Credit Card,4417.64
6488,508,18,2025-06-22,3,Cash,10231.02
6489,227,67,2025-12-21,4,Cash,7343.64
6490,320,62,2024-02-19,3,UPI,3684.69
6491,840,10,2024-03-01,2,Credit Card,7442.46
6492,916,52,2024-08-30,4,Debit Card,16273.24
6493,182,73,2024-09-25,1,Debit Card,2779.61
6494,874,46,2024-05-19,4,Credit Card,5814.24
6495,86,55,2024-06-05,3,Debit Card,10957.23
6496,467,46,2025-08-19,4,Credit Card,5814.24
6497,926,75,2025-08-18,3,UPI,7041.39
6498,53,60,2024-10-02,1,Debit Card,4659.97
6499,860,97,2024-01-31,2,Debit Card,327.68
6500,867,100,2024-01-08,1,Credit Card,3687.4
6501,235,26,2025-12-15,3,Debit Card,10738.98
6502,959,27,2024-02-02,2,Cash,9386.3
6503,779,38,2025-10-16,2,UPI,5700.68
6504,799,22,2025-03-27,4,Debit Card,6106.44
6505,433,26,2025-03-24,1,Debit Card,3579.66
6506,496,86,2024-02-06,3,Debit Card,1900.7400000000002
6507,999,69,2025-10-20,3,Credit Card,14445.96
6508,100,35,2024-02-03,2,UPI,5401.22
6509,990,66,2025-03-30,4,UPI,15317.32
6510,599,99,2025-03-19,3,Debit Card,12492.060000000001
6511,403,73,2024-08-24,4,Debit Card,11118.44
6512,396,51,2024-07-30,2,Credit Card,6499.62
6513,527,18,2024-05-19,2,UPI,6820.68
6514,415,43,2025-12-02,2,Cash,8981.54
6515,939,12,2025-08-30,4,Debit Card,12980.44
6516,613,3,2025-12-06,3,Cash,1422.8700000000001
6517,677,82,2024-12-26,1,Cash,4975.41
6518,463,7,2024-10-30,4,UPI,8935.96
6519,541,97,2024-10-22,2,Cash,327.68
6520,626,6,2024-05-31,1,Debit Card,990.52
6521,619,82,2024-08-10,1,Debit Card,4975.41
6522,922,45,2024-07-14,1,Credit Card,1644.22
6523,364,86,2025-08-22,1,UPI,633.58
6524,130,39,2024-10-25,1,UPI,3906.95
6525,84,51,2025-06-12,2,Cash,6499.62
6526,271,9,2025-05-02,3,Debit Card,5324.5199999999995
6527,244,99,2024-07-29,1,Debit Card,4164.02
6528,388,23,2024-08-19,3,Credit Card,3344.31
6529,214,12,2025-11-25,3,Cash,9735.33
6530,818,88,2025-11-04,4,Debit Card,10165.44
6531,166,62,2025-01-01,2,UPI,2456.46
6532,791,73,2025-04-25,1,Credit Card,2779.61
6533,59,77,2025-08-04,3,UPI,13000.23
6534,602,40,2025-07-25,4,Credit Card,4417.64
6535,883,54,2024-06-27,3,UPI,5258.91
6536,843,81,2025-04-28,1,Cash,771.3
6537,924,7,2025-08-11,2,Debit Card,4467.98
6538,504,17,2025-05-09,2,UPI,8816.7
6539,706,50,2025-06-30,1,Cash,903.02
6540,123,24,2024-01-16,3,UPI,2539.23
6541,648,2,2025-04-10,4,Cash,11676.96
6542,413,99,2025-02-05,2,Credit Card,8328.04
6543,139,92,2024-10-20,2,Cash,2347.36
6544,229,83,2024-06-19,3,UPI,8050.32
6545,274,33,2024-02-01,3,Debit Card,14856.060000000001
6546,439,21,2024-09-19,3,Credit Card,9210.36
6547,562,74,2024-08-02,4,Credit Card,3934.04
6548,910,53,2025-07-11,3,Cash,14226.72
6549,118,46,2024-07-07,4,UPI,5814.24
6550,714,45,2025-08-05,1,Cash,1644.22
6551,995,9,2025-08-22,4,Credit Card,7099.36
6552,905,6,2024-09-17,3,Debit Card,2971.56
6553,483,51,2024-06-30,4,Cash,12999.24
6554,395,35,2025-05-19,4,UPI,10802.44
6555,703,82,2024-12-07,4,Cash,19901.64
6556,876,53,2024-01-22,2,Cash,9484.48
6557,460,19,2024-03-14,3,Cash,8340.36
6558,835,69,2025-08-24,4,Debit Card,19261.28
6559,693,25,2024-06-14,3,UPI,13521.99
6560,935,11,2024-08-21,1,UPI,1193.99
6561,78,74,2025-01-09,4,Credit Card,3934.04
6562,952,17,2025-03-08,4,Credit Card,17633.4
6563,412,36,2025-10-02,1,Cash,3289.69
6564,75,90,2024-11-29,3,Credit Card,14309.400000000001
6565,295,95,2025-08-29,1,UPI,962.87
6566,793,96,2025-06-23,1,Cash,1148.39
6567,21,21,2024-02-04,1,Credit Card,3070.12
6568,906,18,2025-03-19,1,Debit Card,3410.34
6569,171,60,2024-08-18,3,Credit Card,13979.91
6570,15,18,2024-11-13,4,Debit Card,13641.36
6571,211,1,2024-12-08,1,Credit Card,4299.93
6572,560,14,2025-03-05,1,UPI,2883.65
6573,86,8,2025-09-28,2,Credit Card,3454.58
6574,149,66,2025-04-10,3,Debit Card,11487.99
6575,700,51,2024-03-19,1,Debit Card,3249.81
6576,372,79,2025-07-26,2,Credit Card,8997.22
6577,480,60,2025-03-24,1,Cash,4659.97
6578,818,34,2025-12-29,3,Debit Card,3815.6400000000003
6579,151,36,2024-10-08,2,UPI,6579.38
6580,141,62,2025-11-05,2,Credit Card,2456.46
6581,69,1,2024-02-26,3,Debit Card,12899.79
6582,260,85,2024-07-09,2,Credit Card,6659.32
6583,988,42,2025-10-05,2,Credit Card,6273.4
6584,846,1,2025-04-07,1,Cash,4299.93
6585,968,96,2024-02-11,2,Credit Card,2296.78
6586,521,84,2025-04-30,4,Credit Card,8080.44
6587,633,54,2024-06-21,3,Credit Card,5258.91
6588,371,47,2025-11-09,1,UPI,4910.1
6589,419,100,2024-09-06,2,Credit Card,7374.8
6590,101,39,2025-05-24,4,UPI,15627.8
6591,661,30,2025-05-16,1,Credit Card,392.61
6592,954,7,2024-07-11,3,Cash,6701.969999999999
6593,658,22,2024-06-13,2,Cash,3053.22
6594,865,50,2024-03-30,3,Debit Card,2709.06
6595,968,45,2025-11-21,3,Credit Card,4932.66
6596,243,74,2024-02-27,2,Cash,1967.02
6597,753,72,2024-09-19,2,Cash,7656.38
6598,512,91,2025-10-09,1,Credit Card,2660.44
6599,849,10,2024-08-30,3,Debit Card,11163.69
6600,555,14,2025-10-24,2,UPI,5767.3
6601,95,46,2024-08-06,3,Cash,4360.68
6602,226,75,2024-01-09,2,Cash,4694.26
6603,518,6,2025-03-05,3,UPI,2971.56
6604,214,21,2024-01-13,1,Cash,3070.12
6605,718,62,2024-08-12,3,UPI,3684.69
6606,67,97,2025-11-20,2,UPI,327.68
6607,396,19,2024-03-07,4,Debit Card,11120.48
6608,612,88,2025-10-30,1,UPI,2541.36
6609,12,82,2025-11-07,1,UPI,4975.41
6610,237,99,2025-05-17,4,UPI,16656.08
6611,834,62,2024-07-02,2,UPI,2456.46
6612,770,83,2024-07-26,1,Cash,2683.44
6613,399,53,2025-06-11,4,UPI,18968.96
6614,407,24,2024-10-26,4,Cash,3385.64
6615,925,56,2024-08-28,3,Credit Card,8220.539999999999
6616,849,62,2025-03-30,3,Credit Card,3684.69
6617,480,34,2025-06-13,2,UPI,2543.76
6618,647,22,2025-10-20,4,Debit Card,6106.44
6619,222,68,2024-08-31,3,Debit Card,14251.349999999999
6620,156,57,2025-07-16,2,Cash,794.16
6621,654,10,2024-08-25,1,Cash,3721.23
6622,428,66,2024-09-02,3,Credit Card,11487.99
6623,158,8,2024-12-10,2,Cash,3454.58
6624,977,97,2025-04-28,3,Debit Card,491.52
6625,416,38,2024-11-05,1,Credit Card,2850.34
6626,326,62,2025-07-14,1,UPI,1228.23
6627,371,28,2024-10-10,3,Cash,9168.39
6628,344,10,2024-02-07,1,UPI,3721.23
6629,262,45,2024-02-01,2,Cash,3288.44
6630,283,65,2024-08-30,3,Debit Card,4738.17
6631,850,98,2025-07-06,3,Cash,508.59000000000003
6632,856,67,2024-10-18,1,Debit Card,1835.91
6633,229,9,2025-09-06,2,Debit Card,3549.68
6634,888,5,2024-10-18,3,UPI,5705.67
6635,280,10,2025-09-10,3,Cash,11163.69
6636,870,12,2025-01-16,1,UPI,3245.11
6637,290,82,2025-08-21,1,Debit Card,4975.41
6638,680,58,2025-07-31,2,Debit Card,6962.0
6639,47,21,2024-05-17,2,Debit Card,6140.24
6640,975,21,2024-07-18,1,Debit Card,3070.12
6641,715,65,2024-11-30,2,Credit Card,3158.78
6642,214,3,2025-08-27,4,Debit Card,1897.16
6643,758,69,2025-03-22,4,Cash,19261.28
6644,24,89,2024-12-13,1,Debit Card,2092.7
6645,321,64,2024-10-04,3,Credit Card,6409.950000000001
6646,274,49,2025-06-15,1,Cash,4541.46
6647,556,72,2025-02-02,1,Credit Card,3828.19
6648,844,17,2025-01-25,1,Credit Card,4408.35
6649,313,73,2025-08-24,3,Cash,8338.83
6650,363,32,2025-07-15,4,Credit Card,11811.28
6651,668,70,2024-01-10,2,Debit Card,6284.9
6652,1000,21,2025-08-13,4,UPI,12280.48
6653,380,7,2025-07-02,2,UPI,4467.98
6654,711,7,2024-02-28,2,UPI,4467.98
6655,919,27,2024-03-28,1,Cash,4693.15
6656,981,8,2025-04-03,1,Cash,1727.29
6657,674,73,2024-04-13,2,Cash,5559.22
6658,907,28,2024-04-13,3,UPI,9168.39
6659,470,79,2024-09-10,3,UPI,13495.829999999998
6660,746,66,2024-11-30,3,Cash,11487.99
6661,675,71,2025-04-07,3,UPI,13951.32
6662,116,47,2025-07-02,1,Credit Card,4910.1
6663,605,82,2024-10-27,4,Credit Card,19901.64
6664,42,86,2025-10-15,4,UPI,2534.32
6665,796,10,2025-07-08,2,Cash,7442.46
6666,379,33,2025-09-19,3,Debit Card,14856.060000000001
6667,722,7,2024-12-06,1,Debit Card,2233.99
6668,206,3,2025-05-06,1,UPI,474.29
6669,466,14,2024-03-24,1,Debit Card,2883.65
6670,732,44,2024-09-15,2,Cash,8502.5
6671,280,46,2024-12-25,1,Credit Card,1453.56
6672,648,61,2024-03-27,2,Credit Card,5073.66
6673,618,36,2025-03-03,2,Cash,6579.38
6674,118,13,2025-01-01,2,Debit Card,5792.36
6675,237,16,2024-12-08,2,UPI,5574.14
6676,309,80,2024-12-12,1,Credit Card,3404.31
6677,456,5,2024-04-05,1,Debit Card,1901.89
6678,900,89,2024-09-11,4,Debit Card,8370.8
6679,475,38,2024-05-15,1,Credit Card,2850.34
6680,100,50,2024-09-04,3,Credit Card,2709.06
6681,261,38,2025-05-13,3,UPI,8551.02
6682,993,56,2025-04-30,2,Cash,5480.36
6683,305,63,2025-02-05,2,Debit Card,636.72
6684,354,48,2025-08-26,2,UPI,5367.2
6685,286,90,2025-02-15,4,Credit Card,19079.2
6686,328,59,2025-03-23,2,Cash,6962.94
6687,103,77,2024-09-03,4,Cash,17333.64
6688,63,44,2025-11-29,2,Debit Card,8502.5
6689,687,90,2025-02-24,3,Cash,14309.400000000001
6690,282,55,2024-05-03,2,Credit Card,7304.82
6691,441,55,2024-09-16,1,Credit Card,3652.41
6692,293,1,2024-06-17,2,Credit Card,8599.86
6693,738,8,2024-04-20,1,UPI,1727.29
6694,7,4,2024-10-16,1,Credit Card,1974.64
6695,639,85,2025-08-21,1,UPI,3329.66
6696,936,86,2024-01-13,1,Credit Card,633.58
6697,92,53,2024-09-19,4,Credit Card,18968.96
6698,935,58,2024-01-23,4,Cash,13924.0
6699,190,37,2024-07-18,2,Debit Card,6517.0
6700,871,49,2024-08-29,2,Credit Card,9082.92
6701,476,67,2024-08-26,4,Cash,7343.64
6702,511,19,2024-10-29,2,Cash,5560.24
6703,462,1,2024-06-13,2,Debit Card,8599.86
6704,53,29,2024-06-24,4,Cash,9678.64
6705,754,87,2024-01-29,4,Cash,12876.16
6706,486,33,2025-11-07,2,Debit Card,9904.04
6707,644,52,2025-06-18,4,UPI,16273.24
6708,490,41,2024-10-20,3,Debit Card,10966.710000000001
6709,978,23,2025-04-21,1,Debit Card,1114.77
6710,364,5,2025-01-17,1,Credit Card,1901.89
6711,112,71,2025-07-09,3,Credit Card,13951.32
6712,409,57,2025-11-22,3,UPI,1191.24
6713,7,6,2024-10-22,2,Debit Card,1981.04
6714,742,49,2025-10-12,2,Debit Card,9082.92
6715,668,22,2024-11-29,1,UPI,1526.61
6716,197,77,2024-09-04,2,Credit Card,8666.82
6717,835,76,2024-08-28,1,Debit Card,2848.28
6718,876,4,2024-04-15,2,UPI,3949.28
6719,735,72,2025-11-15,2,Credit Card,7656.38
6720,367,64,2025-07-14,1,Cash,2136.65
6721,250,37,2024-05-02,3,UPI,9775.5
6722,916,31,2024-02-04,3,UPI,10173.150000000001
6723,595,37,2025-09-09,2,Debit Card,6517.0
6724,240,45,2025-02-19,3,Cash,4932.66
6725,380,90,2025-12-08,2,Credit Card,9539.6
6726,907,8,2025-09-12,4,Cash,6909.16
6727,872,40,2025-09-28,4,Debit Card,4417.64
6728,835,97,2024-11-22,4,Debit Card,655.36
6729,471,93,2024-10-21,3,Credit Card,7046.76
6730,775,5,2025-03-07,3,Credit Card,5705.67
6731,919,28,2024-12-12,1,Credit Card,3056.13
6732,701,81,2024-02-06,3,Debit Card,2313.8999999999996
6733,455,87,2025-11-30,2,Credit Card,6438.08
6734,366,9,2025-05-26,1,Credit Card,1774.84
6735,290,2,2025-06-18,3,Credit Card,8757.72
6736,874,63,2025-12-06,1,UPI,318.36
6737,403,96,2025-10-25,3,Credit Card,3445.17
6738,58,51,2024-01-18,2,Debit Card,6499.62
6739,521,31,2024-01-27,4,UPI,13564.2
6740,304,7,2025-06-19,4,Debit Card,8935.96
6741,115,30,2024-01-29,2,Cash,785.22
6742,210,58,2025-10-12,1,UPI,3481.0
6743,41,3,2025-10-19,4,Credit Card,1897.16
6744,816,51,2025-09-26,3,UPI,9749.43
6745,173,56,2025-10-01,3,Debit Card,8220.539999999999
6746,234,73,2024-04-26,1,UPI,2779.61
6747,793,10,2024-05-11,1,Cash,3721.23
6748,884,61,2024-10-15,2,Credit Card,5073.66
6749,590,50,2025-12-18,4,Credit Card,3612.08
6750,620,47,2024-08-23,1,Cash,4910.1
6751,793,90,2024-02-11,4,Debit Card,19079.2
6752,403,1,2024-06-08,4,UPI,17199.72
6753,39,94,2025-11-21,3,Debit Card,13815.0
6754,119,57,2024-05-04,1,Debit Card,397.08
6755,335,38,2024-09-16,2,Debit Card,5700.68
6756,336,62,2024-10-02,1,Credit Card,1228.23
6757,539,79,2024-07-31,4,UPI,17994.44
6758,616,89,2025-04-17,3,Credit Card,6278.099999999999
6759,74,70,2025-12-02,1,Credit Card,3142.45
6760,191,82,2025-07-23,1,Credit Card,4975.41
6761,324,65,2025-03-06,1,UPI,1579.39
6762,147,62,2025-12-15,2,Cash,2456.46
6763,767,56,2024-03-20,2,Credit Card,5480.36
6764,284,67,2024-08-15,2,Credit Card,3671.82
6765,213,17,2024-04-04,2,Credit Card,8816.7
6766,635,8,2025-02-27,3,UPI,5181.87
6767,718,60,2025-05-30,3,UPI,13979.91
6768,929,40,2024-06-13,2,Debit Card,2208.82
6769,752,81,2025-03-01,4,Credit Card,3085.2
6770,394,89,2024-02-11,2,Credit Card,4185.4
6771,339,62,2025-02-06,2,UPI,2456.46
6772,798,41,2025-12-24,4,UPI,14622.28
6773,22,12,2025-02-19,1,Credit Card,3245.11
6774,771,93,2024-10-26,4,Cash,9395.68
6775,869,89,2024-02-24,4,Debit Card,8370.8
6776,105,100,2024-12-01,3,Debit Card,11062.2
6777,466,54,2025-03-05,1,Credit Card,1752.97
6778,459,89,2025-11-15,4,Debit Card,8370.8
6779,432,93,2024-11-29,2,Debit Card,4697.84
6780,770,11,2025-02-09,4,Credit Card,4775.96
6781,716,60,2024-01-30,3,Debit Card,13979.91
6782,822,68,2025-06-18,4,UPI,19001.8
6783,774,78,2025-05-31,2,Credit Card,4917.06
6784,619,46,2025-07-28,1,UPI,1453.56
6785,763,38,2024-08-08,3,Credit Card,8551.02
6786,936,61,2025-08-16,1,UPI,2536.83
6787,221,17,2025-05-08,3,Debit Card,13225.050000000001
6788,379,66,2024-09-09,2,Cash,7658.66
6789,222,72,2025-07-17,3,UPI,11484.57
6790,258,36,2024-11-16,1,UPI,3289.69
6791,713,74,2024-02-08,1,Cash,983.51
6792,367,7,2025-04-09,4,Cash,8935.96
6793,770,100,2025-02-14,1,UPI,3687.4
6794,349,16,2025-02-15,4,UPI,11148.28
6795,225,14,2025-05-06,1,UPI,2883.65
6796,714,80,2025-03-13,4,Credit Card,13617.24
6797,738,25,2025-04-23,2,UPI,9014.66
6798,236,4,2024-03-12,4,UPI,7898.56
6799,183,29,2025-08-04,1,Cash,2419.66
6800,712,56,2024-08-07,2,Cash,5480.36
6801,869,6,2024-01-04,3,Credit Card,2971.56
6802,758,1,2024-10-16,1,Credit Card,4299.93
6803,444,39,2025-01-14,4,Debit Card,15627.8
6804,865,1,2024-12-20,3,UPI,12899.79
6805,623,63,2024-03-20,4,UPI,1273.44
6806,6,57,2024-03-06,3,Cash,1191.24
6807,236,67,2024-05-15,2,Debit Card,3671.82
6808,127,65,2025-02-02,1,UPI,1579.39
6809,104,65,2025-12-03,2,Debit Card,3158.78
6810,749,21,2024-12-12,1,Credit Card,3070.12
6811,915,30,2024-02-28,3,UPI,1177.83
6812,480,96,2025-06-02,2,UPI,2296.78
6813,155,33,2025-12-14,1,Credit Card,4952.02
6814,257,48,2024-08-24,3,UPI,8050.799999999999
6815,235,22,2024-03-19,2,Credit Card,3053.22
6816,500,94,2025-07-11,2,Credit Card,9210.0
6817,289,54,2025-11-02,2,Debit Card,3505.94
6818,510,4,2024-04-24,2,Cash,3949.28
6819,552,87,2025-04-06,4,Cash,12876.16
6820,800,55,2025-09-17,3,Credit Card,10957.23
6821,709,44,2024-05-05,4,Debit Card,17005.0
6822,785,89,2025-08-24,3,Credit Card,6278.099999999999
6823,894,12,2025-07-26,3,Debit Card,9735.33
6824,776,81,2025-05-14,3,Debit Card,2313.8999999999996
6825,569,79,2024-04-11,1,Cash,4498.61
6826,298,74,2025-09-17,3,Cash,2950.5299999999997
6827,610,99,2024-06-22,2,Debit Card,8328.04
6828,137,52,2025-03-27,4,Cash,16273.24
6829,376,93,2024-04-01,2,Debit Card,4697.84
6830,87,76,2025-11-25,2,UPI,5696.56
6831,419,65,2025-01-19,4,Credit Card,6317.56
6832,754,65,2024-07-23,2,Cash,3158.78
6833,199,10,2024-12-28,1,Credit Card,3721.23
6834,463,18,2025-12-07,2,Cash,6820.68
6835,437,47,2025-05-12,2,Credit Card,9820.2
6836,310,66,2025-06-20,4,Credit Card,15317.32
6837,596,49,2024-08-21,2,Cash,9082.92
6838,754,72,2024-01-16,4,Cash,15312.76
6839,281,22,2024-05-20,3,Cash,4579.83
6840,323,86,2025-09-11,3,Cash,1900.7400000000002
6841,764,26,2025-02-23,1,Debit Card,3579.66
6842,702,90,2025-03-31,4,Cash,19079.2
6843,951,9,2024-10-26,4,Cash,7099.36
6844,942,21,2024-12-04,4,Cash,12280.48
6845,152,95,2024-10-29,1,UPI,962.87
6846,994,63,2025-08-14,1,Credit Card,318.36
6847,302,6,2024-03-16,2,Cash,1981.04
6848,278,14,2025-09-15,4,Cash,11534.6
6849,651,33,2024-11-11,1,Credit Card,4952.02
6850,688,71,2025-05-14,3,Credit Card,13951.32
6851,8,24,2024-03-15,3,Debit Card,2539.23
6852,807,73,2025-12-26,4,Credit Card,11118.44
6853,235,75,2024-12-31,3,Credit Card,7041.39
6854,675,87,2025-06-29,2,UPI,6438.08
6855,561,51,2025-10-14,2,Debit Card,6499.62
6856,302,2,2025-11-08,4,UPI,11676.96
6857,38,15,2025-01-30,1,Credit Card,3348.74
6858,136,35,2024-08-18,1,Cash,2700.61
6859,822,36,2024-01-28,1,Debit Card,3289.69
6860,421,92,2025-04-19,1,Credit Card,1173.68
6861,219,39,2024-10-21,4,Credit Card,15627.8
6862,348,4,2025-03-02,2,Cash,3949.28
6863,808,64,2024-03-31,4,Cash,8546.6
6864,546,74,2024-04-24,4,Cash,3934.04
6865,864,6,2024-06-07,3,Debit Card,2971.56
6866,79,57,2024-09-14,2,UPI,794.16
6867,748,30,2025-01-07,1,Debit Card,392.61
6868,895,99,2024-03-30,2,Cash,8328.04
6869,273,74,2024-10-24,3,Debit Card,2950.5299999999997
6870,161,96,2024-01-31,4,Cash,4593.56
6871,687,67,2024-12-23,2,UPI,3671.82
6872,878,90,2025-04-14,3,Debit Card,14309.400000000001
6873,308,15,2024-05-07,4,UPI,13394.96
6874,374,17,2024-09-26,1,UPI,4408.35
6875,976,91,2025-05-12,2,Cash,5320.88
6876,733,18,2025-02-16,1,Debit Card,3410.34
6877,9,19,2024-07-27,1,Debit Card,2780.12
6878,801,76,2025-11-20,3,UPI,8544.84
6879,444,88,2024-11-01,3,Cash,7624.08
6880,113,69,2024-07-09,4,UPI,19261.28
6881,989,24,2024-12-22,1,UPI,846.41
6882,205,91,2025-04-01,3,UPI,7981.32
6883,405,48,2025-03-24,3,UPI,8050.799999999999
6884,698,30,2024-03-08,1,Debit Card,392.61
6885,853,15,2025-04-11,4,Credit Card,13394.96
6886,197,47,2024-12-25,1,Debit Card,4910.1
6887,778,44,2025-01-21,4,Cash,17005.0
6888,774,98,2024-05-07,4,Credit Card,678.12
6889,760,27,2025-04-29,3,UPI,14079.449999999999
6890,115,84,2024-08-31,1,Debit Card,2020.11
6891,121,64,2024-01-19,1,Credit Card,2136.65
6892,653,41,2025-01-30,3,UPI,10966.710000000001
6893,65,96,2025-10-28,2,Debit Card,2296.78
6894,276,68,2024-08-16,2,Credit Card,9500.9
6895,825,5,2025-01-02,1,Debit Card,1901.89
6896,239,53,2024-02-27,3,Credit Card,14226.72
6897,302,8,2024-10-07,4,Cash,6909.16
6898,392,22,2025-07-10,4,Debit Card,6106.44
6899,522,7,2024-04-11,1,Debit Card,2233.99
6900,969,22,2024-02-17,3,Credit Card,4579.83
6901,369,46,2025-07-15,1,Cash,1453.56
6902,233,30,2025-08-15,1,Debit Card,392.61
6903,195,16,2024-02-28,3,Cash,8361.210000000001
6904,907,79,2024-06-09,1,Cash,4498.61
6905,12,5,2024-04-12,4,Debit Card,7607.56
6906,906,67,2025-02-15,2,UPI,3671.82
6907,921,23,2024-07-01,4,Credit Card,4459.08
6908,689,61,2025-02-20,2,Debit Card,5073.66
6909,177,74,2024-04-25,3,Cash,2950.5299999999997
6910,217,5,2025-02-02,1,Credit Card,1901.89
6911,11,23,2025-11-06,2,Debit Card,2229.54
6912,446,79,2025-10-16,3,Credit Card,13495.829999999998
6913,630,82,2025-03-12,3,Credit Card,14926.23
6914,164,25,2024-11-13,3,Cash,13521.99
6915,551,8,2025-08-28,4,UPI,6909.16
6916,53,95,2024-09-06,4,UPI,3851.48
6917,218,21,2025-03-22,2,Credit Card,6140.24
6918,718,2,2025-05-11,2,Cash,5838.48
6919,999,22,2024-12-08,4,Cash,6106.44
6920,824,72,2025-03-02,2,Debit Card,7656.38
6921,360,87,2024-08-27,2,Credit Card,6438.08
6922,385,96,2024-02-28,1,Debit Card,1148.39
6923,56,72,2025-06-10,2,Cash,7656.38
6924,118,68,2024-07-21,3,Credit Card,14251.349999999999
6925,900,64,2025-04-10,1,UPI,2136.65
6926,253,94,2024-10-22,2,UPI,9210.0
6927,798,19,2024-10-13,1,Debit Card,2780.12
6928,780,87,2024-03-13,3,Credit Card,9657.119999999999
6929,803,82,2025-12-26,2,Cash,9950.82
6930,845,53,2025-06-06,1,Debit Card,4742.24
6931,180,93,2024-12-02,2,UPI,4697.84
6932,415,87,2024-11-13,1,Cash,3219.04
6933,870,97,2024-07-21,1,Credit Card,163.84
6934,235,52,2024-08-18,3,UPI,12204.93
6935,855,47,2025-07-16,3,Cash,14730.300000000001
6936,708,82,2024-02-26,2,UPI,9950.82
6937,820,54,2025-10-05,4,Credit Card,7011.88
6938,80,44,2025-02-23,2,Debit Card,8502.5
6939,647,97,2024-10-06,1,Cash,163.84
6940,22,7,2024-10-31,3,Cash,6701.969999999999
6941,477,92,2025-04-10,3,Credit Card,3521.04
6942,843,1,2024-06-22,1,UPI,4299.93
6943,440,63,2024-09-22,4,UPI,1273.44
6944,737,98,2024-09-03,3,UPI,508.59000000000003
6945,570,39,2024-03-18,4,Cash,15627.8
6946,93,19,2025-10-08,3,Cash,8340.36
6947,192,31,2025-10-13,1,UPI,3391.05
6948,103,77,2024-09-09,2,Cash,8666.82
6949,396,24,2025-04-19,2,Debit Card,1692.82
6950,7,69,2024-06-24,4,Credit Card,19261.28
6951,640,87,2025-02-24,2,Credit Card,6438.08
6952,567,83,2025-07-25,1,Cash,2683.44
6953,231,65,2025-04-05,2,Debit Card,3158.78
6954,874,33,2024-09-10,4,Debit Card,19808.08
6955,574,59,2025-06-03,1,UPI,3481.47
6956,240,33,2024-04-16,1,Credit Card,4952.02
6957,90,32,2024-06-19,3,Credit Card,8858.460000000001
6958,232,59,2024-02-27,3,Credit Card,10444.41
6959,457,92,2024-12-02,2,Cash,2347.36
6960,233,41,2024-12-07,4,Debit Card,14622.28
6961,354,12,2024-10-16,1,UPI,3245.11
6962,333,73,2024-03-24,2,Cash,5559.22
6963,439,11,2024-04-26,2,UPI,2387.98
6964,375,97,2025-12-12,3,Cash,491.52
6965,292,19,2025-06-17,2,Credit Card,5560.24
6966,345,54,2024-08-06,2,UPI,3505.94
6967,664,57,2024-04-11,3,Debit Card,1191.24
6968,428,42,2025-10-18,2,Debit Card,6273.4
6969,657,98,2025-03-31,2,Cash,339.06
6970,130,71,2025-10-20,1,Credit Card,4650.44
6971,141,31,2025-06-09,2,Cash,6782.1
6972,415,52,2024-09-22,3,UPI,12204.93
6973,93,2,2024-10-13,3,Debit Card,8757.72
6974,626,83,2024-05-20,1,Debit Card,2683.44
6975,284,38,2025-02-09,3,Debit Card,8551.02
6976,956,32,2024-10-19,3,Debit Card,8858.460000000001
6977,923,10,2024-01-31,3,UPI,11163.69
6978,655,8,2024-06-19,2,Debit Card,3454.58
6979,223,90,2024-12-20,1,Cash,4769.8
6980,744,94,2024-07-23,4,Debit Card,18420.0
6981,463,75,2025-04-22,1,UPI,2347.13
6982,545,20,2024-10-17,1,Credit Card,4165.84
6983,276,20,2024-04-20,1,Credit Card,4165.84
6984,682,9,2024-03-08,4,Debit Card,7099.36
6985,140,72,2025-11-25,4,Credit Card,15312.76
6986,357,15,2025-01-07,3,UPI,10046.22
6987,713,98,2024-07-14,2,Debit Card,339.06
6988,23,88,2024-05-05,3,UPI,7624.08
6989,968,97,2025-11-17,3,Credit Card,491.52
6990,736,63,2024-09-18,4,Credit Card,1273.44
6991,880,91,2024-06-03,3,Debit Card,7981.32
6992,270,21,2025-08-03,3,Credit Card,9210.36
6993,859,5,2024-04-17,4,Debit Card,7607.56
6994,665,35,2025-02-26,1,Debit Card,2700.61
6995,333,85,2024-02-04,1,Cash,3329.66
6996,85,68,2024-02-13,4,Cash,19001.8
6997,621,48,2025-10-16,2,Cash,5367.2
6998,31,80,2025-12-23,3,UPI,10212.93
6999,741,95,2025-02-19,1,Credit Card,962.87
7000,240,90,2024-10-11,4,Credit Card,19079.2
7001,890,62,2025-03-22,2,Cash,2456.46
7002,363,35,2025-06-01,3,Debit Card,8101.83
7003,822,70,2025-12-30,4,Debit Card,12569.8
7004,389,97,2024-01-27,4,Debit Card,655.36
7005,653,21,2024-08-14,4,Debit Card,12280.48
7006,668,80,2025-02-28,3,UPI,10212.93
7007,299,39,2025-07-21,1,Credit Card,3906.95
7008,857,34,2025-01-02,3,Cash,3815.6400000000003
7009,371,15,2024-11-05,3,UPI,10046.22
7010,99,6,2024-04-14,1,Credit Card,990.52
7011,47,66,2024-01-18,4,UPI,15317.32
7012,999,88,2024-07-23,2,Debit Card,5082.72
7013,839,56,2024-02-12,2,UPI,5480.36
7014,422,49,2024-03-29,1,UPI,4541.46
7015,480,92,2025-08-08,1,Debit Card,1173.68
7016,579,1,2024-06-05,4,Debit Card,17199.72
7017,62,65,2024-09-22,2,Cash,3158.78
7018,109,28,2024-05-13,2,Cash,6112.26
7019,679,100,2025-04-08,4,Credit Card,14749.6
7020,549,20,2025-08-23,1,Cash,4165.84
7021,119,48,2024-05-11,1,Cash,2683.6
7022,598,72,2024-02-03,4,Credit Card,15312.76
7023,382,65,2024-03-23,1,UPI,1579.39
7024,392,90,2024-05-11,3,UPI,14309.400000000001
7025,977,51,2025-03-03,1,UPI,3249.81
7026,52,43,2024-07-22,3,Debit Card,13472.310000000001
7027,603,49,2024-12-01,2,Credit Card,9082.92
7028,289,25,2025-05-11,2,UPI,9014.66
7029,337,74,2025-03-17,1,Cash,983.51
7030,810,76,2024-09-14,4,Cash,11393.12
7031,204,41,2024-10-18,1,Cash,3655.57
7032,880,71,2024-05-04,4,Credit Card,18601.76
7033,238,64,2025-10-24,2,Credit Card,4273.3
7034,382,61,2024-06-23,2,Cash,5073.66
7035,667,12,2025-05-06,2,Debit Card,6490.22
7036,752,81,2024-03-20,4,Debit Card,3085.2
7037,136,69,2025-09-10,4,UPI,19261.28
7038,407,14,2024-10-31,2,UPI,5767.3
7039,508,34,2025-05-24,1,UPI,1271.88
7040,362,48,2024-12-09,4,UPI,10734.4
7041,381,61,2025-07-23,3,UPI,7610.49
7042,881,81,2024-03-31,2,Credit Card,1542.6
7043,576,35,2025-10-08,4,Credit Card,10802.44
7044,635,65,2024-06-17,2,Debit Card,3158.78
7045,254,59,2024-11-29,3,Debit Card,10444.41
7046,477,36,2025-09-25,1,Credit Card,3289.69
7047,114,79,2024-08-23,3,Debit Card,13495.829999999998
7048,20,19,2025-02-02,1,Cash,2780.12
7049,528,42,2025-08-10,1,Debit Card,3136.7
7050,145,69,2025-04-21,4,Cash,19261.28
7051,208,19,2025-06-18,1,Cash,2780.12
7052,531,39,2025-08-07,1,UPI,3906.95
7053,376,69,2024-03-28,1,Debit Card,4815.32
7054,504,52,2025-09-06,2,Cash,8136.62
7055,904,12,2025-08-28,4,Debit Card,12980.44
7056,166,83,2024-09-09,4,Debit Card,10733.76
7057,550,47,2024-12-23,1,Credit Card,4910.1
7058,181,76,2024-02-27,2,Credit Card,5696.56
7059,861,36,2025-02-02,1,UPI,3289.69
7060,617,63,2025-06-04,4,Debit Card,1273.44
7061,612,76,2025-06-08,4,Credit Card,11393.12
7062,602,82,2025-02-20,4,Cash,19901.64
7063,927,51,2025-01-27,4,Cash,12999.24
7064,812,43,2025-10-04,2,UPI,8981.54
7065,444,34,2024-08-09,3,Cash,3815.6400000000003
7066,332,97,2024-11-24,3,Debit Card,491.52
7067,503,49,2025-01-06,2,Cash,9082.92
7068,913,18,2025-05-25,1,UPI,3410.34
7069,79,61,2024-06-01,4,UPI,10147.32
7070,585,57,2025-04-24,4,Cash,1588.32
7071,935,93,2025-08-05,4,Debit Card,9395.68
7072,938,5,2024-01-20,2,Credit Card,3803.78
7073,688,89,2025-08-15,2,Debit Card,4185.4
7074,396,24,2024-08-15,4,Debit Card,3385.64
7075,608,93,2024-12-11,4,Debit Card,9395.68
7076,857,64,2024-01-19,1,Cash,2136.65
7077,103,59,2025-03-19,3,Credit Card,10444.41
7078,402,38,2025-11-07,2,Debit Card,5700.68
7079,975,33,2025-01-02,3,Credit Card,14856.060000000001
7080,224,10,2025-09-10,4,UPI,14884.92
7081,518,37,2025-12-26,3,Credit Card,9775.5
7082,634,97,2024-05-26,3,Cash,491.52
7083,236,87,2025-11-23,2,UPI,6438.08
7084,427,11,2025-05-18,2,UPI,2387.98
7085,116,24,2025-03-05,1,Debit Card,846.41
7086,163,88,2025-03-15,4,Credit Card,10165.44
7087,226,71,2024-07-16,1,UPI,4650.44
7088,230,21,2024-10-13,2,UPI,6140.24
7089,182,20,2025-07-18,1,Credit Card,4165.84
7090,249,10,2025-01-03,3,Credit Card,11163.69
7091,318,89,2024-08-27,3,UPI,6278.099999999999
7092,965,47,2024-10-13,2,UPI,9820.2
7093,210,100,2025-11-30,3,Credit Card,11062.2
7094,656,47,2025-01-29,4,Cash,19640.4
7095,392,15,2025-06-01,2,Credit Card,6697.48
7096,857,44,2025-07-14,4,Cash,17005.0
7097,96,62,2025-12-12,2,UPI,2456.46
7098,894,6,2024-02-29,2,Debit Card,1981.04
7099,858,66,2025-06-28,3,Credit Card,11487.99
7100,756,76,2024-10-29,2,UPI,5696.56
7101,86,4,2024-08-31,2,UPI,3949.28
7102,415,23,2025-11-14,1,Debit Card,1114.77
7103,394,13,2024-07-25,3,Credit Card,8688.539999999999
7104,696,81,2025-01-09,4,UPI,3085.2
7105,633,31,2024-10-09,2,Cash,6782.1
7106,844,16,2025-04-22,4,Debit Card,11148.28
7107,501,41,2024-01-22,1,Cash,3655.57
7108,604,90,2025-07-12,2,Credit Card,9539.6
7109,582,92,2024-12-14,4,Cash,4694.72
7110,916,1,2025-05-03,3,Debit Card,12899.79
7111,133,12,2025-10-31,1,UPI,3245.11
7112,791,56,2024-09-14,1,Debit Card,2740.18
7113,649,50,2025-10-16,4,UPI,3612.08
7114,314,20,2024-02-16,2,UPI,8331.68
7115,699,66,2024-01-27,2,Cash,7658.66
7116,221,36,2024-01-27,3,Debit Card,9869.07
7117,976,79,2025-01-31,3,Debit Card,13495.829999999998
7118,438,38,2024-05-24,2,UPI,5700.68
7119,46,22,2025-08-09,1,Debit Card,1526.61
7120,790,61,2025-11-29,3,Credit Card,7610.49
7121,192,50,2025-06-05,3,Credit Card,2709.06
7122,520,96,2024-04-30,1,Cash,1148.39
7123,379,59,2025-04-06,2,Cash,6962.94
7124,788,20,2025-11-07,4,Debit Card,16663.36
7125,691,36,2025-01-16,3,Cash,9869.07
7126,334,97,2025-11-03,1,Debit Card,163.84
7127,39,15,2025-02-21,3,Cash,10046.22
7128,293,62,2024-11-22,1,Credit Card,1228.23
7129,690,3,2025-01-25,3,UPI,1422.8700000000001
7130,162,93,2024-10-23,2,UPI,4697.84
7131,331,91,2025-09-21,1,Credit Card,2660.44
7132,886,5,2024-03-24,4,UPI,7607.56
7133,104,56,2024-05-25,4,Debit Card,10960.72
7134,161,31,2024-06-19,3,Debit Card,10173.150000000001
7135,799,86,2024-11-29,4,Credit Card,2534.32
7136,635,35,2025-02-27,3,Credit Card,8101.83
7137,54,71,2024-11-04,1,Credit Card,4650.44
7138,940,70,2025-06-09,1,Credit Card,3142.45
7139,34,26,2025-10-22,4,UPI,14318.64
7140,242,1,2025-07-22,4,UPI,17199.72
7141,967,83,2024-12-12,2,UPI,5366.88
7142,890,7,2024-10-28,1,Debit Card,2233.99
7143,113,36,2024-12-12,4,Cash,13158.76
7144,318,76,2025-02-11,4,Debit Card,11393.12
7145,23,84,2024-05-12,4,Cash,8080.44
7146,558,87,2025-11-12,3,Credit Card,9657.119999999999
7147,824,25,2025-09-05,2,Credit Card,9014.66
7148,647,94,2024-04-15,1,UPI,4605.0
7149,118,59,2024-06-19,4,UPI,13925.88
7150,985,61,2025-10-01,4,Cash,10147.32
7151,701,29,2024-09-06,4,Cash,9678.64
7152,643,95,2025-06-27,3,UPI,2888.61
7153,934,18,2025-12-28,1,Credit Card,3410.34
7154,212,41,2024-09-18,4,UPI,14622.28
7155,418,19,2025-05-08,4,Credit Card,11120.48
7156,113,4,2024-08-31,3,Credit Card,5923.92
7157,44,65,2025-03-26,3,Debit Card,4738.17
7158,128,41,2024-10-16,2,Debit Card,7311.14
7159,876,15,2024-09-19,2,Cash,6697.48
7160,158,54,2024-11-09,1,Credit Card,1752.97
7161,785,64,2024-03-25,2,UPI,4273.3
7162,827,72,2025-02-18,1,Credit Card,3828.19
7163,394,15,2024-11-24,2,Cash,6697.48
7164,867,79,2024-02-14,4,Credit Card,17994.44
7165,852,50,2024-11-28,2,Credit Card,1806.04
7166,512,22,2025-04-09,4,Cash,6106.44
7167,914,18,2024-07-18,1,Credit Card,3410.34
7168,45,80,2024-07-19,2,Debit Card,6808.62
7169,108,2,2024-11-24,2,Cash,5838.48
7170,219,36,2025-11-10,2,Debit Card,6579.38
7171,443,20,2024-08-27,4,Cash,16663.36
7172,830,16,2025-12-02,4,Credit Card,11148.28
7173,315,67,2025-08-05,2,Debit Card,3671.82
7174,177,30,2025-10-18,1,Debit Card,392.61
7175,228,55,2024-12-24,4,UPI,14609.64
7176,703,66,2025-12-21,3,Debit Card,11487.99
7177,983,99,2024-12-25,1,Debit Card,4164.02
7178,672,26,2025-01-12,1,Credit Card,3579.66
7179,906,57,2025-01-19,1,Debit Card,397.08
7180,267,69,2025-12-20,4,Debit Card,19261.28
7181,870,2,2025-04-09,2,Debit Card,5838.48
7182,838,56,2024-08-09,2,Credit Card,5480.36
7183,379,84,2025-11-05,3,Cash,6060.33
7184,489,62,2024-12-30,2,Credit Card,2456.46
7185,702,34,2024-03-12,3,Debit Card,3815.6400000000003
7186,687,98,2024-08-27,3,Cash,508.59000000000003
7187,290,56,2025-05-18,2,Credit Card,5480.36
7188,996,55,2025-02-17,3,Credit Card,10957.23
7189,357,20,2024-05-06,1,Cash,4165.84
7190,657,50,2025-05-01,1,UPI,903.02
7191,744,25,2025-08-19,1,Debit Card,4507.33
7192,872,84,2025-06-10,4,UPI,8080.44
7193,950,25,2024-09-04,3,Debit Card,13521.99
7194,204,53,2025-04-26,3,Debit Card,14226.72
7195,213,14,2024-11-07,1,UPI,2883.65
7196,552,60,2025-03-19,4,UPI,18639.88
7197,787,43,2024-10-09,2,Debit Card,8981.54
7198,323,62,2024-01-02,1,Cash,1228.23
7199,594,76,2024-03-14,4,Cash,11393.12
7200,181,69,2024-03-04,2,UPI,9630.64
7201,499,63,2024-12-12,4,UPI,1273.44
7202,320,2,2024-11-19,2,Credit Card,5838.48
7203,83,54,2024-08-26,3,Cash,5258.91
7204,303,16,2025-01-31,3,Cash,8361.210000000001
7205,262,55,2024-12-02,4,Debit Card,14609.64
7206,784,94,2024-12-06,4,Credit Card,18420.0
7207,200,43,2024-10-05,2,Debit Card,8981.54
7208,240,61,2024-12-18,4,Credit Card,10147.32
7209,914,38,2025-04-07,4,Cash,11401.36
7210,692,45,2025-04-06,2,Debit Card,3288.44
7211,944,51,2025-12-13,2,Credit Card,6499.62
7212,683,42,2024-10-19,3,Debit Card,9410.099999999999
7213,295,24,2025-02-10,1,Credit Card,846.41
7214,512,30,2024-06-10,4,UPI,1570.44
7215,689,37,2025-05-17,2,Debit Card,6517.0
7216,881,53,2025-03-23,3,UPI,14226.72
7217,396,63,2025-11-25,1,Credit Card,318.36
7218,749,11,2025-03-30,4,Debit Card,4775.96
7219,138,78,2024-09-21,3,Credit Card,7375.59
7220,839,23,2024-05-11,1,Credit Card,1114.77
7221,878,80,2024-04-29,4,UPI,13617.24
7222,823,50,2024-08-06,3,Debit Card,2709.06
7223,129,85,2025-02-20,4,Cash,13318.64
7224,49,55,2025-11-02,1,Credit Card,3652.41
7225,676,55,2025-05-19,2,UPI,7304.82
7226,789,4,2024-10-26,3,Cash,5923.92
7227,293,97,2024-04-18,1,UPI,163.84
7228,628,54,2024-08-25,4,UPI,7011.88
7229,536,61,2024-10-19,1,UPI,2536.83
7230,311,78,2025-08-01,1,Credit Card,2458.53
7231,537,83,2024-07-05,2,Cash,5366.88
7232,903,5,2024-02-05,3,Credit Card,5705.67
7233,639,100,2025-07-14,1,Credit Card,3687.4
7234,234,95,2024-09-12,2,Debit Card,1925.74
7235,209,18,2025-03-10,2,Cash,6820.68
7236,605,44,2025-09-10,2,Debit Card,8502.5
7237,94,31,2024-01-08,4,UPI,13564.2
7238,327,94,2024-06-26,2,Cash,9210.0
7239,225,21,2024-08-29,2,Cash,6140.24
7240,967,47,2024-02-10,2,Credit Card,9820.2
7241,890,30,2024-12-22,2,UPI,785.22
7242,792,55,2024-04-22,3,Credit Card,10957.23
7243,11,68,2024-06-14,3,Debit Card,14251.349999999999
7244,329,69,2025-05-18,2,UPI,9630.64
7245,12,41,2024-03-18,1,Credit Card,3655.57
7246,35,45,2025-12-19,4,Credit Card,6576.88
7247,447,74,2024-07-14,1,Credit Card,983.51
7248,452,91,2025-02-05,1,UPI,2660.44
7249,740,80,2024-03-04,2,Debit Card,6808.62
7250,220,30,2025-10-13,1,Cash,392.61
7251,441,77,2025-02-28,3,Credit Card,13000.23
7252,653,100,2024-02-11,3,UPI,11062.2
7253,535,85,2025-01-07,4,Cash,13318.64
7254,595,45,2024-11-01,3,Credit Card,4932.66
7255,229,45,2024-07-27,3,UPI,4932.66
7256,935,79,2025-04-11,2,Debit Card,8997.22
7257,344,84,2024-10-30,3,Credit Card,6060.33
7258,80,84,2025-08-07,1,UPI,2020.11
7259,353,45,2025-01-26,1,Credit Card,1644.22
7260,396,55,2024-06-01,3,UPI,10957.23
7261,290,59,2025-10-08,4,Debit Card,13925.88
7262,455,5,2024-12-27,4,Debit Card,7607.56
7263,843,32,2024-09-20,4,UPI,11811.28
7264,671,6,2024-08-03,3,Cash,2971.56
7265,989,94,2025-12-21,4,Debit Card,18420.0
7266,128,26,2025-12-16,3,Credit Card,10738.98
7267,702,37,2025-09-13,1,Debit Card,3258.5
7268,909,13,2025-06-26,4,Credit Card,11584.72
7269,543,93,2025-06-07,4,Debit Card,9395.68
7270,898,69,2025-09-30,4,Debit Card,19261.28
7271,359,25,2024-07-12,1,Credit Card,4507.33
7272,527,13,2025-10-13,3,Debit Card,8688.539999999999
7273,313,88,2024-01-27,1,Credit Card,2541.36
7274,75,95,2024-02-15,1,Credit Card,962.87
7275,546,20,2025-10-08,2,Debit Card,8331.68
7276,871,72,2024-02-27,4,Debit Card,15312.76
7277,196,60,2024-01-13,3,Credit Card,13979.91
7278,843,73,2025-09-03,3,UPI,8338.83
7279,29,21,2024-02-18,2,Debit Card,6140.24
7280,706,61,2024-04-03,2,Cash,5073.66
7281,16,84,2025-08-29,1,Debit Card,2020.11
7282,423,79,2025-10-18,2,UPI,8997.22
7283,589,26,2025-08-06,3,UPI,10738.98
7284,805,54,2025-03-26,3,Debit Card,5258.91
7285,593,42,2025-01-13,3,Debit Card,9410.099999999999
7286,405,11,2024-01-10,1,Cash,1193.99
7287,940,37,2025-11-04,4,Debit Card,13034.0
7288,636,11,2025-12-26,4,UPI,4775.96
7289,531,27,2025-05-30,1,Cash,4693.15
7290,967,94,2024-08-11,3,Debit Card,13815.0
7291,614,83,2025-01-15,3,Cash,8050.32
7292,904,34,2025-06-24,1,Cash,1271.88
7293,77,38,2024-10-28,1,UPI,2850.34
7294,229,61,2024-07-21,2,UPI,5073.66
7295,962,87,2025-08-11,1,Credit Card,3219.04
7296,297,53,2025-07-24,4,UPI,18968.96
7297,510,65,2024-07-14,1,Credit Card,1579.39
7298,715,3,2024-11-17,3,UPI,1422.8700000000001
7299,984,67,2025-02-21,3,UPI,5507.7300000000005
7300,966,28,2025-09-10,3,Credit Card,9168.39
7301,573,14,2024-12-07,4,Credit Card,11534.6
7302,538,52,2025-01-23,4,Credit Card,16273.24
7303,583,30,2024-01-09,2,Cash,785.22
7304,615,58,2025-06-15,1,Credit Card,3481.0
7305,979,54,2024-05-28,2,Cash,3505.94
7306,326,69,2025-01-17,1,Cash,4815.32
7307,363,15,2025-06-12,1,Credit Card,3348.74
7308,669,38,2024-01-12,4,Credit Card,11401.36
7309,875,78,2025-04-20,3,Credit Card,7375.59
7310,359,14,2025-08-16,1,UPI,2883.65
7311,706,57,2025-08-01,4,UPI,1588.32
7312,787,59,2025-10-06,2,Credit Card,6962.94
7313,324,8,2024-02-22,3,Debit Card,5181.87
7314,698,72,2025-03-11,2,Credit Card,7656.38
7315,326,19,2024-07-24,2,Debit Card,5560.24
7316,625,32,2024-02-23,4,UPI,11811.28
7317,825,95,2025-08-02,3,UPI,2888.61
7318,165,29,2025-05-04,1,Debit Card,2419.66
7319,573,41,2024-12-09,2,UPI,7311.14
7320,604,75,2024-06-17,1,Credit Card,2347.13
7321,798,45,2024-06-09,3,Debit Card,4932.66
7322,455,13,2025-06-10,4,Debit Card,11584.72
7323,969,27,2025-12-03,4,Cash,18772.6
7324,153,19,2025-06-10,4,UPI,11120.48
7325,737,26,2024-10-13,1,Debit Card,3579.66
7326,127,53,2025-02-15,1,Debit Card,4742.24
7327,193,51,2025-06-05,3,Debit Card,9749.43
7328,627,37,2025-07-22,1,UPI,3258.5
7329,774,9,2024-07-17,4,Debit Card,7099.36
7330,530,92,2024-06-09,2,Debit Card,2347.36
7331,10,96,2025-01-23,2,Credit Card,2296.78
7332,92,52,2025-04-18,2,Credit Card,8136.62
7333,139,54,2025-01-15,4,Cash,7011.88
7334,481,3,2025-09-22,1,Debit Card,474.29
7335,449,96,2025-08-14,2,UPI,2296.78
7336,333,69,2024-05-03,1,Cash,4815.32
7337,869,8,2024-03-12,1,Cash,1727.29
7338,340,14,2024-06-16,4,Cash,11534.6
7339,961,3,2024-10-10,1,Debit Card,474.29
7340,52,24,2025-05-08,1,Cash,846.41
7341,707,13,2024-02-05,4,UPI,11584.72
7342,466,43,2024-06-23,3,Credit Card,13472.310000000001
7343,718,29,2024-07-17,2,Credit Card,4839.32
7344,799,72,2024-04-25,2,Debit Card,7656.38
7345,475,51,2024-11-10,1,UPI,3249.81
7346,401,42,2024-08-07,3,UPI,9410.099999999999
7347,439,31,2025-07-31,4,UPI,13564.2
7348,878,63,2024-05-13,1,Debit Card,318.36
7349,605,26,2025-09-22,4,UPI,14318.64
7350,932,18,2024-05-01,2,Credit Card,6820.68
7351,997,82,2025-02-24,4,UPI,19901.64
7352,922,57,2025-05-06,2,UPI,794.16
7353,821,7,2025-08-21,4,Debit Card,8935.96
7354,657,48,2024-10-15,4,Cash,10734.4
7355,598,80,2025-10-10,3,Cash,10212.93
7356,509,60,2024-02-22,4,Debit Card,18639.88
7357,153,33,2024-07-23,1,Debit Card,4952.02
7358,514,3,2024-12-13,3,Debit Card,1422.8700000000001
7359,503,4,2024-02-20,1,Debit Card,1974.64
7360,854,100,2024-02-09,4,UPI,14749.6
7361,901,4,2024-09-06,4,UPI,7898.56
7362,772,42,2024-08-05,3,Cash,9410.099999999999
7363,676,9,2024-06-27,2,Debit Card,3549.68
7364,6,51,2025-07-04,3,Debit Card,9749.43
7365,500,17,2024-07-01,2,UPI,8816.7
7366,661,17,2024-06-12,2,Debit Card,8816.7
7367,717,97,2025-01-11,4,Credit Card,655.36
7368,118,20,2025-12-05,1,UPI,4165.84
7369,485,14,2025-05-11,3,Credit Card,8650.95
7370,601,22,2025-08-19,3,UPI,4579.83
7371,666,52,2025-04-05,4,UPI,16273.24
7372,951,27,2025-04-18,4,UPI,18772.6
7373,679,43,2025-11-15,3,Cash,13472.310000000001
7374,468,3,2024-02-06,3,Cash,1422.8700000000001
7375,161,88,2025-08-21,1,UPI,2541.36
7376,270,94,2025-10-02,4,UPI,18420.0
7377,56,8,2025-12-06,1,UPI,1727.29
7378,228,86,2024-11-14,4,UPI,2534.32
7379,849,89,2025-07-08,4,Debit Card,8370.8
7380,149,10,2025-02-15,1,Debit Card,3721.23
7381,46,29,2024-12-21,2,Debit Card,4839.32
7382,144,40,2025-11-01,2,Cash,2208.82
7383,750,65,2025-09-08,2,Credit Card,3158.78
7384,784,21,2024-08-16,4,UPI,12280.48
7385,632,24,2025-12-29,1,Debit Card,846.41
7386,340,73,2024-09-20,2,Debit Card,5559.22
7387,413,60,2025-05-01,3,Debit Card,13979.91
7388,732,26,2025-07-14,2,UPI,7159.32
7389,520,9,2024-12-17,1,UPI,1774.84
7390,344,20,2025-03-17,4,Credit Card,16663.36
7391,387,56,2025-09-26,1,Cash,2740.18
7392,473,99,2025-04-03,4,Credit Card,16656.08
7393,275,36,2024-01-25,1,UPI,3289.69
7394,353,36,2024-05-10,1,Credit Card,3289.69
7395,66,73,2025-01-04,3,Debit Card,8338.83
7396,79,22,2025-03-11,2,Credit Card,3053.22
7397,598,1,2024-08-11,2,Debit Card,8599.86
7398,636,69,2025-09-02,1,Credit Card,4815.32
7399,202,73,2024-12-17,2,Debit Card,5559.22
7400,978,37,2025-04-29,3,Credit Card,9775.5
7401,662,83,2024-07-15,1,Cash,2683.44
7402,558,72,2024-04-18,2,Credit Card,7656.38
7403,113,96,2024-08-07,2,UPI,2296.78
7404,91,13,2025-12-20,4,UPI,11584.72
7405,141,84,2024-11-14,2,Debit Card,4040.22
7406,289,100,2024-03-22,2,UPI,7374.8
7407,901,43,2025-06-20,4,Debit Card,17963.08
7408,730,37,2025-11-28,1,Cash,3258.5
7409,589,94,2025-03-07,1,UPI,4605.0
7410,411,74,2024-01-08,3,UPI,2950.5299999999997
7411,377,95,2025-09-27,4,Debit Card,3851.48
7412,384,25,2024-05-28,1,Cash,4507.33
7413,846,93,2024-04-07,2,Cash,4697.84
7414,152,88,2025-12-28,2,Credit Card,5082.72
7415,835,21,2024-04-10,2,Debit Card,6140.24
7416,751,41,2025-12-30,3,Debit Card,10966.710000000001
7417,627,73,2025-01-01,1,Cash,2779.61
7418,319,42,2025-04-06,4,Debit Card,12546.8
7419,369,42,2025-02-17,1,UPI,3136.7
7420,606,2,2024-09-15,4,UPI,11676.96
7421,995,68,2024-12-21,4,UPI,19001.8
7422,560,8,2024-01-11,1,Debit Card,1727.29
7423,703,96,2025-02-19,2,Credit Card,2296.78
7424,462,61,2025-07-24,2,Credit Card,5073.66
7425,12,14,2024-09-06,4,Cash,11534.6
7426,156,77,2025-10-13,2,Debit Card,8666.82
7427,684,21,2025-07-03,3,Cash,9210.36
7428,477,24,2024-05-01,3,Debit Card,2539.23
7429,939,50,2024-03-05,4,Credit Card,3612.08
7430,401,82,2025-10-19,2,UPI,9950.82
7431,808,45,2024-10-28,4,Debit Card,6576.88
7432,177,64,2024-05-04,3,Credit Card,6409.950000000001
7433,341,64,2024-11-07,3,Credit Card,6409.950000000001
7434,57,26,2024-07-09,3,Credit Card,10738.98
7435,855,32,2025-03-25,1,UPI,2952.82
7436,852,57,2025-11-24,3,Credit Card,1191.24
7437,448,53,2024-06-07,2,Cash,9484.48
7438,203,33,2024-12-18,1,Credit Card,4952.02
7439,697,52,2025-11-04,3,Credit Card,12204.93
7440,633,95,2024-09-19,2,Debit Card,1925.74
7441,738,18,2025-12-29,3,Debit Card,10231.02
7442,202,35,2025-02-09,2,Debit Card,5401.22
7443,330,12,2025-11-23,2,Credit Card,6490.22
7444,363,51,2025-08-25,3,Credit Card,9749.43
7445,892,89,2024-01-17,3,Cash,6278.099999999999
7446,454,95,2025-09-28,1,UPI,962.87
7447,356,10,2024-09-16,3,Credit Card,11163.69
7448,216,52,2024-12-20,2,UPI,8136.62
7449,972,34,2025-05-03,4,Credit Card,5087.52
7450,555,67,2024-08-01,1,UPI,1835.91
7451,887,39,2024-08-26,2,Debit Card,7813.9
7452,23,8,2024-06-28,2,Credit Card,3454.58
7453,155,96,2025-02-22,4,Cash,4593.56
7454,186,29,2025-11-14,3,UPI,7258.98
7455,249,22,2024-05-22,2,Debit Card,3053.22
7456,749,84,2024-11-12,4,Cash,8080.44
7457,805,70,2024-08-31,4,Debit Card,12569.8
7458,134,61,2024-08-19,3,Credit Card,7610.49
7459,321,43,2025-11-14,4,Cash,17963.08
7460,390,49,2025-08-11,4,UPI,18165.84
7461,434,29,2024-10-29,4,UPI,9678.64
7462,22,81,2024-11-26,4,Cash,3085.2
7463,873,31,2025-07-14,4,UPI,13564.2
7464,600,53,2024-09-04,4,Debit Card,18968.96
7465,665,34,2024-10-09,2,Cash,2543.76
7466,125,38,2024-10-13,1,UPI,2850.34
7467,79,57,2024-02-01,3,Debit Card,1191.24
7468,858,4,2025-05-14,1,UPI,1974.64
7469,968,2,2025-10-31,3,Debit Card,8757.72
7470,51,12,2025-06-13,1,Credit Card,3245.11
7471,728,35,2025-01-15,3,Debit Card,8101.83
7472,176,70,2024-03-03,4,UPI,12569.8
7473,870,72,2024-05-07,1,Debit Card,3828.19
7474,253,21,2025-06-11,1,UPI,3070.12
7475,966,61,2024-06-11,3,Cash,7610.49
7476,246,35,2024-09-07,3,Cash,8101.83
7477,739,48,2025-10-10,2,Credit Card,5367.2
7478,106,15,2024-10-21,4,Debit Card,13394.96
7479,193,71,2024-06-27,4,Credit Card,18601.76
7480,316,15,2024-08-16,2,Cash,6697.48
7481,302,6,2025-01-28,3,Debit Card,2971.56
7482,548,81,2025-11-22,4,Debit Card,3085.2
7483,954,68,2025-01-30,3,Credit Card,14251.349999999999
7484,716,22,2024-03-12,4,Credit Card,6106.44
7485,934,32,2024-11-13,1,Debit Card,2952.82
7486,779,22,2025-08-17,1,Debit Card,1526.61
7487,268,27,2025-01-13,4,Debit Card,18772.6
7488,170,15,2024-05-15,4,Credit Card,13394.96
7489,551,44,2025-12-30,4,UPI,17005.0
7490,455,86,2025-09-12,2,Cash,1267.16
7491,651,92,2025-01-12,4,Cash,4694.72
7492,292,9,2024-04-28,2,Credit Card,3549.68
7493,564,34,2025-06-13,2,Debit Card,2543.76
7494,799,100,2025-10-27,1,Cash,3687.4
7495,801,73,2025-06-06,4,Cash,11118.44
7496,141,15,2025-10-11,1,Cash,3348.74
7497,146,62,2025-01-21,1,Cash,1228.23
7498,425,45,2025-07-27,2,Debit Card,3288.44
7499,314,84,2025-08-05,3,Credit Card,6060.33
7500,184,72,2025-07-26,2,Debit Card,7656.38
7501,664,58,2025-10-05,1,Debit Card,3481.0
7502,713,92,2025-07-26,2,Cash,2347.36
7503,128,19,2024-09-25,2,Cash,5560.24
7504,287,16,2025-06-07,2,Debit Card,5574.14
7505,823,75,2025-06-30,4,Debit Card,9388.52
7506,253,8,2025-04-30,2,Debit Card,3454.58
7507,778,33,2025-03-13,1,UPI,4952.02
7508,700,74,2025-07-16,2,Cash,1967.02
7509,386,18,2025-07-08,4,Credit Card,13641.36
7510,230,35,2024-04-20,1,Credit Card,2700.61
7511,271,43,2024-11-17,2,Credit Card,8981.54
7512,771,50,2025-06-10,1,UPI,903.02
7513,811,3,2024-06-25,4,UPI,1897.16
7514,415,91,2025-11-04,3,Credit Card,7981.32
7515,198,59,2025-07-04,4,Credit Card,13925.88
7516,323,28,2025-06-21,4,Credit Card,12224.52
7517,56,46,2025-09-15,1,Debit Card,1453.56
7518,831,64,2025-04-17,1,Cash,2136.65
7519,203,70,2025-07-16,3,UPI,9427.349999999999
7520,783,47,2025-01-22,3,UPI,14730.300000000001
7521,621,14,2024-04-07,3,Debit Card,8650.95
7522,628,7,2025-02-14,4,UPI,8935.96
7523,604,74,2025-01-09,4,Credit Card,3934.04
7524,138,79,2024-06-18,3,UPI,13495.829999999998
7525,422,31,2024-02-25,3,Debit Card,10173.150000000001
7526,815,93,2024-11-20,3,Cash,7046.76
7527,57,81,2025-10-19,2,Credit Card,1542.6
7528,562,51,2024-09-16,2,UPI,6499.62
7529,71,29,2025-10-02,3,Credit Card,7258.98
7530,911,15,2025-07-15,4,Cash,13394.96
7531,914,90,2024-12-05,1,UPI,4769.8
7532,594,76,2025-02-07,4,Credit Card,11393.12
7533,372,25,2025-06-15,1,Debit Card,4507.33
7534,617,61,2024-06-22,3,Debit Card,7610.49
7535,600,41,2025-06-21,2,Cash,7311.14
7536,514,69,2024-06-08,2,Cash,9630.64
7537,872,4,2024-01-10,1,Cash,1974.64
7538,84,57,2025-08-16,3,UPI,1191.24
7539,994,31,2024-09-12,2,Cash,6782.1
7540,43,3,2025-09-08,3,UPI,1422.8700000000001
7541,666,67,2025-10-13,3,Credit Card,5507.7300000000005
7542,839,90,2025-12-14,1,Debit Card,4769.8
7543,934,50,2024-12-09,3,Credit Card,2709.06
7544,606,17,2025-06-19,3,Debit Card,13225.050000000001
7545,810,60,2025-01-07,1,Cash,4659.97
7546,133,74,2025-03-10,2,Credit Card,1967.02
7547,395,66,2024-02-15,4,Credit Card,15317.32
7548,65,88,2025-12-29,3,Cash,7624.08
7549,290,75,2024-02-24,1,Credit Card,2347.13
7550,376,24,2024-03-18,2,UPI,1692.82
7551,769,99,2025-05-05,3,Debit Card,12492.060000000001
7552,467,87,2025-11-01,4,Cash,12876.16
7553,898,32,2024-09-28,2,UPI,5905.64
7554,213,87,2025-10-21,1,UPI,3219.04
7555,148,98,2025-07-03,3,Cash,508.59000000000003
7556,573,19,2024-04-20,1,Credit Card,2780.12
7557,471,66,2024-01-15,4,Debit Card,15317.32
7558,149,60,2024-03-18,4,UPI,18639.88
7559,88,66,2025-05-15,1,Credit Card,3829.33
7560,324,15,2025-08-10,3,Cash,10046.22
7561,895,85,2025-02-21,1,Cash,3329.66
7562,396,35,2024-10-01,2,Debit Card,5401.22
7563,790,69,2025-05-08,1,Cash,4815.32
7564,404,27,2024-07-15,4,Debit Card,18772.6
7565,82,88,2025-01-10,3,Cash,7624.08
7566,641,7,2025-12-31,3,Cash,6701.969999999999
7567,286,6,2024-03-03,4,UPI,3962.08
7568,382,33,2024-12-26,4,Credit Card,19808.08
7569,865,58,2025-06-27,2,UPI,6962.0
7570,792,49,2024-04-19,4,Debit Card,18165.84
7571,270,17,2025-11-07,4,UPI,17633.4
7572,292,42,2024-07-12,4,Cash,12546.8
7573,453,94,2025-06-02,3,Cash,13815.0
7574,715,72,2025-10-12,4,Credit Card,15312.76
7575,24,40,2025-04-03,1,Debit Card,1104.41
7576,956,46,2024-10-27,1,Cash,1453.56
7577,863,71,2025-07-21,3,Credit Card,13951.32
7578,311,70,2025-11-02,2,Credit Card,6284.9
7579,461,68,2025-05-10,2,Cash,9500.9
7580,208,1,2024-05-28,3,Cash,12899.79
7581,792,79,2025-04-05,1,Debit Card,4498.61
7582,717,95,2024-05-18,3,Credit Card,2888.61
7583,664,89,2024-10-18,4,Credit Card,8370.8
7584,438,97,2024-11-30,3,Credit Card,491.52
7585,538,52,2025-11-29,2,Debit Card,8136.62
7586,706,35,2024-07-02,1,Credit Card,2700.61
7587,336,69,2024-11-02,2,UPI,9630.64
7588,422,5,2024-09-18,2,UPI,3803.78
7589,750,100,2024-11-05,1,Credit Card,3687.4
7590,321,17,2024-12-09,4,UPI,17633.4
7591,497,53,2025-02-27,1,UPI,4742.24
7592,587,52,2025-10-18,1,Debit Card,4068.31
7593,947,14,2025-05-28,3,Credit Card,8650.95
7594,163,29,2025-06-07,1,Debit Card,2419.66
7595,811,8,2024-09-17,3,Credit Card,5181.87
7596,541,98,2024-12-27,2,Cash,339.06
7597,165,1,2024-06-17,1,UPI,4299.93
7598,849,29,2025-10-21,4,Debit Card,9678.64
7599,698,36,2024-07-18,3,Debit Card,9869.07
7600,566,51,2025-01-19,3,Cash,9749.43
7601,295,37,2024-11-07,4,Cash,13034.0
7602,42,93,2025-08-04,3,UPI,7046.76
7603,924,69,2024-11-07,3,UPI,14445.96
7604,285,53,2025-07-19,4,Credit Card,18968.96
7605,939,96,2025-01-29,2,Credit Card,2296.78
7606,387,52,2024-12-16,1,Cash,4068.31
7607,138,88,2024-01-28,1,UPI,2541.36
7608,187,83,2025-09-23,1,UPI,2683.44
7609,910,12,2024-05-12,1,Cash,3245.11
7610,716,52,2025-01-14,1,Cash,4068.31
7611,431,1,2025-08-24,1,Debit Card,4299.93
7612,554,7,2025-06-11,3,Cash,6701.969999999999
7613,862,17,2024-10-13,1,Debit Card,4408.35
7614,416,98,2024-10-10,3,Credit Card,508.59000000000003
7615,800,43,2025-10-10,4,Cash,17963.08
7616,426,71,2024-08-14,2,Cash,9300.88
7617,416,17,2025-03-02,3,Cash,13225.050000000001
7618,26,59,2024-01-27,2,Debit Card,6962.94
7619,371,3,2024-11-27,4,Cash,1897.16
7620,385,29,2024-04-26,1,Cash,2419.66
7621,56,22,2024-03-29,2,UPI,3053.22
7622,253,38,2025-09-10,2,UPI,5700.68
7623,634,54,2024-05-01,4,UPI,7011.88
7624,106,93,2024-02-02,4,Cash,9395.68
7625,130,50,2025-08-25,4,UPI,3612.08
7626,849,69,2025-11-26,3,Credit Card,14445.96
7627,670,30,2025-02-01,3,UPI,1177.83
7628,376,23,2025-06-08,2,Cash,2229.54
7629,743,85,2024-01-24,4,UPI,13318.64
7630,967,90,2024-11-20,2,UPI,9539.6
7631,308,47,2024-02-03,1,UPI,4910.1
7632,91,21,2024-09-03,4,Credit Card,12280.48
7633,393,20,2024-01-19,3,Credit Card,12497.52
7634,534,23,2024-01-30,4,Debit Card,4459.08
7635,802,68,2024-02-18,2,Cash,9500.9
7636,110,21,2024-06-28,3,Credit Card,9210.36
7637,561,21,2025-01-04,1,Credit Card,3070.12
7638,641,1,2025-01-29,1,Credit Card,4299.93
7639,585,15,2025-08-12,2,Cash,6697.48
7640,340,17,2025-05-10,4,Debit Card,17633.4
7641,565,51,2025-03-06,1,Cash,3249.81
7642,979,63,2024-07-25,2,UPI,636.72
7643,356,14,2024-02-04,3,Debit Card,8650.95
7644,892,59,2025-08-05,3,UPI,10444.41
7645,168,83,2025-02-16,2,Credit Card,5366.88
7646,557,50,2024-12-29,4,Cash,3612.08
7647,452,34,2024-11-05,4,UPI,5087.52
7648,905,6,2024-10-05,4,Debit Card,3962.08
7649,105,49,2024-05-31,4,UPI,18165.84
7650,150,6,2024-08-14,2,UPI,1981.04
7651,146,69,2024-08-30,2,Credit Card,9630.64
7652,716,7,2024-01-10,3,UPI,6701.969999999999
7653,874,97,2025-01-26,3,UPI,491.52
7654,299,77,2024-02-17,4,Credit Card,17333.64
7655,167,51,2025-09-15,1,Debit Card,3249.81
7656,713,1,2024-07-22,1,Credit Card,4299.93
7657,646,13,2024-06-05,3,UPI,8688.539999999999
7658,723,43,2024-01-26,3,Cash,13472.310000000001
7659,48,27,2025-02-24,2,Credit Card,9386.3
7660,638,71,2025-11-08,3,Credit Card,13951.32
7661,239,3,2024-09-20,3,UPI,1422.8700000000001
7662,7,58,2025-06-12,4,Cash,13924.0
7663,464,89,2025-08-10,1,Debit Card,2092.7
7664,453,97,2025-04-14,1,Cash,163.84
7665,784,17,2024-09-10,2,Credit Card,8816.7
7666,897,45,2025-12-18,1,Cash,1644.22
7667,371,78,2025-06-29,4,Debit Card,9834.12
7668,549,58,2024-05-26,4,Cash,13924.0
7669,487,56,2024-11-21,2,Cash,5480.36
7670,211,54,2024-12-03,3,Cash,5258.91
7671,165,87,2024-04-27,3,Credit Card,9657.119999999999
7672,125,88,2024-06-13,4,UPI,10165.44
7673,337,29,2025-07-03,2,UPI,4839.32
7674,192,54,2025-10-10,4,Cash,7011.88
7675,730,27,2024-07-16,1,Credit Card,4693.15
7676,214,45,2025-01-08,1,Credit Card,1644.22
7677,574,87,2025-07-31,4,Credit Card,12876.16
7678,328,31,2025-08-14,3,UPI,10173.150000000001
7679,957,36,2025-07-17,1,Credit Card,3289.69
7680,381,81,2024-05-08,2,Cash,1542.6
7681,673,61,2025-02-17,3,UPI,7610.49
7682,578,37,2025-01-14,1,Credit Card,3258.5
7683,798,67,2024-01-01,4,Cash,7343.64
7684,239,36,2024-06-15,3,UPI,9869.07
7685,532,5,2024-01-16,3,Credit Card,5705.67
7686,700,46,2025-10-18,1,Debit Card,1453.56
7687,82,79,2024-04-21,2,Cash,8997.22
7688,363,52,2025-01-02,1,Debit Card,4068.31
7689,505,49,2024-04-11,1,UPI,4541.46
7690,202,6,2025-08-16,1,Credit Card,990.52
7691,920,10,2025-02-09,1,Cash,3721.23
7692,504,96,2025-05-21,1,Cash,1148.39
7693,644,23,2025-09-02,4,Cash,4459.08
7694,37,17,2025-11-01,1,Debit Card,4408.35
7695,644,84,2024-02-09,2,Credit Card,4040.22
7696,589,44,2025-10-28,3,Credit Card,12753.75
7697,601,41,2025-07-01,4,Credit Card,14622.28
7698,973,15,2025-01-15,2,Debit Card,6697.48
7699,402,44,2025-05-30,1,UPI,4251.25
7700,765,58,2025-05-11,2,Debit Card,6962.0
7701,856,86,2024-10-07,3,UPI,1900.7400000000002
7702,706,50,2024-12-16,2,Debit Card,1806.04
7703,176,52,2024-11-29,1,Credit Card,4068.31
7704,545,70,2025-06-07,3,Credit Card,9427.349999999999
7705,570,68,2024-10-09,1,Credit Card,4750.45
7706,467,63,2025-12-28,1,Debit Card,318.36
7707,201,58,2024-11-14,4,Cash,13924.0
7708,540,23,2025-02-17,3,Debit Card,3344.31
7709,547,44,2025-08-16,3,UPI,12753.75
7710,999,83,2024-01-14,1,Debit Card,2683.44
7711,637,95,2024-02-25,2,UPI,1925.74
7712,394,44,2025-02-06,3,Debit Card,12753.75
7713,833,52,2024-12-07,2,Cash,8136.62
7714,42,67,2024-07-17,2,Cash,3671.82
7715,597,28,2025-11-08,3,Credit Card,9168.39
7716,393,67,2024-10-18,2,Cash,3671.82
7717,700,78,2025-10-19,3,Debit Card,7375.59
7718,623,18,2025-03-16,4,Cash,13641.36
7719,783,27,2024-03-18,3,Credit Card,14079.449999999999
7720,995,51,2024-04-21,3,Debit Card,9749.43
7721,441,60,2025-06-18,3,UPI,13979.91
7722,837,74,2025-01-09,4,Debit Card,3934.04
7723,617,49,2024-04-25,2,Credit Card,9082.92
7724,506,15,2024-05-21,4,Cash,13394.96
7725,918,83,2024-07-15,2,Cash,5366.88
7726,320,73,2025-06-23,3,Debit Card,8338.83
7727,553,68,2024-10-25,3,UPI,14251.349999999999
7728,215,15,2024-03-16,4,UPI,13394.96
7729,71,51,2025-06-13,4,UPI,12999.24
7730,568,48,2024-04-09,4,UPI,10734.4
7731,919,72,2025-04-23,4,Debit Card,15312.76
7732,236,1,2025-04-12,3,Cash,12899.79
7733,281,7,2025-09-27,3,UPI,6701.969999999999
7734,987,53,2024-10-18,1,Debit Card,4742.24
7735,617,31,2024-05-04,4,Debit Card,13564.2
7736,902,18,2025-06-02,4,Debit Card,13641.36
7737,887,12,2024-01-23,2,UPI,6490.22
7738,162,48,2024-06-10,2,UPI,5367.2
7739,191,30,2025-09-20,3,Debit Card,1177.83
7740,9,97,2025-05-20,1,Debit Card,163.84
7741,60,7,2024-01-21,4,Debit Card,8935.96
7742,893,92,2025-04-08,1,Cash,1173.68
7743,817,3,2025-04-27,1,Cash,474.29
7744,225,63,2025-05-16,3,Credit Card,955.08
7745,819,6,2024-11-04,1,Credit Card,990.52
7746,700,95,2025-08-18,4,UPI,3851.48
7747,582,15,2025-07-06,3,Cash,10046.22
7748,805,71,2024-07-21,1,Credit Card,4650.44
7749,287,43,2025-02-19,3,Debit Card,13472.310000000001
7750,994,94,2025-10-01,3,Debit Card,13815.0
7751,169,91,2024-05-21,2,UPI,5320.88
7752,62,81,2025-09-06,3,UPI,2313.8999999999996
7753,349,18,2024-04-16,1,Credit Card,3410.34
7754,442,22,2025-06-12,2,Debit Card,3053.22
7755,14,61,2025-06-20,4,UPI,10147.32
7756,164,61,2025-07-29,4,UPI,10147.32
7757,420,53,2025-11-18,4,Cash,18968.96
7758,757,26,2024-10-17,4,Credit Card,14318.64
7759,847,91,2024-11-06,4,UPI,10641.76
7760,520,40,2025-10-29,1,Credit Card,1104.41
7761,666,88,2025-01-19,3,Debit Card,7624.08
7762,548,8,2024-02-22,2,Credit Card,3454.58
7763,560,21,2025-08-07,3,UPI,9210.36
7764,597,93,2024-07-01,3,Cash,7046.76
7765,28,43,2025-01-03,1,Credit Card,4490.77
7766,708,21,2025-12-01,1,Credit Card,3070.12
7767,446,3,2024-01-13,1,Debit Card,474.29
7768,208,31,2025-07-12,2,Cash,6782.1
7769,470,27,2024-06-08,1,Credit Card,4693.15
7770,716,27,2024-10-10,3,Cash,14079.449999999999
7771,976,73,2025-07-18,2,UPI,5559.22
7772,819,57,2024-10-13,1,Cash,397.08
7773,104,97,2024-01-08,1,UPI,163.84
7774,742,33,2024-03-12,1,Debit Card,4952.02
7775,426,90,2024-04-07,3,Debit Card,14309.400000000001
7776,101,92,2024-03-27,1,Debit Card,1173.68
7777,541,44,2024-04-10,3,UPI,12753.75
7778,639,43,2024-10-07,2,Credit Card,8981.54
7779,850,31,2024-10-15,1,UPI,3391.05
7780,522,65,2024-07-14,4,Cash,6317.56
7781,106,84,2025-01-25,4,Cash,8080.44
7782,679,76,2025-08-31,3,UPI,8544.84
7783,978,17,2025-03-25,1,Debit Card,4408.35
7784,769,15,2025-01-02,1,Debit Card,3348.74
7785,807,34,2025-03-05,4,Cash,5087.52
7786,277,80,2024-04-05,2,Cash,6808.62
7787,65,4,2024-09-17,2,Credit Card,3949.28
7788,783,72,2025-05-26,3,Credit Card,11484.57
7789,900,98,2024-04-30,4,Credit Card,678.12
7790,188,89,2024-12-31,3,Cash,6278.099999999999
7791,317,79,2024-11-27,3,Credit Card,13495.829999999998
7792,916,28,2024-02-21,2,Cash,6112.26
7793,138,73,2025-01-30,4,Cash,11118.44
7794,343,2,2024-11-13,3,UPI,8757.72
7795,105,17,2025-11-05,2,Credit Card,8816.7
7796,546,58,2025-12-02,2,UPI,6962.0
7797,380,74,2024-10-03,1,UPI,983.51
7798,110,9,2025-08-19,4,Credit Card,7099.36
7799,944,31,2024-07-12,4,Cash,13564.2
7800,545,66,2025-11-23,1,Cash,3829.33
7801,354,88,2024-01-21,3,Cash,7624.08
7802,743,62,2025-02-02,2,Credit Card,2456.46
7803,317,19,2025-12-15,2,Cash,5560.24
7804,266,81,2024-07-20,2,UPI,1542.6
7805,694,74,2025-04-10,1,Debit Card,983.51
7806,852,55,2024-05-30,2,Credit Card,7304.82
7807,65,28,2024-06-07,3,Debit Card,9168.39
7808,333,92,2024-11-05,3,UPI,3521.04
7809,513,50,2025-05-18,1,Debit Card,903.02
7810,133,65,2024-01-26,3,UPI,4738.17
7811,592,3,2024-03-06,4,Debit Card,1897.16
7812,783,79,2024-09-19,4,Debit Card,17994.44
7813,753,52,2025-04-16,2,Cash,8136.62
7814,540,10,2024-06-15,2,Debit Card,7442.46
7815,735,21,2024-06-02,4,UPI,12280.48
7816,535,37,2024-12-08,3,UPI,9775.5
7817,496,15,2025-12-18,1,UPI,3348.74
7818,621,87,2025-02-16,2,Credit Card,6438.08
7819,619,78,2025-10-26,2,UPI,4917.06
7820,657,79,2024-07-02,4,Credit Card,17994.44
7821,369,74,2025-11-01,4,UPI,3934.04
7822,866,9,2024-07-12,1,Credit Card,1774.84
7823,909,44,2024-01-02,2,Debit Card,8502.5
7824,910,39,2024-08-02,3,Debit Card,11720.849999999999
7825,651,5,2025-11-17,3,UPI,5705.67
7826,796,25,2025-08-09,4,Credit Card,18029.32
7827,810,56,2025-09-30,1,Cash,2740.18
7828,992,90,2025-04-27,4,Cash,19079.2
7829,99,64,2025-07-14,1,Cash,2136.65
7830,317,72,2024-02-01,3,Debit Card,11484.57
7831,123,86,2025-10-31,1,Debit Card,633.58
7832,320,52,2024-01-15,3,Credit Card,12204.93
7833,799,89,2024-11-13,1,UPI,2092.7
7834,593,76,2024-08-30,4,Debit Card,11393.12
7835,495,9,2024-01-17,3,UPI,5324.5199999999995
7836,457,10,2025-06-17,2,Cash,7442.46
7837,522,10,2024-03-21,2,Cash,7442.46
7838,520,73,2025-10-17,3,UPI,8338.83
7839,917,62,2025-03-11,2,Credit Card,2456.46
7840,717,90,2024-01-08,3,Cash,14309.400000000001
7841,315,99,2025-11-09,4,Credit Card,16656.08
7842,946,91,2024-10-13,4,Cash,10641.76
7843,709,60,2024-07-04,1,Debit Card,4659.97
7844,710,95,2025-06-07,2,Cash,1925.74
7845,542,19,2025-02-25,2,Credit Card,5560.24
7846,479,38,2025-04-10,2,Debit Card,5700.68
7847,913,6,2024-03-23,3,Cash,2971.56
7848,971,15,2025-07-20,4,Debit Card,13394.96
7849,20,93,2025-10-04,2,Debit Card,4697.84
7850,560,47,2025-09-28,1,Cash,4910.1
7851,969,45,2025-04-27,2,UPI,3288.44
7852,130,5,2024-11-20,1,UPI,1901.89
7853,293,78,2025-02-22,2,Credit Card,4917.06
7854,897,53,2024-02-20,2,Credit Card,9484.48
7855,132,66,2024-01-27,4,Cash,15317.32
7856,356,62,2025-11-07,1,Debit Card,1228.23
7857,54,23,2025-06-28,2,Debit Card,2229.54
7858,890,44,2024-03-02,1,UPI,4251.25
7859,793,52,2025-10-18,1,UPI,4068.31
7860,387,46,2024-06-19,4,Debit Card,5814.24
7861,265,19,2024-10-12,4,Debit Card,11120.48
7862,982,88,2024-04-26,1,Credit Card,2541.36
7863,215,84,2024-01-04,4,Debit Card,8080.44
7864,460,47,2024-03-06,2,Debit Card,9820.2
7865,458,91,2024-02-29,2,Cash,5320.88
7866,802,52,2025-05-16,4,Debit Card,16273.24
7867,43,24,2024-08-16,1,UPI,846.41
7868,586,17,2024-04-09,2,UPI,8816.7
7869,862,89,2024-04-28,3,Credit Card,6278.099999999999
7870,278,46,2024-03-09,1,Credit Card,1453.56
7871,838,64,2025-10-25,1,Cash,2136.65
7872,754,95,2024-08-08,3,Credit Card,2888.61
7873,130,28,2024-08-10,3,Debit Card,9168.39
7874,350,50,2025-11-07,1,Debit Card,903.02
7875,706,64,2025-05-18,3,Cash,6409.950000000001
7876,544,28,2024-07-29,4,UPI,12224.52
7877,106,86,2025-07-28,4,Debit Card,2534.32
7878,912,56,2024-09-18,1,Debit Card,2740.18
7879,716,59,2025-06-01,4,Cash,13925.88
7880,1,5,2024-09-04,2,UPI,3803.78
7881,757,54,2024-09-13,4,Credit Card,7011.88
7882,584,44,2024-03-03,4,Debit Card,17005.0
7883,432,42,2025-01-26,3,UPI,9410.099999999999
7884,306,72,2025-06-23,4,Cash,15312.76
7885,909,92,2025-02-20,1,Cash,1173.68
7886,527,57,2024-02-22,4,UPI,1588.32
7887,53,47,2024-02-07,4,Cash,19640.4
7888,940,76,2024-11-03,1,Credit Card,2848.28
7889,520,25,2025-10-12,1,UPI,4507.33
7890,330,44,2024-02-22,3,Credit Card,12753.75
7891,558,15,2025-08-28,2,Cash,6697.48
7892,325,51,2025-08-28,4,Credit Card,12999.24
7893,114,53,2025-03-27,2,Credit Card,9484.48
7894,147,34,2025-04-05,3,Credit Card,3815.6400000000003
7895,166,77,2025-04-30,1,Credit Card,4333.41
7896,379,8,2024-05-16,1,UPI,1727.29
7897,139,77,2025-01-06,1,Cash,4333.41
7898,629,100,2024-09-12,3,Cash,11062.2
7899,299,70,2025-01-29,4,Debit Card,12569.8
7900,276,96,2024-02-06,3,Credit Card,3445.17
7901,916,21,2025-10-15,1,Credit Card,3070.12
7902,789,7,2024-05-26,4,Debit Card,8935.96
7903,850,90,2024-01-08,1,Debit Card,4769.8
7904,825,79,2024-09-07,1,Credit Card,4498.61
7905,178,56,2025-10-08,3,Cash,8220.539999999999
7906,842,49,2025-07-24,3,Debit Card,13624.380000000001
7907,354,42,2025-09-26,2,Credit Card,6273.4
7908,154,23,2025-03-22,1,Cash,1114.77
7909,926,52,2024-09-19,4,UPI,16273.24
7910,201,79,2025-09-23,1,Debit Card,4498.61
7911,878,53,2025-03-14,4,Debit Card,18968.96
7912,115,16,2024-09-15,2,Cash,5574.14
7913,671,96,2024-11-18,1,UPI,1148.39
7914,554,37,2025-06-13,4,Cash,13034.0
7915,759,18,2024-10-27,4,Debit Card,13641.36
7916,68,20,2025-04-29,2,UPI,8331.68
7917,445,46,2024-04-01,3,Credit Card,4360.68
7918,445,2,2024-06-12,2,Debit Card,5838.48
7919,326,87,2025-10-17,4,Cash,12876.16
7920,846,94,2024-11-30,2,Cash,9210.0
7921,708,63,2024-11-10,3,Cash,955.08
7922,602,3,2024-08-25,1,Cash,474.29
7923,623,46,2025-11-16,2,Cash,2907.12
7924,880,49,2024-03-23,2,Debit Card,9082.92
7925,359,1,2025-10-30,1,UPI,4299.93
7926,145,22,2024-04-18,2,Cash,3053.22
7927,275,93,2024-06-26,3,Cash,7046.76
7928,509,14,2024-09-06,4,Credit Card,11534.6
7929,179,92,2025-07-20,2,Credit Card,2347.36
7930,753,85,2025-10-28,1,UPI,3329.66
7931,838,45,2024-03-31,1,Debit Card,1644.22
7932,831,96,2024-12-04,2,Debit Card,2296.78
7933,477,6,2025-09-29,1,UPI,990.52
7934,843,65,2024-06-17,4,UPI,6317.56
7935,976,21,2024-05-18,4,UPI,12280.48
7936,414,4,2025-05-31,1,Cash,1974.64
7937,153,3,2025-07-31,2,Debit Card,948.58
7938,104,30,2025-09-14,2,UPI,785.22
7939,75,31,2024-07-02,1,Credit Card,3391.05
7940,128,34,2024-06-18,4,Cash,5087.52
7941,711,83,2024-12-27,4,Cash,10733.76
7942,666,20,2024-08-31,2,Cash,8331.68
7943,568,87,2024-05-17,4,Cash,12876.16
7944,790,54,2024-01-28,3,UPI,5258.91
7945,345,25,2025-06-02,4,Cash,18029.32
7946,531,15,2025-02-01,2,Credit Card,6697.48
7947,159,38,2024-11-28,4,Credit Card,11401.36
7948,538,23,2024-11-12,4,UPI,4459.08
7949,426,52,2025-07-16,1,Cash,4068.31
7950,681,66,2025-03-01,3,Credit Card,11487.99
7951,996,57,2024-05-15,1,Debit Card,397.08
7952,23,57,2025-11-20,4,Cash,1588.32
7953,47,79,2025-10-02,4,UPI,17994.44
7954,525,52,2025-12-09,1,Debit Card,4068.31
7955,729,35,2024-09-23,3,Cash,8101.83
7956,834,74,2024-04-16,2,Debit Card,1967.02
7957,706,14,2025-07-13,1,Cash,2883.65
7958,144,91,2024-05-17,4,Cash,10641.76
7959,585,14,2025-09-06,4,Credit Card,11534.6
7960,668,99,2024-02-16,2,Debit Card,8328.04
7961,589,33,2025-10-26,4,Debit Card,19808.08
7962,419,52,2025-01-02,4,UPI,16273.24
7963,681,1,2024-01-06,2,UPI,8599.86
7964,973,34,2025-06-06,4,Debit Card,5087.52
7965,799,19,2025-06-12,4,Credit Card,11120.48
7966,85,24,2025-10-16,3,Credit Card,2539.23
7967,416,4,2024-09-28,1,Cash,1974.64
7968,694,36,2024-03-06,3,UPI,9869.07
7969,482,77,2025-02-23,3,UPI,13000.23
7970,456,58,2024-12-04,4,UPI,13924.0
7971,827,32,2025-05-12,1,Cash,2952.82
7972,297,9,2025-04-13,1,Credit Card,1774.84
7973,112,80,2024-11-26,4,UPI,13617.24
7974,962,67,2025-09-30,3,Cash,5507.7300000000005
7975,230,20,2024-05-10,3,Debit Card,12497.52
7976,96,74,2025-06-13,3,Credit Card,2950.5299999999997
7977,950,62,2025-12-19,1,Debit Card,1228.23
7978,680,58,2025-08-23,4,UPI,13924.0
7979,378,22,2025-03-13,1,Cash,1526.61
7980,156,67,2024-08-30,3,Credit Card,5507.7300000000005
7981,421,75,2025-04-07,1,UPI,2347.13
7982,105,89,2024-12-15,1,Credit Card,2092.7
7983,705,48,2024-01-17,4,Cash,10734.4
7984,330,8,2025-04-10,4,Cash,6909.16
7985,439,73,2024-12-28,1,UPI,2779.61
7986,132,15,2024-07-28,2,Credit Card,6697.48
7987,867,32,2025-09-02,4,Cash,11811.28
7988,382,53,2025-06-08,2,Credit Card,9484.48
7989,138,67,2025-11-29,4,Credit Card,7343.64
7990,943,4,2025-02-23,3,Debit Card,5923.92
7991,843,30,2024-05-12,2,UPI,785.22
7992,270,13,2024-01-14,3,UPI,8688.539999999999
7993,550,21,2024-02-13,3,Credit Card,9210.36
7994,396,41,2025-01-11,1,Debit Card,3655.57
7995,557,19,2024-10-21,3,Credit Card,8340.36
7996,913,48,2025-01-30,3,UPI,8050.799999999999
7997,464,86,2024-04-13,3,UPI,1900.7400000000002
7998,675,63,2025-03-20,3,Credit Card,955.08
7999,450,20,2024-03-02,1,Credit Card,4165.84
8000,331,64,2025-07-18,1,Credit Card,2136.65
8001,253,37,2025-02-15,3,UPI,9775.5
8002,681,31,2025-09-21,2,Credit Card,6782.1
8003,963,74,2024-11-16,4,Credit Card,3934.04
8004,285,18,2024-05-10,2,Cash,6820.68
8005,274,20,2024-07-17,3,UPI,12497.52
8006,20,82,2024-02-05,1,Credit Card,4975.41
8007,239,11,2024-08-03,3,Debit Card,3581.9700000000003
8008,270,86,2025-08-08,3,UPI,1900.7400000000002
8009,418,44,2024-11-01,1,Credit Card,4251.25
8010,945,82,2025-07-20,2,Credit Card,9950.82
8011,310,64,2024-01-12,4,Cash,8546.6
8012,31,34,2024-03-23,3,Cash,3815.6400000000003
8013,826,87,2024-02-01,1,UPI,3219.04
8014,104,65,2025-02-11,4,Cash,6317.56
8015,682,55,2024-03-26,4,Cash,14609.64
8016,186,74,2025-02-14,4,UPI,3934.04
8017,128,1,2025-12-13,1,Debit Card,4299.93
8018,210,38,2025-07-16,3,Credit Card,8551.02
8019,414,9,2024-09-12,1,Credit Card,1774.84
8020,281,95,2024-08-28,3,Cash,2888.61
8021,959,71,2025-12-17,2,Credit Card,9300.88
8022,253,17,2025-12-08,4,Cash,17633.4
8023,19,99,2025-03-27,3,UPI,12492.060000000001
8024,712,52,2024-01-01,2,UPI,8136.62
8025,732,18,2025-08-23,1,UPI,3410.34
8026,136,63,2024-10-08,4,Credit Card,1273.44
8027,223,33,2025-10-12,3,Cash,14856.060000000001
8028,3,4,2025-08-21,4,Cash,7898.56
8029,963,87,2025-05-28,4,Credit Card,12876.16
8030,236,75,2025-11-10,4,UPI,9388.52
8031,854,52,2024-04-28,1,Debit Card,4068.31
8032,465,9,2025-05-19,4,Cash,7099.36
8033,228,64,2024-03-20,3,Cash,6409.950000000001
8034,913,30,2025-09-14,1,Credit Card,392.61
8035,654,8,2025-11-07,2,Debit Card,3454.58
8036,499,5,2024-08-06,3,UPI,5705.67
8037,521,76,2025-05-31,1,Cash,2848.28
8038,702,63,2025-12-27,3,Credit Card,955.08
8039,862,1,2025-12-07,3,Debit Card,12899.79
8040,917,15,2025-04-10,2,Credit Card,6697.48
8041,972,89,2025-06-01,1,Debit Card,2092.7
8042,677,82,2025-05-16,4,Credit Card,19901.64
8043,992,38,2024-02-27,3,Debit Card,8551.02
8044,139,42,2024-12-02,3,Cash,9410.099999999999
8045,276,46,2025-05-24,3,Debit Card,4360.68
8046,291,53,2025-09-05,3,UPI,14226.72
8047,53,26,2025-03-01,3,Cash,10738.98
8048,687,61,2025-07-13,1,UPI,2536.83
8049,110,67,2025-01-04,3,Cash,5507.7300000000005
8050,715,54,2025-02-14,3,Debit Card,5258.91
8051,948,22,2025-11-05,3,Cash,4579.83
8052,648,26,2025-03-07,4,Credit Card,14318.64
8053,4,83,2024-07-14,4,Debit Card,10733.76
8054,667,60,2025-01-11,1,Credit Card,4659.97
8055,684,39,2024-12-30,3,Credit Card,11720.849999999999
8056,936,36,2025-10-05,3,Credit Card,9869.07
8057,870,21,2025-02-08,2,Credit Card,6140.24
8058,47,41,2025-05-06,4,UPI,14622.28
8059,94,48,2024-03-06,2,Debit Card,5367.2
8060,940,26,2025-01-25,3,Credit Card,10738.98
8061,560,63,2024-03-23,3,UPI,955.08
8062,752,77,2025-04-25,2,Cash,8666.82
8063,859,36,2024-08-16,1,Credit Card,3289.69
8064,213,24,2025-12-31,1,Credit Card,846.41
8065,436,90,2024-08-12,2,UPI,9539.6
8066,852,21,2024-04-22,3,Cash,9210.36
8067,508,18,2025-10-13,2,Cash,6820.68
8068,836,15,2024-07-03,4,UPI,13394.96
8069,651,79,2025-05-26,1,Credit Card,4498.61
8070,205,6,2024-06-21,2,Debit Card,1981.04
8071,381,43,2025-06-06,1,UPI,4490.77
8072,73,31,2025-11-01,4,Debit Card,13564.2
8073,516,28,2024-07-23,3,Credit Card,9168.39
8074,76,8,2025-06-21,3,Credit Card,5181.87
8075,841,29,2024-11-14,3,Cash,7258.98
8076,77,21,2024-06-07,1,Credit Card,3070.12
8077,816,81,2024-10-04,4,Cash,3085.2
8078,768,88,2024-05-27,2,Cash,5082.72
8079,410,58,2024-03-23,3,Credit Card,10443.0
8080,614,60,2025-02-22,1,Cash,4659.97
8081,106,50,2025-06-21,3,Credit Card,2709.06
8082,845,100,2025-08-05,4,Cash,14749.6
8083,551,31,2025-07-02,2,Cash,6782.1
8084,476,47,2025-01-26,3,Credit Card,14730.300000000001
8085,826,34,2024-05-12,4,Debit Card,5087.52
8086,275,2,2025-09-29,1,UPI,2919.24
8087,88,67,2025-09-18,4,Credit Card,7343.64
8088,723,94,2025-08-26,1,Cash,4605.0
8089,881,72,2024-08-29,3,UPI,11484.57
8090,77,52,2025-03-26,3,Debit Card,12204.93
8091,77,7,2024-07-18,4,Credit Card,8935.96
8092,442,76,2025-12-19,1,Cash,2848.28
8093,540,19,2024-04-26,4,Cash,11120.48
8094,245,90,2024-08-06,4,Credit Card,19079.2
8095,578,92,2024-10-31,3,Cash,3521.04
8096,778,15,2024-08-30,3,UPI,10046.22
8097,382,78,2024-10-18,3,Cash,7375.59
8098,982,48,2024-10-27,4,UPI,10734.4
8099,717,14,2025-11-14,4,UPI,11534.6
8100,570,3,2025-01-22,2,Credit Card,948.58
8101,713,50,2025-08-10,2,Cash,1806.04
8102,737,93,2024-07-27,4,UPI,9395.68
8103,142,54,2024-11-09,2,Cash,3505.94
8104,893,6,2025-09-08,4,UPI,3962.08
8105,368,49,2024-01-26,3,Debit Card,13624.380000000001
8106,84,23,2024-03-19,1,Credit Card,1114.77
8107,143,92,2024-05-07,3,Credit Card,3521.04
8108,352,78,2025-02-16,4,Credit Card,9834.12
8109,545,78,2024-05-16,3,UPI,7375.59
8110,913,20,2024-11-29,4,Debit Card,16663.36
8111,152,77,2025-07-01,4,UPI,17333.64
8112,158,91,2025-01-22,2,Credit Card,5320.88
8113,446,60,2025-07-24,4,UPI,18639.88
8114,653,99,2024-08-17,1,Credit Card,4164.02
8115,958,45,2025-02-24,2,Cash,3288.44
8116,763,61,2024-05-03,1,UPI,2536.83
8117,303,56,2024-03-28,4,Cash,10960.72
8118,624,2,2024-05-20,3,UPI,8757.72
8119,656,45,2024-02-20,4,Credit Card,6576.88
8120,450,40,2025-07-20,4,Cash,4417.64
8121,721,24,2025-02-08,3,UPI,2539.23
8122,224,29,2024-12-02,3,Credit Card,7258.98
8123,43,67,2025-10-23,1,UPI,1835.91
8124,264,68,2025-10-26,2,Cash,9500.9
8125,756,66,2025-12-31,2,UPI,7658.66
8126,3,84,2025-12-31,2,UPI,4040.22
8127,637,54,2024-12-31,1,Cash,1752.97
8128,268,53,2024-09-14,1,Credit Card,4742.24
8129,596,79,2025-01-22,3,UPI,13495.829999999998
8130,16,49,2024-02-14,2,UPI,9082.92
8131,334,32,2024-09-25,4,Debit Card,11811.28
8132,464,61,2024-11-06,1,Debit Card,2536.83
8133,59,42,2025-11-02,4,Credit Card,12546.8
8134,177,1,2024-10-04,2,Cash,8599.86
8135,63,63,2025-04-19,2,Credit Card,636.72
8136,958,35,2025-07-20,1,Credit Card,2700.61
8137,561,51,2024-05-24,1,Credit Card,3249.81
8138,307,71,2024-08-22,3,UPI,13951.32
8139,246,45,2025-11-21,4,UPI,6576.88
8140,289,77,2025-12-20,3,Credit Card,13000.23
8141,798,65,2024-05-15,3,Credit Card,4738.17
8142,955,14,2025-03-20,4,Debit Card,11534.6
8143,332,93,2024-12-18,2,Cash,4697.84
8144,527,3,2025-01-28,4,Credit Card,1897.16
8145,850,24,2024-10-01,2,Debit Card,1692.82
8146,255,65,2025-01-18,3,Credit Card,4738.17
8147,604,48,2024-11-18,2,Cash,5367.2
8148,510,10,2024-07-01,2,Credit Card,7442.46
8149,791,13,2025-07-26,2,Cash,5792.36
8150,718,100,2025-03-15,4,UPI,14749.6
8151,606,73,2024-03-03,2,Cash,5559.22
8152,737,14,2025-12-27,4,Credit Card,11534.6
8153,813,100,2025-10-12,1,Debit Card,3687.4
8154,830,10,2025-10-07,1,UPI,3721.23
8155,463,40,2024-02-03,3,Debit Card,3313.2300000000005
8156,199,23,2025-12-05,3,Credit Card,3344.31
8157,271,99,2025-04-21,4,UPI,16656.08
8158,746,55,2024-03-27,2,Debit Card,7304.82
8159,558,63,2024-07-28,2,Credit Card,636.72
8160,64,71,2025-04-06,1,Debit Card,4650.44
8161,230,42,2024-03-21,4,Cash,12546.8
8162,942,99,2024-11-17,2,Cash,8328.04
8163,952,66,2025-02-18,2,Credit Card,7658.66
8164,249,79,2024-07-08,4,Debit Card,17994.44
8165,246,73,2024-08-20,3,Credit Card,8338.83
8166,940,47,2025-01-26,4,Debit Card,19640.4
8167,587,81,2024-06-17,4,UPI,3085.2
8168,157,52,2025-03-18,2,Credit Card,8136.62
8169,735,18,2024-06-16,1,Credit Card,3410.34
8170,702,79,2024-08-18,2,Debit Card,8997.22
8171,985,18,2024-05-29,2,Credit Card,6820.68
8172,564,24,2025-10-25,2,UPI,1692.82
8173,950,23,2025-07-03,4,Debit Card,4459.08
8174,88,12,2025-01-20,4,Debit Card,12980.44
8175,313,23,2025-01-15,2,Debit Card,2229.54
8176,851,21,2024-10-01,2,UPI,6140.24
8177,66,64,2025-09-08,1,UPI,2136.65
8178,662,90,2024-03-02,3,Credit Card,14309.400000000001
8179,20,72,2025-04-11,2,Debit Card,7656.38
8180,33,94,2025-06-11,4,UPI,18420.0
8181,840,34,2024-05-29,3,Cash,3815.6400000000003
8182,793,2,2024-05-21,3,Credit Card,8757.72
8183,558,69,2024-04-25,1,UPI,4815.32
8184,73,31,2024-03-05,3,UPI,10173.150000000001
8185,866,97,2025-03-04,2,UPI,327.68
8186,825,68,2024-11-05,2,Credit Card,9500.9
8187,343,70,2025-12-06,4,UPI,12569.8
8188,133,87,2025-03-05,2,UPI,6438.08
8189,55,19,2024-06-09,2,Cash,5560.24
8190,61,72,2024-11-01,1,Cash,3828.19
8191,857,13,2024-12-26,3,Cash,8688.539999999999
8192,520,65,2024-10-04,1,UPI,1579.39
8193,272,6,2024-10-22,3,Cash,2971.56
8194,246,71,2025-07-04,1,Debit Card,4650.44
8195,176,27,2024-06-17,4,Cash,18772.6
8196,628,79,2025-04-03,1,Cash,4498.61
8197,317,52,2025-08-02,1,UPI,4068.31
8198,783,98,2024-01-07,4,Debit Card,678.12
8199,705,87,2025-08-19,2,Cash,6438.08
8200,662,48,2025-12-11,2,UPI,5367.2
8201,131,88,2024-05-11,4,Debit Card,10165.44
8202,102,79,2025-08-10,4,Cash,17994.44
8203,310,99,2024-12-12,1,UPI,4164.02
8204,782,68,2025-12-21,4,Debit Card,19001.8
8205,292,44,2025-08-18,4,Cash,17005.0
8206,722,17,2024-09-09,3,Debit Card,13225.050000000001
8207,495,95,2025-02-13,3,Debit Card,2888.61
8208,361,38,2025-06-26,2,UPI,5700.68
8209,338,10,2024-12-20,4,Credit Card,14884.92
8210,579,54,2025-12-13,1,Debit Card,1752.97
8211,10,91,2025-07-17,2,Debit Card,5320.88
8212,49,6,2025-01-02,2,Debit Card,1981.04
8213,487,6,2025-08-06,2,Debit Card,1981.04
8214,623,52,2025-05-25,4,Debit Card,16273.24
8215,321,15,2025-06-16,4,Credit Card,13394.96
8216,731,68,2025-06-11,1,UPI,4750.45
8217,569,57,2025-06-11,1,Credit Card,397.08
8218,795,56,2025-02-05,2,UPI,5480.36
8219,971,7,2024-06-23,4,Credit Card,8935.96
8220,625,51,2024-03-18,1,UPI,3249.81
8221,133,58,2025-03-15,3,Cash,10443.0
8222,583,64,2025-07-02,3,Debit Card,6409.950000000001
8223,83,26,2024-08-19,2,UPI,7159.32
8224,57,58,2025-02-03,3,UPI,10443.0
8225,376,31,2024-07-31,2,Debit Card,6782.1
8226,349,66,2024-07-11,4,Cash,15317.32
8227,271,92,2025-07-25,2,Debit Card,2347.36
8228,483,13,2025-12-01,2,UPI,5792.36
8229,111,18,2024-09-23,4,UPI,13641.36
8230,869,94,2024-05-05,1,Debit Card,4605.0
8231,887,75,2025-12-15,1,Credit Card,2347.13
8232,76,13,2025-01-16,1,Debit Card,2896.18
8233,158,24,2025-06-27,1,UPI,846.41
8234,532,57,2025-05-16,2,UPI,794.16
8235,933,29,2025-02-06,1,UPI,2419.66
8236,643,56,2024-09-17,3,Cash,8220.539999999999
8237,329,54,2025-01-21,3,Debit Card,5258.91
8238,122,5,2025-02-15,1,Cash,1901.89
8239,41,35,2024-12-11,3,Debit Card,8101.83
8240,167,19,2024-04-03,3,Cash,8340.36
8241,922,55,2024-11-23,4,Credit Card,14609.64
8242,642,77,2024-04-09,4,UPI,17333.64
8243,23,69,2025-04-05,1,UPI,4815.32
8244,279,44,2024-11-10,2,Debit Card,8502.5
8245,763,78,2024-01-25,2,UPI,4917.06
8246,469,38,2025-05-08,4,Cash,11401.36
8247,400,62,2024-12-18,4,Credit Card,4912.92
8248,9,22,2024-04-26,2,Cash,3053.22
8249,13,73,2024-07-17,1,Cash,2779.61
8250,924,40,2024-10-05,2,Debit Card,2208.82
8251,923,26,2025-08-04,2,UPI,7159.32
8252,819,5,2024-03-19,3,Cash,5705.67
8253,832,93,2025-02-27,2,Debit Card,4697.84
8254,52,54,2024-12-19,4,Cash,7011.88
8255,209,86,2025-06-09,1,Cash,633.58
8256,550,49,2025-06-24,2,Cash,9082.92
8257,612,3,2025-10-17,3,Debit Card,1422.8700000000001
8258,705,92,2025-04-21,4,Credit Card,4694.72
8259,402,38,2024-01-10,4,Cash,11401.36
8260,191,14,2025-07-12,3,Cash,8650.95
8261,51,47,2025-05-17,4,Debit Card,19640.4
8262,393,14,2024-09-16,3,UPI,8650.95
8263,653,75,2025-06-07,4,Credit Card,9388.52
8264,680,73,2025-08-18,4,Debit Card,11118.44
8265,823,38,2024-01-06,4,UPI,11401.36
8266,621,64,2024-02-04,4,Debit Card,8546.6
8267,719,44,2024-06-23,3,Debit Card,12753.75
8268,939,70,2025-03-17,2,Credit Card,6284.9
8269,300,65,2025-07-30,4,Credit Card,6317.56
8270,622,25,2024-05-26,3,Credit Card,13521.99
8271,196,16,2025-07-22,3,Credit Card,8361.210000000001
8272,417,15,2024-07-11,3,UPI,10046.22
8273,664,98,2024-01-13,2,Cash,339.06
8274,420,81,2025-06-13,1,Debit Card,771.3
8275,755,3,2024-09-02,3,Credit Card,1422.8700000000001
8276,640,67,2025-11-05,3,Cash,5507.7300000000005
8277,617,37,2024-04-23,3,UPI,9775.5
8278,522,81,2024-08-20,2,Credit Card,1542.6
8279,356,55,2025-11-08,4,Debit Card,14609.64
8280,148,38,2024-11-17,2,Cash,5700.68
8281,365,63,2025-06-21,3,Credit Card,955.08
8282,364,1,2024-05-05,1,Debit Card,4299.93
8283,971,71,2024-11-08,3,Cash,13951.32
8284,652,90,2025-05-25,4,Debit Card,19079.2
8285,702,19,2025-04-28,1,UPI,2780.12
8286,402,52,2024-10-07,1,Credit Card,4068.31
8287,606,30,2024-10-09,2,Credit Card,785.22
8288,492,55,2025-10-12,2,Debit Card,7304.82
8289,229,14,2025-09-04,4,Cash,11534.6
8290,575,13,2025-01-26,2,Credit Card,5792.36
8291,852,84,2025-06-06,4,Debit Card,8080.44
8292,537,90,2025-01-16,1,UPI,4769.8
8293,268,27,2024-08-03,1,Credit Card,4693.15
8294,405,89,2025-06-25,1,Debit Card,2092.7
8295,793,9,2025-08-28,4,Cash,7099.36
8296,11,41,2024-04-25,2,Credit Card,7311.14
8297,320,48,2025-05-23,2,Credit Card,5367.2
8298,713,12,2025-05-14,2,UPI,6490.22
8299,126,10,2024-09-27,3,Debit Card,11163.69
8300,306,6,2025-03-15,1,Cash,990.52
8301,702,34,2024-10-17,1,UPI,1271.88
8302,511,52,2024-02-08,3,UPI,12204.93
8303,89,41,2024-01-24,1,UPI,3655.57
8304,355,83,2024-02-12,1,Debit Card,2683.44
8305,628,6,2024-06-18,3,Debit Card,2971.56
8306,352,2,2024-12-05,1,Credit Card,2919.24
8307,689,15,2024-06-17,2,Debit Card,6697.48
8308,14,17,2025-06-21,3,UPI,13225.050000000001
8309,257,16,2025-11-22,1,Debit Card,2787.07
8310,209,28,2025-04-16,2,Cash,6112.26
8311,281,85,2025-10-23,4,Credit Card,13318.64
8312,443,72,2025-10-06,1,UPI,3828.19
8313,840,10,2024-05-22,3,Credit Card,11163.69
8314,837,10,2025-11-06,2,Debit Card,7442.46
8315,389,10,2024-04-10,4,Credit Card,14884.92
8316,617,73,2025-07-28,4,Credit Card,11118.44
8317,483,28,2025-08-27,1,Debit Card,3056.13
8318,147,24,2025-12-19,4,Credit Card,3385.64
8319,279,19,2025-04-19,3,Debit Card,8340.36
8320,521,97,2024-11-06,4,UPI,655.36
8321,630,68,2025-08-06,1,Credit Card,4750.45
8322,606,56,2024-02-29,4,Cash,10960.72
8323,434,67,2024-01-29,1,Cash,1835.91
8324,144,42,2025-06-14,4,UPI,12546.8
8325,289,12,2024-03-13,2,Debit Card,6490.22
8326,386,18,2025-01-28,1,Debit Card,3410.34
8327,14,23,2025-01-28,3,Credit Card,3344.31
8328,257,84,2025-04-25,3,Credit Card,6060.33
8329,346,6,2025-04-17,4,Cash,3962.08
8330,698,53,2024-11-08,2,Cash,9484.48
8331,345,98,2025-03-13,4,Debit Card,678.12
8332,400,42,2024-11-19,4,Cash,12546.8
8333,207,66,2024-03-27,2,Debit Card,7658.66
8334,858,30,2024-12-24,1,UPI,392.61
8335,943,9,2025-11-25,3,UPI,5324.5199999999995
8336,172,91,2024-07-15,2,Cash,5320.88
8337,464,42,2025-01-19,4,Credit Card,12546.8
8338,270,34,2024-04-27,1,Cash,1271.88
8339,221,40,2025-05-12,4,Cash,4417.64
8340,152,88,2025-04-06,1,Cash,2541.36
8341,623,17,2025-05-10,3,Credit Card,13225.050000000001
8342,183,29,2025-08-16,3,Cash,7258.98
8343,399,100,2024-09-03,1,Credit Card,3687.4
8344,851,50,2024-08-21,3,Cash,2709.06
8345,72,76,2025-02-20,4,Credit Card,11393.12
8346,418,95,2025-04-11,1,Credit Card,962.87
8347,898,49,2025-04-26,4,Credit Card,18165.84
8348,283,73,2024-12-30,1,Credit Card,2779.61
8349,74,61,2024-06-01,4,Credit Card,10147.32
8350,355,83,2024-09-28,3,UPI,8050.32
8351,727,46,2025-01-26,2,Debit Card,2907.12
8352,497,46,2025-06-30,4,Debit Card,5814.24
8353,328,17,2025-12-25,1,Credit Card,4408.35
8354,988,66,2025-12-23,3,Debit Card,11487.99
8355,535,5,2025-03-05,1,Credit Card,1901.89
8356,580,54,2025-10-12,4,Cash,7011.88
8357,910,16,2024-07-07,1,UPI,2787.07
8358,447,81,2024-09-08,1,Cash,771.3
8359,373,91,2025-01-29,4,Cash,10641.76
8360,362,7,2025-10-23,3,Credit Card,6701.969999999999
8361,93,8,2024-08-06,3,Cash,5181.87
8362,321,72,2025-08-16,4,UPI,15312.76
8363,324,87,2024-07-08,3,Cash,9657.119999999999
8364,384,96,2024-08-21,2,UPI,2296.78
8365,575,82,2025-11-18,1,UPI,4975.41
8366,736,38,2024-08-19,4,Credit Card,11401.36
8367,737,54,2024-12-23,2,UPI,3505.94
8368,881,76,2025-04-22,1,Cash,2848.28
8369,346,15,2025-07-28,4,Credit Card,13394.96
8370,849,92,2025-03-04,3,UPI,3521.04
8371,103,50,2024-08-24,4,UPI,3612.08
8372,215,56,2024-02-02,4,Debit Card,10960.72
8373,192,95,2024-07-31,1,Credit Card,962.87
8374,672,9,2025-07-25,1,Debit Card,1774.84
8375,884,8,2025-01-13,1,UPI,1727.29
8376,719,19,2024-01-02,2,Debit Card,5560.24
8377,781,51,2025-03-25,3,Cash,9749.43
8378,194,72,2025-07-22,4,Cash,15312.76
8379,380,98,2025-03-02,4,UPI,678.12
8380,403,57,2025-10-11,3,Debit Card,1191.24
8381,664,68,2024-10-05,4,Debit Card,19001.8
8382,749,31,2024-08-01,1,Credit Card,3391.05
8383,600,3,2024-10-11,4,Cash,1897.16
8384,11,99,2025-06-26,3,Cash,12492.060000000001
8385,187,83,2025-12-18,2,Credit Card,5366.88
8386,726,43,2024-09-30,2,Cash,8981.54
8387,15,29,2024-01-11,3,Debit Card,7258.98
8388,778,10,2024-02-16,4,Debit Card,14884.92
8389,297,12,2025-05-29,4,Cash,12980.44
8390,411,46,2025-10-03,2,Credit Card,2907.12
8391,956,30,2025-03-13,4,UPI,1570.44
8392,585,94,2025-08-06,2,UPI,9210.0
8393,52,82,2025-11-01,3,UPI,14926.23
8394,640,88,2025-03-02,3,UPI,7624.08
8395,28,32,2025-03-07,4,Debit Card,11811.28
8396,577,73,2024-05-09,1,UPI,2779.61
8397,17,47,2024-01-22,1,Debit Card,4910.1
8398,351,88,2025-01-23,2,Debit Card,5082.72
8399,428,63,2024-05-14,3,UPI,955.08
8400,650,26,2025-06-15,2,UPI,7159.32
8401,831,3,2024-08-07,3,UPI,1422.8700000000001
8402,229,23,2024-11-28,2,Cash,2229.54
8403,766,75,2024-05-09,2,Cash,4694.26
8404,989,74,2024-02-01,2,Credit Card,1967.02
8405,210,50,2025-08-24,4,Debit Card,3612.08
8406,431,36,2025-02-28,1,UPI,3289.69
8407,294,13,2024-10-24,3,Cash,8688.539999999999
8408,743,29,2025-05-18,2,Credit Card,4839.32
8409,753,38,2025-11-15,1,Debit Card,2850.34
8410,582,77,2024-12-22,2,Debit Card,8666.82
8411,104,90,2025-03-30,2,Debit Card,9539.6
8412,204,84,2025-02-04,3,Cash,6060.33
8413,53,5,2025-07-12,4,UPI,7607.56
8414,974,20,2025-12-09,2,UPI,8331.68
8415,940,78,2025-03-30,3,Debit Card,7375.59
8416,375,14,2024-02-03,4,Debit Card,11534.6
8417,842,8,2024-09-04,4,Credit Card,6909.16
8418,54,48,2024-02-11,1,Credit Card,2683.6
8419,276,13,2024-05-02,1,Debit Card,2896.18
8420,335,24,2024-01-27,2,Credit Card,1692.82
8421,31,79,2025-04-06,1,Cash,4498.61
8422,135,65,2025-07-24,3,Debit Card,4738.17
8423,58,86,2024-05-26,3,Credit Card,1900.7400000000002
8424,105,34,2025-05-10,1,Debit Card,1271.88
8425,266,51,2025-09-18,3,UPI,9749.43
8426,522,3,2025-04-30,3,Cash,1422.8700000000001
8427,496,90,2025-04-04,2,Debit Card,9539.6
8428,253,78,2025-12-11,2,UPI,4917.06
8429,295,58,2024-05-07,3,Debit Card,10443.0
8430,668,72,2025-01-10,1,UPI,3828.19
8431,158,55,2025-10-26,3,Credit Card,10957.23
8432,549,80,2024-03-23,4,UPI,13617.24
8433,631,42,2025-06-18,4,Cash,12546.8
8434,67,21,2025-06-06,4,Cash,12280.48
8435,754,10,2025-11-29,2,Credit Card,7442.46
8436,299,57,2025-09-19,1,Debit Card,397.08
8437,463,25,2025-11-04,3,Cash,13521.99
8438,725,56,2024-04-12,1,Credit Card,2740.18
8439,820,38,2025-06-02,1,Cash,2850.34
8440,101,86,2024-12-27,1,Credit Card,633.58
8441,56,61,2025-11-14,4,Cash,10147.32
8442,332,47,2024-09-12,3,Credit Card,14730.300000000001
8443,836,54,2024-09-03,2,Cash,3505.94
8444,751,46,2024-07-10,1,Debit Card,1453.56
8445,393,68,2025-09-17,1,UPI,4750.45
8446,743,4,2025-06-18,4,Cash,7898.56
8447,874,94,2024-11-09,4,Credit Card,18420.0
8448,381,66,2024-10-02,3,Debit Card,11487.99
8449,92,93,2025-01-07,2,Cash,4697.84
8450,791,43,2025-03-19,2,Credit Card,8981.54
8451,447,62,2025-10-09,4,UPI,4912.92
8452,109,100,2024-07-13,3,Credit Card,11062.2
8453,317,85,2024-09-14,1,Cash,3329.66
8454,168,85,2025-08-04,3,Credit Card,9988.98
8455,812,85,2024-12-25,2,Credit Card,6659.32
8456,982,4,2025-07-01,4,UPI,7898.56
8457,920,65,2024-04-17,1,Cash,1579.39
8458,435,62,2024-01-24,1,Cash,1228.23
8459,442,90,2025-10-13,2,UPI,9539.6
8460,218,2,2025-04-09,1,Debit Card,2919.24
8461,222,9,2024-01-22,3,Credit Card,5324.5199999999995
8462,673,57,2025-05-16,2,Credit Card,794.16
8463,528,45,2025-12-16,2,Credit Card,3288.44
8464,278,18,2025-05-15,1,Cash,3410.34
8465,569,48,2025-08-15,2,Cash,5367.2
8466,574,42,2025-02-10,4,Credit Card,12546.8
8467,875,41,2024-11-25,3,Cash,10966.710000000001
8468,466,75,2025-12-03,2,UPI,4694.26
8469,839,89,2024-10-12,4,UPI,8370.8
8470,754,90,2024-05-26,1,Cash,4769.8
8471,602,58,2025-01-18,2,Credit Card,6962.0
8472,584,100,2024-01-11,4,Credit Card,14749.6
8473,838,42,2024-10-02,1,Credit Card,3136.7
8474,30,35,2025-07-21,4,Credit Card,10802.44
8475,359,38,2025-11-15,1,Cash,2850.34
8476,919,67,2024-10-29,3,Debit Card,5507.7300000000005
8477,288,41,2024-07-22,2,Debit Card,7311.14
8478,86,99,2024-12-10,3,Credit Card,12492.060000000001
8479,234,50,2024-09-22,3,Credit Card,2709.06
8480,747,86,2024-01-22,2,Credit Card,1267.16
8481,313,72,2025-06-19,3,Debit Card,11484.57
8482,365,79,2025-12-06,3,UPI,13495.829999999998
8483,777,45,2024-04-05,4,Debit Card,6576.88
8484,799,71,2025-03-20,1,Cash,4650.44
8485,839,19,2024-09-19,3,Debit Card,8340.36
8486,905,17,2025-08-06,2,Cash,8816.7
8487,269,65,2025-01-17,4,Credit Card,6317.56
8488,698,93,2025-07-03,1,Cash,2348.92
8489,131,77,2025-01-26,3,Credit Card,13000.23
8490,803,56,2025-08-23,3,UPI,8220.539999999999
8491,993,93,2025-06-23,2,Credit Card,4697.84
8492,789,41,2024-04-01,3,Credit Card,10966.710000000001
8493,832,42,2025-07-19,2,UPI,6273.4
8494,351,6,2024-06-07,3,Credit Card,2971.56
8495,180,69,2024-08-15,3,Credit Card,14445.96
8496,802,98,2025-04-17,2,Credit Card,339.06
8497,480,75,2025-01-06,1,Debit Card,2347.13
8498,889,73,2025-01-10,4,Cash,11118.44
8499,163,40,2025-07-06,2,Credit Card,2208.82
8500,783,41,2024-02-06,1,Debit Card,3655.57
8501,888,9,2025-09-28,1,Credit Card,1774.84
8502,96,8,2025-11-21,2,Cash,3454.58
8503,774,44,2024-02-06,4,Credit Card,17005.0
8504,510,58,2024-04-10,2,Cash,6962.0
8505,365,67,2025-06-26,3,Debit Card,5507.7300000000005
8506,981,13,2024-07-08,3,Debit Card,8688.539999999999
8507,353,19,2025-05-26,1,Credit Card,2780.12
8508,800,98,2025-10-19,3,UPI,508.59000000000003
8509,436,96,2024-03-30,4,Cash,4593.56
8510,83,49,2024-01-06,2,Credit Card,9082.92
8511,225,80,2024-05-18,4,Debit Card,13617.24
8512,412,100,2024-04-04,1,Credit Card,3687.4
8513,735,82,2025-09-22,3,Cash,14926.23
8514,981,78,2025-09-23,3,Credit Card,7375.59
8515,118,30,2025-01-20,2,Cash,785.22
8516,482,66,2024-05-02,4,Debit Card,15317.32
8517,192,77,2024-10-11,4,UPI,17333.64
8518,591,91,2024-12-31,2,UPI,5320.88
8519,590,59,2025-11-21,3,Debit Card,10444.41
8520,659,53,2025-05-04,1,Debit Card,4742.24
8521,107,52,2024-11-20,1,Credit Card,4068.31
8522,382,81,2025-02-10,2,Debit Card,1542.6
8523,783,31,2025-06-02,2,Debit Card,6782.1
8524,390,15,2025-09-30,2,Cash,6697.48
8525,244,20,2024-03-17,4,Credit Card,16663.36
8526,585,5,2024-08-21,3,Cash,5705.67
8527,869,7,2025-08-08,3,Credit Card,6701.969999999999
8528,468,18,2025-04-28,2,Credit Card,6820.68
8529,866,56,2025-04-08,1,UPI,2740.18
8530,934,75,2024-09-27,4,UPI,9388.52
8531,538,96,2025-04-11,2,Debit Card,2296.78
8532,210,91,2025-04-13,4,Credit Card,10641.76
8533,604,90,2025-09-23,2,Debit Card,9539.6
8534,637,45,2025-06-30,4,Cash,6576.88
8535,947,28,2025-12-19,1,Debit Card,3056.13
8536,73,50,2024-09-26,1,Cash,903.02
8537,992,2,2025-08-27,1,UPI,2919.24
8538,635,84,2025-01-12,1,UPI,2020.11
8539,309,68,2024-06-25,3,Cash,14251.349999999999
8540,696,77,2024-09-30,3,Cash,13000.23
8541,699,24,2025-11-21,4,Cash,3385.64
8542,710,48,2025-10-02,2,Debit Card,5367.2
8543,590,45,2025-09-28,3,Cash,4932.66
8544,860,93,2024-01-27,2,Credit Card,4697.84
8545,186,58,2025-07-29,4,Cash,13924.0
8546,856,36,2024-02-29,2,UPI,6579.38
8547,253,2,2025-12-31,1,Cash,2919.24
8548,13,18,2024-08-04,1,UPI,3410.34
8549,299,49,2025-11-11,3,UPI,13624.380000000001
8550,76,8,2025-10-22,4,Debit Card,6909.16
8551,51,58,2024-09-26,3,Cash,10443.0
8552,787,15,2024-04-25,3,UPI,10046.22
8553,149,17,2024-09-01,3,Credit Card,13225.050000000001
8554,731,23,2025-10-21,4,Cash,4459.08
8555,122,66,2025-08-26,1,Cash,3829.33
8556,211,70,2024-03-25,1,UPI,3142.45
8557,280,93,2025-08-21,3,Debit Card,7046.76
8558,538,27,2025-09-23,2,Debit Card,9386.3
8559,685,37,2025-03-25,1,Cash,3258.5
8560,156,49,2025-06-19,1,Cash,4541.46
8561,238,64,2024-03-29,4,Debit Card,8546.6
8562,376,34,2025-07-02,1,Debit Card,1271.88
8563,82,18,2025-05-21,1,Credit Card,3410.34
8564,492,64,2025-02-11,3,Cash,6409.950000000001
8565,356,74,2024-09-27,3,Cash,2950.5299999999997
8566,925,44,2025-06-07,4,Cash,17005.0
8567,273,17,2025-05-08,4,Debit Card,17633.4
8568,580,59,2025-08-29,2,UPI,6962.94
8569,44,13,2025-03-23,1,Credit Card,2896.18
8570,573,52,2025-06-26,3,Debit Card,12204.93
8571,123,60,2024-12-15,3,Debit Card,13979.91
8572,349,42,2024-11-23,1,Credit Card,3136.7
8573,708,91,2024-10-12,4,Cash,10641.76
8574,330,64,2024-02-04,3,UPI,6409.950000000001
8575,409,66,2025-06-16,4,Credit Card,15317.32
8576,991,34,2025-09-14,3,UPI,3815.6400000000003
8577,323,95,2025-05-02,3,Cash,2888.61
8578,111,87,2025-05-01,2,UPI,6438.08
8579,770,71,2024-05-24,3,Cash,13951.32
8580,89,64,2025-06-07,1,Debit Card,2136.65
8581,433,33,2024-05-25,1,Cash,4952.02
8582,710,12,2025-05-17,1,Credit Card,3245.11
8583,794,76,2025-08-26,4,Credit Card,11393.12
8584,712,19,2025-09-18,3,Cash,8340.36
8585,99,9,2025-06-10,4,Cash,7099.36
8586,539,74,2024-09-28,2,Debit Card,1967.02
8587,601,17,2025-06-17,3,Debit Card,13225.050000000001
8588,146,50,2025-09-21,1,Cash,903.02
8589,694,39,2024-04-04,2,UPI,7813.9
8590,257,41,2025-03-22,2,Debit Card,7311.14
8591,189,10,2025-02-18,3,Credit Card,11163.69
8592,240,12,2024-09-13,1,Debit Card,3245.11
8593,871,79,2024-09-18,4,Debit Card,17994.44
8594,899,95,2024-03-27,3,Debit Card,2888.61
8595,503,15,2025-03-11,1,Debit Card,3348.74
8596,708,28,2025-07-23,2,Cash,6112.26
8597,809,4,2024-04-17,3,Debit Card,5923.92
8598,677,36,2024-01-19,2,UPI,6579.38
8599,819,65,2024-12-30,1,Debit Card,1579.39
8600,271,98,2025-10-14,4,Debit Card,678.12
8601,520,47,2025-01-13,4,Credit Card,19640.4
8602,550,81,2024-06-08,2,Debit Card,1542.6
8603,114,39,2024-04-09,2,Credit Card,7813.9
8604,339,38,2024-09-21,2,Credit Card,5700.68
8605,568,44,2024-02-18,3,Cash,12753.75
8606,943,51,2025-11-07,1,Credit Card,3249.81
8607,986,97,2025-02-18,2,Credit Card,327.68
8608,359,85,2024-02-28,2,UPI,6659.32
8609,650,26,2024-07-01,2,UPI,7159.32
8610,614,36,2025-10-20,4,Credit Card,13158.76
8611,334,69,2025-03-22,2,Cash,9630.64
8612,689,97,2024-10-27,1,UPI,163.84
8613,169,1,2025-08-30,4,UPI,17199.72
8614,339,53,2025-07-08,1,Cash,4742.24
8615,798,6,2024-12-19,4,Debit Card,3962.08
8616,261,37,2024-07-31,4,UPI,13034.0
8617,887,2,2024-07-07,3,Credit Card,8757.72
8618,735,69,2025-10-04,4,Credit Card,19261.28
8619,199,90,2024-12-12,4,Credit Card,19079.2
8620,211,41,2024-05-16,1,Cash,3655.57
8621,287,51,2024-01-30,1,Credit Card,3249.81
8622,692,47,2024-05-25,2,Debit Card,9820.2
8623,762,13,2025-04-12,3,Cash,8688.539999999999
8624,743,76,2025-09-08,4,UPI,11393.12
8625,472,69,2025-05-17,3,Cash,14445.96
8626,482,66,2024-07-09,2,Credit Card,7658.66
8627,23,59,2025-04-15,3,Cash,10444.41
8628,560,68,2025-11-20,4,Cash,19001.8
8629,109,59,2024-12-10,1,Cash,3481.47
8630,296,91,2024-01-01,3,Cash,7981.32
8631,6,10,2024-04-19,4,Debit Card,14884.92
8632,550,13,2024-03-04,2,Cash,5792.36
8633,681,2,2024-02-22,4,Credit Card,11676.96
8634,868,90,2024-09-18,3,UPI,14309.400000000001
8635,795,15,2025-06-12,4,Debit Card,13394.96
8636,203,46,2024-10-28,4,Cash,5814.24
8637,325,57,2024-08-21,3,UPI,1191.24
8638,825,10,2024-03-13,3,Debit Card,11163.69
8639,785,22,2024-12-22,2,Credit Card,3053.22
8640,244,89,2025-08-25,4,Credit Card,8370.8
8641,327,79,2025-04-28,1,UPI,4498.61
8642,987,77,2024-01-06,3,Cash,13000.23
8643,47,8,2025-12-10,4,UPI,6909.16
8644,761,21,2025-12-08,1,Debit Card,3070.12
8645,591,85,2024-05-16,1,UPI,3329.66
8646,622,22,2025-02-07,4,UPI,6106.44
8647,13,97,2025-09-19,4,Cash,655.36
8648,907,45,2025-07-08,4,Credit Card,6576.88
8649,380,91,2025-07-23,1,Cash,2660.44
8650,365,40,2024-07-24,4,Credit Card,4417.64
8651,602,22,2025-02-13,3,Cash,4579.83
8652,342,30,2025-08-28,1,Credit Card,392.61
8653,860,62,2024-02-05,3,Cash,3684.69
8654,792,73,2024-08-17,3,Credit Card,8338.83
8655,221,45,2024-08-14,4,Credit Card,6576.88
8656,73,35,2025-11-25,3,Credit Card,8101.83
8657,746,82,2024-09-18,4,Credit Card,19901.64
8658,772,42,2024-05-10,1,Cash,3136.7
8659,625,5,2025-07-30,3,Debit Card,5705.67
8660,46,27,2025-03-23,4,Credit Card,18772.6
8661,504,70,2024-07-04,2,Credit Card,6284.9
8662,274,62,2025-09-20,4,Credit Card,4912.92
8663,555,32,2024-07-04,2,Credit Card,5905.64
8664,208,8,2024-09-30,4,Credit Card,6909.16
8665,929,85,2025-10-24,2,UPI,6659.32
8666,861,18,2024-12-17,3,UPI,10231.02
8667,615,78,2025-02-16,2,Credit Card,4917.06
8668,124,15,2024-05-30,3,Credit Card,10046.22
8669,10,26,2025-01-18,3,Credit Card,10738.98
8670,329,53,2024-02-05,4,Debit Card,18968.96
8671,187,44,2024-11-21,3,Cash,12753.75
8672,543,32,2025-04-09,1,Credit Card,2952.82
8673,668,28,2025-04-10,2,Debit Card,6112.26
8674,60,39,2024-04-04,4,Debit Card,15627.8
8675,761,32,2024-05-13,3,Credit Card,8858.460000000001
8676,899,77,2024-06-10,2,Cash,8666.82
8677,886,79,2025-07-09,2,UPI,8997.22
8678,951,18,2024-10-26,1,Credit Card,3410.34
8679,782,70,2024-12-21,2,Credit Card,6284.9
8680,442,11,2024-08-27,4,UPI,4775.96
8681,217,32,2025-07-17,4,Cash,11811.28
8682,911,20,2025-08-08,3,UPI,12497.52
8683,2,97,2024-06-15,3,Credit Card,491.52
8684,536,40,2024-05-19,4,Credit Card,4417.64
8685,718,8,2024-05-18,2,Debit Card,3454.58
8686,832,35,2024-08-22,2,UPI,5401.22
8687,711,69,2024-01-03,1,Debit Card,4815.32
8688,356,99,2024-09-12,3,Debit Card,12492.060000000001
8689,626,78,2025-01-05,2,Debit Card,4917.06
8690,792,21,2024-10-04,2,Debit Card,6140.24
8691,667,24,2025-05-30,3,UPI,2539.23
8692,165,17,2024-07-30,4,UPI,17633.4
8693,998,18,2024-08-03,2,UPI,6820.68
8694,734,98,2024-09-26,1,Credit Card,169.53
8695,91,12,2025-04-20,2,Cash,6490.22
8696,167,16,2025-06-11,2,Debit Card,5574.14
8697,959,4,2024-03-04,1,Credit Card,1974.64
8698,207,89,2025-04-04,4,UPI,8370.8
8699,282,34,2024-01-16,1,UPI,1271.88
8700,65,92,2025-07-17,1,Credit Card,1173.68
8701,888,46,2024-01-19,3,Debit Card,4360.68
8702,516,75,2024-11-20,2,UPI,4694.26
8703,157,77,2024-04-02,4,Debit Card,17333.64
8704,761,31,2024-01-17,2,Debit Card,6782.1
8705,769,25,2025-09-14,4,Cash,18029.32
8706,747,74,2025-05-02,1,UPI,983.51
8707,306,24,2024-04-03,3,Credit Card,2539.23
8708,878,65,2024-01-10,1,Cash,1579.39
8709,982,25,2025-12-24,2,Debit Card,9014.66
8710,395,28,2025-06-11,3,Credit Card,9168.39
8711,74,36,2025-05-03,3,Cash,9869.07
8712,187,82,2024-05-23,2,Cash,9950.82
8713,574,6,2025-07-07,4,Cash,3962.08
8714,337,66,2025-05-29,3,Debit Card,11487.99
8715,676,67,2025-04-14,4,Debit Card,7343.64
8716,568,72,2025-01-11,4,UPI,15312.76
8717,623,95,2025-10-29,4,Cash,3851.48
8718,730,48,2025-05-08,3,Credit Card,8050.799999999999
8719,240,83,2025-11-15,1,Debit Card,2683.44
8720,533,70,2025-04-28,3,Cash,9427.349999999999
8721,141,78,2025-03-27,1,Credit Card,2458.53
8722,265,67,2025-06-19,3,Debit Card,5507.7300000000005
8723,139,48,2024-03-15,1,Credit Card,2683.6
8724,459,65,2024-02-09,1,Credit Card,1579.39
8725,70,44,2024-10-28,3,UPI,12753.75
8726,385,94,2025-07-05,4,Debit Card,18420.0
8727,630,63,2024-03-02,4,Debit Card,1273.44
8728,198,46,2025-05-17,1,Debit Card,1453.56
8729,205,19,2024-09-01,2,Debit Card,5560.24
8730,726,64,2024-01-18,2,UPI,4273.3
8731,568,83,2025-10-13,3,UPI,8050.32
8732,799,73,2025-02-01,3,Cash,8338.83
8733,982,71,2025-08-16,3,Debit Card,13951.32
8734,805,50,2024-07-07,2,Credit Card,1806.04
8735,687,63,2025-09-11,4,UPI,1273.44
8736,859,41,2024-04-13,3,Credit Card,10966.710000000001
8737,882,7,2025-10-07,3,Credit Card,6701.969999999999
8738,974,9,2024-12-09,4,Credit Card,7099.36
8739,640,4,2025-01-05,1,Cash,1974.64
8740,431,89,2024-02-02,3,Cash,6278.099999999999
8741,890,49,2025-01-08,2,Debit Card,9082.92
8742,325,76,2024-06-26,2,UPI,5696.56
8743,442,6,2024-01-12,3,Debit Card,2971.56
8744,804,82,2025-03-31,2,Cash,9950.82
8745,288,21,2025-10-04,4,Cash,12280.48
8746,226,15,2024-09-05,1,Credit Card,3348.74
8747,64,67,2025-03-23,1,Debit Card,1835.91
8748,967,66,2025-07-23,3,Credit Card,11487.99
8749,938,56,2024-01-04,3,Cash,8220.539999999999
8750,560,68,2024-08-23,1,Debit Card,4750.45
8751,714,32,2024-06-21,1,Debit Card,2952.82
8752,498,66,2024-11-17,3,UPI,11487.99
8753,849,29,2025-01-05,2,Cash,4839.32
8754,926,66,2025-07-01,3,Cash,11487.99
8755,917,34,2024-10-22,4,UPI,5087.52
8756,60,27,2025-02-03,3,Cash,14079.449999999999
8757,397,60,2024-02-27,3,Credit Card,13979.91
8758,257,39,2025-06-13,3,Credit Card,11720.849999999999
8759,577,44,2025-07-01,3,Credit Card,12753.75
8760,239,82,2025-02-11,3,Debit Card,14926.23
8761,801,36,2025-10-02,3,Credit Card,9869.07
8762,38,19,2025-05-27,2,Cash,5560.24
8763,25,91,2024-03-04,3,UPI,7981.32
8764,410,45,2025-07-27,1,Credit Card,1644.22
8765,461,84,2025-02-23,3,Credit Card,6060.33
8766,571,21,2024-05-25,2,Debit Card,6140.24
8767,988,23,2024-09-28,4,Cash,4459.08
8768,417,94,2024-01-17,1,UPI,4605.0
8769,357,89,2024-04-07,3,Cash,6278.099999999999
8770,383,95,2025-03-27,3,Credit Card,2888.61
8771,809,27,2024-08-30,1,Cash,4693.15
8772,158,98,2025-04-23,3,UPI,508.59000000000003
8773,569,72,2024-07-19,2,Credit Card,7656.38
8774,433,19,2025-04-17,3,Cash,8340.36
8775,48,41,2024-06-27,4,UPI,14622.28
8776,328,26,2025-05-22,2,Credit Card,7159.32
8777,433,28,2025-03-28,3,Credit Card,9168.39
8778,431,64,2024-09-26,4,Cash,8546.6
8779,56,68,2024-08-21,1,Debit Card,4750.45
8780,577,95,2025-09-15,2,Debit Card,1925.74
8781,268,80,2025-04-30,3,UPI,10212.93
8782,69,51,2025-07-31,3,Cash,9749.43
8783,728,74,2024-12-03,1,UPI,983.51
8784,902,48,2025-03-23,1,Cash,2683.6
8785,601,10,2025-08-06,2,UPI,7442.46
8786,449,73,2024-12-22,2,UPI,5559.22
8787,793,39,2024-02-18,2,Cash,7813.9
8788,257,100,2025-05-10,3,Debit Card,11062.2
8789,672,100,2024-12-11,3,UPI,11062.2
8790,490,19,2025-12-02,2,Cash,5560.24
8791,746,64,2024-10-19,3,Cash,6409.950000000001
8792,643,19,2025-11-19,1,Cash,2780.12
8793,49,76,2025-11-03,4,Credit Card,11393.12
8794,659,62,2024-05-29,3,Cash,3684.69
8795,316,13,2025-08-04,2,Cash,5792.36
8796,413,25,2025-06-28,3,Credit Card,13521.99
8797,434,100,2024-09-16,1,Credit Card,3687.4
8798,2,89,2024-11-17,2,Debit Card,4185.4
8799,841,92,2024-03-17,4,Cash,4694.72
8800,952,42,2024-04-19,2,UPI,6273.4
8801,145,39,2025-10-12,2,Credit Card,7813.9
8802,956,30,2025-06-30,2,Credit Card,785.22
8803,366,5,2025-02-26,3,Debit Card,5705.67
8804,420,81,2025-01-28,4,Debit Card,3085.2
8805,573,18,2024-08-22,1,Debit Card,3410.34
8806,785,21,2024-11-25,3,Cash,9210.36
8807,561,86,2025-12-12,4,Cash,2534.32
8808,844,50,2024-11-20,4,Cash,3612.08
8809,444,6,2024-05-30,3,Credit Card,2971.56
8810,916,50,2025-06-29,2,Debit Card,1806.04
8811,434,80,2025-09-27,4,Credit Card,13617.24
8812,643,66,2024-02-01,1,UPI,3829.33
8813,555,1,2024-09-28,3,Cash,12899.79
8814,57,57,2025-09-27,4,Credit Card,1588.32
8815,562,30,2025-01-02,1,UPI,392.61
8816,964,58,2025-05-06,1,Credit Card,3481.0
8817,977,52,2024-11-11,1,UPI,4068.31
8818,178,37,2025-08-12,1,Credit Card,3258.5
8819,293,48,2025-08-10,3,Credit Card,8050.799999999999
8820,46,87,2025-07-25,1,Cash,3219.04
8821,170,1,2025-08-19,3,Credit Card,12899.79
8822,271,19,2025-01-02,1,Credit Card,2780.12
8823,417,46,2024-03-20,1,Debit Card,1453.56
8824,848,67,2024-06-20,3,Credit Card,5507.7300000000005
8825,139,2,2024-09-14,2,Cash,5838.48
8826,247,56,2024-10-05,4,Credit Card,10960.72
8827,148,17,2025-05-18,4,Cash,17633.4
8828,230,92,2025-07-11,3,Debit Card,3521.04
8829,792,82,2025-05-05,1,Cash,4975.41
8830,637,97,2025-08-07,3,Debit Card,491.52
8831,704,79,2025-07-19,1,Debit Card,4498.61
8832,374,22,2024-12-02,3,Debit Card,4579.83
8833,80,27,2025-06-04,4,Debit Card,18772.6
8834,606,55,2024-11-21,3,Debit Card,10957.23
8835,738,32,2024-06-20,4,Cash,11811.28
8836,65,60,2024-03-24,4,Debit Card,18639.88
8837,88,83,2025-06-07,4,Debit Card,10733.76
8838,88,28,2025-04-25,3,Debit Card,9168.39
8839,713,28,2025-06-27,2,Debit Card,6112.26
8840,726,74,2025-02-21,3,Debit Card,2950.5299999999997
8841,204,84,2024-12-04,3,UPI,6060.33
8842,913,25,2024-11-15,2,Credit Card,9014.66
8843,382,85,2024-10-30,2,Credit Card,6659.32
8844,601,78,2024-09-28,4,Debit Card,9834.12
8845,476,86,2025-11-20,1,Debit Card,633.58
8846,573,26,2024-04-23,1,UPI,3579.66
8847,783,75,2025-02-10,4,Debit Card,9388.52
8848,606,71,2024-01-26,3,UPI,13951.32
8849,819,17,2024-08-24,1,Credit Card,4408.35
8850,539,82,2024-11-05,3,Cash,14926.23
8851,214,7,2025-11-14,2,Credit Card,4467.98
8852,74,56,2024-08-20,2,Cash,5480.36
8853,61,64,2025-07-02,4,Cash,8546.6
8854,698,20,2024-09-21,3,Cash,12497.52
8855,543,38,2024-01-13,4,Debit Card,11401.36
8856,219,75,2025-05-10,1,UPI,2347.13
8857,12,58,2024-11-11,1,Cash,3481.0
8858,814,16,2025-09-09,1,UPI,2787.07
8859,415,51,2025-09-29,3,Credit Card,9749.43
8860,32,27,2025-01-18,4,Cash,18772.6
8861,160,51,2025-10-03,4,Credit Card,12999.24
8862,237,75,2024-11-11,1,UPI,2347.13
8863,739,16,2024-09-12,4,UPI,11148.28
8864,181,87,2025-03-16,2,Credit Card,6438.08
8865,829,60,2024-04-24,2,UPI,9319.94
8866,558,76,2024-10-25,2,Credit Card,5696.56
8867,341,40,2024-05-03,2,UPI,2208.82
8868,458,67,2024-09-12,4,Debit Card,7343.64
8869,80,2,2025-10-12,2,Credit Card,5838.48
8870,647,48,2025-12-18,2,Cash,5367.2
8871,772,52,2024-02-16,2,Cash,8136.62
8872,987,24,2025-12-29,2,Cash,1692.82
8873,820,93,2025-04-07,2,UPI,4697.84
8874,759,98,2024-12-15,3,Credit Card,508.59000000000003
8875,473,84,2024-05-02,3,UPI,6060.33
8876,671,82,2024-01-31,2,Cash,9950.82
8877,715,78,2024-02-24,2,Debit Card,4917.06
8878,112,82,2024-06-01,4,Cash,19901.64
8879,980,2,2025-03-31,2,Cash,5838.48
8880,292,65,2024-10-12,1,Cash,1579.39
8881,950,20,2024-02-05,3,Debit Card,12497.52
8882,822,34,2024-09-12,2,Debit Card,2543.76
8883,631,41,2024-06-26,3,Credit Card,10966.710000000001
8884,383,41,2025-07-01,2,Debit Card,7311.14
8885,17,75,2024-09-10,1,Credit Card,2347.13
8886,493,91,2025-05-22,2,Debit Card,5320.88
8887,331,23,2025-11-04,3,Credit Card,3344.31
8888,926,38,2024-01-21,3,Cash,8551.02
8889,739,44,2024-03-15,3,Debit Card,12753.75
8890,873,67,2025-12-19,4,UPI,7343.64
8891,486,62,2025-04-04,3,UPI,3684.69
8892,406,12,2024-06-26,2,Credit Card,6490.22
8893,117,30,2025-01-16,1,Debit Card,392.61
8894,555,95,2024-02-06,1,Debit Card,962.87
8895,880,87,2024-04-29,2,UPI,6438.08
8896,115,65,2025-09-21,4,Debit Card,6317.56
8897,795,41,2024-01-01,2,Debit Card,7311.14
8898,549,20,2025-12-21,3,Credit Card,12497.52
8899,814,6,2024-11-06,4,Cash,3962.08
8900,625,75,2024-07-26,2,UPI,4694.26
8901,547,99,2024-06-02,4,Cash,16656.08
8902,644,4,2025-11-13,1,Debit Card,1974.64
8903,336,93,2024-11-10,2,Debit Card,4697.84
8904,336,10,2024-11-02,2,Credit Card,7442.46
8905,981,51,2025-05-18,1,Cash,3249.81
8906,922,93,2025-09-10,4,Cash,9395.68
8907,889,38,2025-10-16,1,Credit Card,2850.34
8908,740,1,2025-06-03,4,Cash,17199.72
8909,147,8,2025-08-28,2,Credit Card,3454.58
8910,122,81,2024-04-06,4,Credit Card,3085.2
8911,81,83,2025-05-04,4,Debit Card,10733.76
8912,685,63,2024-01-07,3,Debit Card,955.08
8913,666,33,2024-01-12,3,Debit Card,14856.060000000001
8914,662,15,2025-05-28,3,Credit Card,10046.22
8915,375,31,2024-12-14,1,Debit Card,3391.05
8916,570,21,2024-01-07,1,UPI,3070.12
8917,63,3,2025-05-14,3,UPI,1422.8700000000001
8918,504,66,2025-04-19,2,Debit Card,7658.66
8919,668,35,2025-06-07,2,Credit Card,5401.22
8920,449,41,2024-02-26,2,UPI,7311.14
8921,428,59,2025-08-12,1,Debit Card,3481.47
8922,868,16,2025-08-08,4,UPI,11148.28
8923,427,56,2024-08-20,1,UPI,2740.18
8924,421,45,2024-01-30,3,UPI,4932.66
8925,322,59,2025-01-01,4,Cash,13925.88
8926,913,50,2025-08-29,2,UPI,1806.04
8927,680,85,2024-02-25,1,Debit Card,3329.66
8928,166,12,2024-01-10,1,UPI,3245.11
8929,597,92,2024-05-26,3,Debit Card,3521.04
8930,957,12,2024-12-29,2,UPI,6490.22
8931,649,33,2025-08-21,1,UPI,4952.02
8932,461,84,2024-09-09,1,Cash,2020.11
8933,459,49,2025-11-29,4,UPI,18165.84
8934,189,21,2024-09-09,1,Debit Card,3070.12
8935,464,60,2025-03-18,4,Cash,18639.88
8936,912,52,2024-12-05,1,Cash,4068.31
8937,379,54,2025-05-30,2,UPI,3505.94
8938,2,39,2024-12-18,3,UPI,11720.849999999999
8939,618,49,2025-09-15,2,Credit Card,9082.92
8940,364,64,2025-12-05,3,UPI,6409.950000000001
8941,72,100,2025-10-14,1,Credit Card,3687.4
8942,427,86,2024-11-18,2,Debit Card,1267.16
8943,638,26,2024-05-19,4,UPI,14318.64
8944,170,71,2025-03-20,3,UPI,13951.32
8945,205,7,2024-04-04,3,Credit Card,6701.969999999999
8946,825,72,2025-07-06,1,Credit Card,3828.19
8947,337,62,2025-02-23,3,Cash,3684.69
8948,999,90,2025-05-28,3,Cash,14309.400000000001
8949,472,88,2024-05-29,3,UPI,7624.08
8950,195,24,2025-07-06,1,Debit Card,846.41
8951,670,40,2024-12-16,2,Cash,2208.82
8952,653,76,2024-04-25,1,Cash,2848.28
8953,275,47,2025-09-23,4,Cash,19640.4
8954,7,8,2024-08-24,3,Credit Card,5181.87
8955,905,54,2024-09-26,3,UPI,5258.91
8956,979,9,2024-10-17,2,Credit Card,3549.68
8957,566,3,2025-03-09,3,Debit Card,1422.8700000000001
8958,616,54,2024-01-09,2,Credit Card,3505.94
8959,854,21,2025-09-21,3,UPI,9210.36
8960,850,95,2025-04-19,3,Credit Card,2888.61
8961,573,48,2025-06-05,1,Debit Card,2683.6
8962,599,47,2025-06-20,1,UPI,4910.1
8963,770,88,2025-11-15,4,UPI,10165.44
8964,178,68,2024-01-11,2,UPI,9500.9
8965,242,84,2025-09-04,4,UPI,8080.44
8966,203,63,2024-11-22,1,Debit Card,318.36
8967,543,16,2025-08-17,2,UPI,5574.14
8968,801,74,2024-10-02,1,Debit Card,983.51
8969,462,90,2025-01-04,2,Debit Card,9539.6
8970,80,93,2025-05-04,3,Credit Card,7046.76
8971,523,5,2024-12-10,4,Credit Card,7607.56
8972,417,11,2025-01-02,4,UPI,4775.96
8973,766,29,2024-11-06,2,Cash,4839.32
8974,384,79,2025-12-31,4,Cash,17994.44
8975,391,70,2025-08-23,1,UPI,3142.45
8976,896,48,2025-04-29,4,Debit Card,10734.4
8977,799,15,2024-01-15,2,Credit Card,6697.48
8978,688,84,2025-11-18,4,UPI,8080.44
8979,126,34,2024-01-04,4,UPI,5087.52
8980,494,60,2025-01-10,1,Debit Card,4659.97
8981,47,62,2025-01-03,3,Credit Card,3684.69
8982,718,2,2025-04-09,1,Cash,2919.24
8983,476,80,2025-06-16,4,Cash,13617.24
8984,949,19,2025-12-20,4,UPI,11120.48
8985,619,98,2024-05-16,3,UPI,508.59000000000003
8986,464,49,2024-12-28,3,UPI,13624.380000000001
8987,787,78,2024-08-03,1,UPI,2458.53
8988,849,88,2025-01-02,3,UPI,7624.08
8989,123,28,2024-04-26,1,Cash,3056.13
8990,474,48,2024-06-27,2,UPI,5367.2
8991,134,96,2024-09-02,4,Credit Card,4593.56
8992,619,37,2024-05-07,3,Debit Card,9775.5
8993,817,74,2024-12-23,2,Cash,1967.02
8994,841,49,2024-03-18,2,Debit Card,9082.92
8995,562,48,2024-10-19,1,Debit Card,2683.6
8996,849,73,2024-03-22,1,UPI,2779.61
8997,607,88,2024-12-07,3,Debit Card,7624.08
8998,780,100,2024-12-03,1,Credit Card,3687.4
8999,23,29,2025-07-31,2,UPI,4839.32
9000,566,60,2024-04-05,2,Cash,9319.94
9001,886,29,2024-05-24,4,Credit Card,9678.64
9002,766,58,2025-07-30,2,Cash,6962.0
9003,965,48,2025-06-04,3,UPI,8050.799999999999
9004,235,23,2025-01-31,4,UPI,4459.08
9005,996,27,2024-12-22,1,Cash,4693.15
9006,59,95,2024-07-04,4,Debit Card,3851.48
9007,164,7,2025-10-31,2,Cash,4467.98
9008,771,49,2025-06-26,3,Credit Card,13624.380000000001
9009,826,54,2024-05-30,1,Debit Card,1752.97
9010,216,68,2024-11-14,1,UPI,4750.45
9011,183,78,2025-10-29,2,Credit Card,4917.06
9012,569,42,2024-02-28,3,Credit Card,9410.099999999999
9013,657,74,2024-01-10,2,UPI,1967.02
9014,935,59,2024-05-03,2,Debit Card,6962.94
9015,90,44,2024-12-21,3,UPI,12753.75
9016,964,98,2024-12-11,2,Credit Card,339.06
9017,311,26,2024-08-24,3,Credit Card,10738.98
9018,557,23,2024-11-28,3,Credit Card,3344.31
9019,972,73,2024-01-17,2,UPI,5559.22
9020,257,8,2025-02-27,2,Cash,3454.58
9021,533,53,2024-11-19,4,Credit Card,18968.96
9022,979,14,2024-01-23,1,Credit Card,2883.65
9023,533,71,2025-04-03,1,Debit Card,4650.44
9024,52,7,2025-04-04,3,Cash,6701.969999999999
9025,338,9,2025-06-04,4,Debit Card,7099.36
9026,171,3,2025-12-19,3,Credit Card,1422.8700000000001
9027,948,78,2025-07-10,4,Cash,9834.12
9028,67,17,2025-02-24,3,Debit Card,13225.050000000001
9029,625,44,2025-02-06,1,UPI,4251.25
9030,300,86,2024-11-26,4,Debit Card,2534.32
9031,672,46,2025-04-01,2,Cash,2907.12
9032,778,90,2025-04-27,2,Debit Card,9539.6
9033,832,58,2025-05-12,1,Cash,3481.0
9034,232,28,2024-01-27,4,Cash,12224.52
9035,975,14,2025-01-31,2,Debit Card,5767.3
9036,837,9,2024-07-06,2,Debit Card,3549.68
9037,68,26,2024-05-19,2,UPI,7159.32
9038,506,2,2025-06-04,1,Debit Card,2919.24
9039,28,75,2024-04-01,3,Cash,7041.39
9040,949,81,2024-03-17,2,Credit Card,1542.6
9041,628,34,2024-08-31,2,Debit Card,2543.76
9042,51,19,2025-10-28,3,Debit Card,8340.36
9043,693,39,2025-12-30,2,Cash,7813.9
9044,260,82,2025-10-23,4,Credit Card,19901.64
9045,591,13,2024-03-28,2,UPI,5792.36
9046,785,5,2025-09-09,3,Credit Card,5705.67
9047,620,50,2024-10-20,1,Cash,903.02
9048,963,23,2024-04-04,1,Cash,1114.77
9049,586,88,2024-09-09,4,Cash,10165.44
9050,687,29,2025-07-04,2,Cash,4839.32
9051,184,72,2025-02-02,2,Credit Card,7656.38
9052,23,26,2024-02-23,3,Credit Card,10738.98
9053,786,79,2024-08-30,3,Credit Card,13495.829999999998
9054,129,57,2024-04-19,4,Debit Card,1588.32
9055,291,1,2025-09-15,4,Cash,17199.72
9056,832,28,2025-11-16,2,Debit Card,6112.26
9057,501,62,2025-12-01,2,Debit Card,2456.46
9058,186,47,2024-08-08,4,Debit Card,19640.4
9059,479,78,2025-07-17,1,UPI,2458.53
9060,571,98,2024-06-10,1,Debit Card,169.53
9061,492,59,2024-02-04,1,Cash,3481.47
9062,513,31,2024-02-06,1,Debit Card,3391.05
9063,643,70,2025-09-14,4,Cash,12569.8
9064,67,49,2025-01-04,3,UPI,13624.380000000001
9065,805,5,2024-06-25,1,Credit Card,1901.89
9066,467,31,2025-06-04,4,Cash,13564.2
9067,285,37,2024-10-01,1,Debit Card,3258.5
9068,601,79,2025-09-24,2,Cash,8997.22
9069,417,15,2024-04-14,1,Debit Card,3348.74
9070,100,52,2024-06-04,4,Credit Card,16273.24
9071,189,69,2024-12-01,2,Cash,9630.64
9072,989,92,2024-01-26,2,Debit Card,2347.36
9073,890,97,2024-10-22,1,Cash,163.84
9074,858,11,2025-06-20,1,Credit Card,1193.99
9075,388,43,2024-12-20,2,Credit Card,8981.54
9076,241,70,2024-03-09,3,Credit Card,9427.349999999999
9077,782,23,2024-11-22,4,Cash,4459.08
9078,731,40,2024-05-30,4,Cash,4417.64
9079,417,63,2025-07-30,4,Debit Card,1273.44
9080,918,2,2025-10-23,4,Credit Card,11676.96
9081,176,79,2024-11-15,4,Debit Card,17994.44
9082,387,87,2025-03-27,2,Cash,6438.08
9083,471,86,2025-07-23,4,UPI,2534.32
9084,853,73,2025-10-29,3,Credit Card,8338.83
9085,233,47,2024-04-21,3,Debit Card,14730.300000000001
9086,663,30,2025-09-26,1,Credit Card,392.61
9087,452,16,2025-04-06,1,Debit Card,2787.07
9088,277,59,2024-12-27,1,Debit Card,3481.47
9089,229,47,2024-07-21,1,UPI,4910.1
9090,171,30,2025-05-01,2,Cash,785.22
9091,735,9,2025-04-24,3,Credit Card,5324.5199999999995
9092,213,65,2024-01-04,2,Cash,3158.78
9093,282,59,2024-05-08,3,Debit Card,10444.41
9094,41,64,2024-01-26,2,Cash,4273.3
9095,122,8,2024-01-27,3,UPI,5181.87
9096,227,52,2024-02-11,1,Cash,4068.31
9097,294,18,2025-08-05,3,Debit Card,10231.02
9098,600,91,2024-03-04,1,Debit Card,2660.44
9099,267,82,2024-01-25,3,UPI,14926.23
9100,541,96,2024-03-12,2,Credit Card,2296.78
9101,759,58,2025-04-26,4,UPI,13924.0
9102,828,49,2024-09-24,3,Credit Card,13624.380000000001
9103,451,32,2024-04-04,2,Debit Card,5905.64
9104,449,48,2025-01-29,4,Cash,10734.4
9105,756,45,2024-12-29,2,Debit Card,3288.44
9106,61,54,2024-11-10,4,UPI,7011.88
9107,502,100,2024-04-26,1,UPI,3687.4
9108,147,100,2024-06-12,3,Cash,11062.2
9109,686,85,2025-07-30,2,UPI,6659.32
9110,945,46,2024-11-01,3,Debit Card,4360.68
9111,790,96,2024-07-18,1,Cash,1148.39
9112,334,31,2024-06-28,1,Credit Card,3391.05
9113,881,37,2024-12-23,3,UPI,9775.5
9114,953,16,2024-09-08,2,Credit Card,5574.14
9115,891,46,2024-10-25,2,Cash,2907.12
9116,142,46,2025-03-05,2,UPI,2907.12
9117,44,78,2024-01-04,3,Cash,7375.59
9118,144,88,2025-10-14,2,UPI,5082.72
9119,865,89,2025-11-08,2,UPI,4185.4
9120,333,61,2024-09-10,4,UPI,10147.32
9121,998,46,2025-10-26,2,Cash,2907.12
9122,497,51,2025-08-01,1,Cash,3249.81
9123,396,62,2025-07-20,2,Debit Card,2456.46
9124,55,35,2024-04-05,3,Debit Card,8101.83
9125,307,81,2024-06-15,3,Cash,2313.8999999999996
9126,870,42,2024-11-26,2,Cash,6273.4
9127,423,45,2024-03-02,3,UPI,4932.66
9128,417,68,2024-06-22,3,Debit Card,14251.349999999999
9129,673,75,2024-09-09,2,Debit Card,4694.26
9130,797,47,2025-04-05,4,Cash,19640.4
9131,325,79,2025-09-15,4,Debit Card,17994.44
9132,710,30,2024-08-02,4,Cash,1570.44
9133,671,24,2024-08-26,4,Debit Card,3385.64
9134,80,66,2025-02-18,1,Credit Card,3829.33
9135,31,43,2025-11-05,2,Credit Card,8981.54
9136,985,34,2024-05-05,3,Debit Card,3815.6400000000003
9137,112,23,2024-09-09,3,Cash,3344.31
9138,558,61,2025-12-11,2,Credit Card,5073.66
9139,865,95,2024-07-15,3,UPI,2888.61
9140,717,37,2025-09-25,1,Cash,3258.5
9141,564,13,2025-02-16,4,Credit Card,11584.72
9142,650,97,2025-03-31,2,UPI,327.68
9143,472,71,2024-02-23,3,Credit Card,13951.32
9144,74,96,2025-10-08,1,Credit Card,1148.39
9145,553,7,2024-12-04,3,UPI,6701.969999999999
9146,479,42,2024-12-24,1,UPI,3136.7
9147,589,38,2024-05-30,3,Debit Card,8551.02
9148,387,52,2024-04-09,4,Credit Card,16273.24
9149,699,44,2024-08-21,2,UPI,8502.5
9150,882,64,2025-06-27,4,Debit Card,8546.6
9151,564,13,2024-03-02,4,UPI,11584.72
9152,930,88,2024-07-14,3,Debit Card,7624.08
9153,433,28,2025-06-25,4,Debit Card,12224.52
9154,412,96,2024-04-15,2,UPI,2296.78
9155,467,82,2024-10-21,1,UPI,4975.41
9156,599,98,2025-10-06,1,Credit Card,169.53
9157,621,98,2025-03-26,3,Credit Card,508.59000000000003
9158,992,1,2025-06-17,2,Debit Card,8599.86
9159,909,43,2024-06-04,2,UPI,8981.54
9160,737,42,2025-02-09,1,Credit Card,3136.7
9161,994,95,2025-12-26,1,Debit Card,962.87
9162,993,50,2025-11-13,4,Credit Card,3612.08
9163,248,60,2025-07-07,3,Debit Card,13979.91
9164,581,1,2025-07-25,1,Credit Card,4299.93
9165,120,51,2025-01-09,1,UPI,3249.81
9166,67,16,2025-08-11,2,Cash,5574.14
9167,573,39,2025-03-30,2,Cash,7813.9
9168,956,15,2024-07-20,2,Debit Card,6697.48
9169,327,33,2025-03-27,1,Cash,4952.02
9170,920,87,2024-07-05,3,Cash,9657.119999999999
9171,703,53,2025-08-30,4,Debit Card,18968.96
9172,470,98,2025-12-24,3,Cash,508.59000000000003
9173,493,17,2025-01-02,1,Credit Card,4408.35
9174,701,89,2024-12-05,4,Credit Card,8370.8
9175,663,6,2024-09-18,3,Credit Card,2971.56
9176,286,31,2025-08-11,1,UPI,3391.05
9177,956,69,2025-06-26,3,Credit Card,14445.96
9178,914,40,2025-07-04,1,Cash,1104.41
9179,608,30,2024-11-01,2,Cash,785.22
9180,312,69,2025-12-26,3,Credit Card,14445.96
9181,309,76,2025-09-29,2,UPI,5696.56
9182,775,7,2024-06-13,2,Credit Card,4467.98
9183,97,13,2025-09-12,4,UPI,11584.72
9184,965,4,2024-03-28,4,UPI,7898.56
9185,113,50,2024-07-18,3,Credit Card,2709.06
9186,988,3,2024-09-27,1,UPI,474.29
9187,637,12,2024-02-20,4,Cash,12980.44
9188,456,65,2025-05-03,4,Credit Card,6317.56
9189,463,27,2024-07-16,2,Cash,9386.3
9190,948,50,2024-01-23,2,UPI,1806.04
9191,132,77,2025-10-26,1,Debit Card,4333.41
9192,930,17,2024-08-10,4,Credit Card,17633.4
9193,965,72,2024-08-08,4,Debit Card,15312.76
9194,929,32,2025-10-24,1,Debit Card,2952.82
9195,121,84,2024-09-22,4,Debit Card,8080.44
9196,197,51,2024-03-13,3,Debit Card,9749.43
9197,806,17,2024-03-17,3,Cash,13225.050000000001
9198,482,34,2025-06-27,1,Credit Card,1271.88
9199,634,35,2025-03-10,2,Cash,5401.22
9200,794,99,2024-03-05,1,UPI,4164.02
9201,897,24,2024-12-22,3,Credit Card,2539.23
9202,772,54,2024-01-18,4,Credit Card,7011.88
9203,39,18,2025-11-06,4,Cash,13641.36
9204,566,50,2025-07-19,2,UPI,1806.04
9205,512,46,2025-07-28,2,Debit Card,2907.12
9206,474,48,2025-03-11,3,UPI,8050.799999999999
9207,161,33,2025-03-16,2,Cash,9904.04
9208,289,87,2024-01-09,1,Cash,3219.04
9209,200,89,2025-04-14,3,Cash,6278.099999999999
9210,788,27,2025-09-23,4,Debit Card,18772.6
9211,528,1,2024-12-13,4,Credit Card,17199.72
9212,917,85,2025-08-24,4,UPI,13318.64
9213,685,59,2025-01-06,2,UPI,6962.94
9214,503,10,2024-06-23,3,Debit Card,11163.69
9215,248,95,2025-05-29,2,Cash,1925.74
9216,383,25,2024-05-09,1,UPI,4507.33
9217,218,84,2025-07-19,3,Credit Card,6060.33
9218,87,57,2024-10-19,2,UPI,794.16
9219,82,66,2025-11-26,4,Cash,15317.32
9220,62,15,2024-12-18,4,UPI,13394.96
9221,799,28,2024-08-11,1,Cash,3056.13
9222,500,13,2025-06-07,1,Credit Card,2896.18
9223,42,14,2025-12-07,1,Debit Card,2883.65
9224,12,66,2025-05-23,4,Cash,15317.32
9225,833,34,2025-01-02,2,Cash,2543.76
9226,746,99,2025-10-27,4,UPI,16656.08
9227,841,25,2025-08-12,4,Debit Card,18029.32
9228,643,54,2025-10-13,4,Cash,7011.88
9229,115,79,2025-05-14,2,UPI,8997.22
9230,218,12,2024-03-30,4,Credit Card,12980.44
9231,649,9,2025-10-17,1,Debit Card,1774.84
9232,106,31,2024-03-12,1,UPI,3391.05
9233,691,78,2025-03-08,1,Debit Card,2458.53
9234,528,93,2025-11-19,1,Cash,2348.92
9235,472,53,2024-12-13,4,UPI,18968.96
9236,754,43,2024-09-19,4,Credit Card,17963.08
9237,846,38,2024-09-27,4,Credit Card,11401.36
9238,893,42,2025-05-23,1,UPI,3136.7
9239,387,72,2025-05-22,2,UPI,7656.38
9240,226,48,2025-09-08,3,Debit Card,8050.799999999999
9241,481,67,2025-02-23,3,UPI,5507.7300000000005
9242,754,66,2024-03-12,3,Debit Card,11487.99
9243,408,16,2024-03-14,2,Cash,5574.14
9244,457,83,2025-10-16,4,UPI,10733.76
9245,653,94,2025-05-17,3,Cash,13815.0
9246,898,16,2025-07-27,3,Credit Card,8361.210000000001
9247,711,31,2024-05-25,4,Debit Card,13564.2
9248,624,58,2024-02-15,3,Debit Card,10443.0
9249,639,28,2024-04-14,4,Credit Card,12224.52
9250,21,4,2024-04-18,3,Cash,5923.92
9251,659,10,2024-11-12,4,Debit Card,14884.92
9252,601,51,2024-04-30,1,Credit Card,3249.81
9253,815,18,2025-05-13,2,Credit Card,6820.68
9254,918,47,2024-02-12,3,Credit Card,14730.300000000001
9255,203,32,2024-04-08,4,UPI,11811.28
9256,417,30,2025-12-06,1,Cash,392.61
9257,416,36,2024-11-06,4,Credit Card,13158.76
9258,448,9,2024-08-01,3,Cash,5324.5199999999995
9259,512,36,2025-04-07,3,Debit Card,9869.07
9260,85,29,2025-02-26,3,UPI,7258.98
9261,167,16,2025-01-23,3,Credit Card,8361.210000000001
9262,384,92,2025-11-27,3,Credit Card,3521.04
9263,468,21,2024-04-21,1,Credit Card,3070.12
9264,72,64,2024-09-28,4,Debit Card,8546.6
9265,810,66,2024-04-11,4,UPI,15317.32
9266,997,59,2024-07-28,3,Cash,10444.41
9267,521,99,2024-01-22,4,Cash,16656.08
9268,793,28,2024-06-07,1,Cash,3056.13
9269,473,55,2024-12-08,3,Cash,10957.23
9270,993,100,2025-02-03,2,Cash,7374.8
9271,258,31,2025-03-29,1,Cash,3391.05
9272,275,33,2025-11-29,3,Cash,14856.060000000001
9273,750,87,2024-05-22,4,UPI,12876.16
9274,20,60,2025-01-31,1,UPI,4659.97
9275,490,41,2025-06-19,3,Debit Card,10966.710000000001
9276,745,81,2024-05-20,4,Credit Card,3085.2
9277,490,46,2024-08-27,4,UPI,5814.24
9278,733,49,2024-10-18,3,Credit Card,13624.380000000001
9279,326,65,2024-03-22,1,Debit Card,1579.39
9280,529,42,2025-07-13,3,UPI,9410.099999999999
9281,892,23,2024-06-19,3,Debit Card,3344.31
9282,89,27,2025-08-02,3,UPI,14079.449999999999
9283,486,89,2025-06-09,3,UPI,6278.099999999999
9284,708,32,2025-06-25,3,Cash,8858.460000000001
9285,350,83,2024-04-19,4,Credit Card,10733.76
9286,84,88,2024-07-30,3,Debit Card,7624.08
9287,387,3,2025-03-13,1,Cash,474.29
9288,87,60,2024-11-17,2,UPI,9319.94
9289,307,76,2025-12-14,3,UPI,8544.84
9290,850,99,2024-03-24,1,Debit Card,4164.02
9291,154,79,2025-01-10,2,Credit Card,8997.22
9292,440,17,2024-02-22,1,Debit Card,4408.35
9293,740,32,2025-05-10,4,UPI,11811.28
9294,960,7,2024-09-12,4,Cash,8935.96
9295,264,83,2025-08-08,2,Debit Card,5366.88
9296,977,71,2024-08-07,2,Cash,9300.88
9297,735,69,2025-10-16,2,Credit Card,9630.64
9298,421,58,2024-04-09,4,Credit Card,13924.0
9299,493,40,2024-05-08,4,Cash,4417.64
9300,633,85,2024-08-06,1,Credit Card,3329.66
9301,993,48,2025-04-21,4,Cash,10734.4
9302,411,51,2025-04-02,2,Cash,6499.62
9303,173,57,2024-01-22,3,Cash,1191.24
9304,4,71,2025-11-20,3,Credit Card,13951.32
9305,854,37,2025-07-13,2,Cash,6517.0
9306,640,87,2025-09-20,4,Credit Card,12876.16
9307,986,75,2024-11-24,2,Cash,4694.26
9308,992,74,2025-11-21,4,Cash,3934.04
9309,472,85,2025-04-24,3,Credit Card,9988.98
9310,110,55,2024-12-04,1,Cash,3652.41
9311,867,41,2024-06-27,4,Cash,14622.28
9312,37,97,2025-02-24,1,Credit Card,163.84
9313,992,20,2025-04-26,3,UPI,12497.52
9314,583,33,2024-02-18,1,Debit Card,4952.02
9315,801,40,2024-01-30,1,Credit Card,1104.41
9316,31,99,2024-03-25,2,Cash,8328.04
9317,951,34,2025-05-16,1,Debit Card,1271.88
9318,381,62,2025-06-29,3,Debit Card,3684.69
9319,268,100,2024-11-24,4,Cash,14749.6
9320,11,91,2025-09-01,1,Cash,2660.44
9321,344,19,2025-03-09,4,UPI,11120.48
9322,840,43,2025-08-10,2,Cash,8981.54
9323,544,69,2025-11-17,3,Debit Card,14445.96
9324,569,63,2024-09-05,3,Cash,955.08
9325,166,93,2024-05-13,4,Debit Card,9395.68
9326,700,10,2025-11-20,3,Credit Card,11163.69
9327,342,13,2024-12-30,2,Credit Card,5792.36
9328,482,93,2025-07-28,4,Debit Card,9395.68
9329,19,5,2025-02-28,3,Credit Card,5705.67
9330,628,58,2025-02-18,2,UPI,6962.0
9331,980,59,2025-10-17,2,Debit Card,6962.94
9332,184,76,2025-05-26,1,Debit Card,2848.28
9333,782,59,2025-01-19,3,Cash,10444.41
9334,545,77,2025-01-22,4,UPI,17333.64
9335,10,86,2025-03-24,1,Cash,633.58
9336,592,15,2025-07-17,4,UPI,13394.96
9337,192,77,2024-10-29,1,UPI,4333.41
9338,320,1,2024-04-08,2,UPI,8599.86
9339,702,38,2024-11-01,1,Debit Card,2850.34
9340,580,53,2025-07-10,1,Credit Card,4742.24
9341,475,52,2024-02-11,1,Credit Card,4068.31
9342,860,1,2025-04-12,3,Cash,12899.79
9343,637,11,2025-03-15,1,Cash,1193.99
9344,427,58,2024-11-22,2,Credit Card,6962.0
9345,848,40,2025-07-22,4,Credit Card,4417.64
9346,59,86,2024-02-02,3,UPI,1900.7400000000002
9347,436,99,2025-02-15,2,Cash,8328.04
9348,97,60,2025-09-17,3,Cash,13979.91
9349,496,44,2024-04-23,4,Cash,17005.0
9350,787,6,2025-05-22,4,Cash,3962.08
9351,661,28,2024-02-25,4,Credit Card,12224.52
9352,278,31,2025-07-09,3,Credit Card,10173.150000000001
9353,265,8,2025-12-24,3,Debit Card,5181.87
9354,9,5,2024-12-17,4,Debit Card,7607.56
9355,457,54,2024-11-24,4,Credit Card,7011.88
9356,795,17,2025-06-29,2,UPI,8816.7
9357,273,38,2024-09-26,4,Credit Card,11401.36
9358,940,9,2024-07-14,1,UPI,1774.84
9359,813,74,2025-02-16,3,Cash,2950.5299999999997
9360,8,84,2025-09-28,2,Debit Card,4040.22
9361,208,78,2024-03-19,3,UPI,7375.59
9362,914,14,2025-10-18,4,Cash,11534.6
9363,637,26,2024-03-23,1,Credit Card,3579.66
9364,123,93,2024-05-16,4,Debit Card,9395.68
9365,33,62,2025-06-22,3,Credit Card,3684.69
9366,513,91,2025-11-19,2,Cash,5320.88
9367,204,25,2025-12-19,3,Cash,13521.99
9368,518,80,2024-11-01,2,Credit Card,6808.62
9369,809,36,2024-11-06,1,Cash,3289.69
9370,951,98,2025-01-22,4,Cash,678.12
9371,517,80,2025-12-25,4,UPI,13617.24
9372,443,33,2025-07-02,1,Credit Card,4952.02
9373,592,3,2025-05-20,3,Credit Card,1422.8700000000001
9374,786,87,2025-01-22,1,Debit Card,3219.04
9375,689,11,2024-10-19,4,UPI,4775.96
9376,850,58,2024-06-27,2,UPI,6962.0
9377,833,64,2025-11-02,4,Cash,8546.6
9378,339,18,2025-03-04,3,Debit Card,10231.02
9379,438,47,2025-06-07,2,Debit Card,9820.2
9380,445,44,2025-11-11,3,UPI,12753.75
9381,136,93,2024-11-07,4,Debit Card,9395.68
9382,387,59,2024-03-20,4,UPI,13925.88
9383,25,50,2024-01-14,2,Debit Card,1806.04
9384,506,69,2024-02-23,3,UPI,14445.96
9385,325,88,2025-03-22,2,UPI,5082.72
9386,695,29,2024-03-05,2,Cash,4839.32
9387,680,93,2025-01-06,3,Cash,7046.76
9388,979,90,2025-05-17,2,Debit Card,9539.6
9389,338,67,2025-07-23,1,Cash,1835.91
9390,690,2,2024-04-05,2,Credit Card,5838.48
9391,885,25,2025-06-16,4,Credit Card,18029.32
9392,95,19,2024-09-16,3,Debit Card,8340.36
9393,545,40,2025-08-07,4,UPI,4417.64
9394,623,2,2024-09-04,1,Cash,2919.24
9395,146,83,2024-05-06,1,Debit Card,2683.44
9396,893,65,2025-05-13,2,Credit Card,3158.78
9397,953,62,2024-02-15,4,UPI,4912.92
9398,231,91,2024-09-24,2,Cash,5320.88
9399,784,54,2025-10-01,2,UPI,3505.94
9400,848,45,2025-06-25,4,UPI,6576.88
9401,495,49,2024-04-03,1,Cash,4541.46
9402,38,99,2024-11-11,1,Cash,4164.02
9403,425,69,2025-09-03,1,Credit Card,4815.32
9404,647,38,2024-03-11,3,Credit Card,8551.02
9405,846,4,2025-08-15,3,UPI,5923.92
9406,747,17,2025-03-24,2,UPI,8816.7
9407,437,53,2025-01-01,3,Credit Card,14226.72
9408,831,85,2025-09-11,3,Credit Card,9988.98
9409,368,53,2025-09-05,4,UPI,18968.96
9410,345,31,2025-02-13,2,Debit Card,6782.1
9411,160,22,2024-03-31,2,Debit Card,3053.22
9412,550,11,2025-05-23,4,Debit Card,4775.96
9413,662,34,2025-06-11,1,Cash,1271.88
9414,912,15,2024-04-19,4,Credit Card,13394.96
9415,820,10,2025-11-02,1,Debit Card,3721.23
9416,541,96,2024-03-29,2,Debit Card,2296.78
9417,144,53,2025-08-29,2,Credit Card,9484.48
9418,588,48,2024-09-28,3,Cash,8050.799999999999
9419,657,31,2024-09-03,3,Debit Card,10173.150000000001
9420,741,37,2024-12-26,4,Cash,13034.0
9421,576,28,2025-01-12,3,Cash,9168.39
9422,859,31,2024-07-24,2,UPI,6782.1
9423,345,70,2024-12-10,2,Credit Card,6284.9
9424,269,14,2025-03-30,1,UPI,2883.65
9425,840,87,2024-03-07,3,Debit Card,9657.119999999999
9426,696,16,2025-07-11,1,UPI,2787.07
9427,773,25,2024-02-12,2,Credit Card,9014.66
9428,268,39,2024-08-16,3,Cash,11720.849999999999
9429,169,66,2025-03-19,1,Cash,3829.33
9430,771,38,2024-08-21,2,Debit Card,5700.68
9431,739,41,2024-07-17,1,Credit Card,3655.57
9432,33,98,2025-05-11,3,Cash,508.59000000000003
9433,377,40,2024-02-01,1,Debit Card,1104.41
9434,214,64,2024-09-20,1,Credit Card,2136.65
9435,562,89,2024-04-22,2,Credit Card,4185.4
9436,440,100,2025-04-03,3,UPI,11062.2
9437,492,16,2024-10-02,4,Cash,11148.28
9438,393,82,2024-05-25,4,Credit Card,19901.64
9439,489,77,2024-12-22,1,Cash,4333.41
9440,722,59,2024-01-06,2,Cash,6962.94
9441,946,91,2024-12-05,3,Credit Card,7981.32
9442,29,98,2025-05-08,2,Cash,339.06
9443,39,11,2024-04-17,3,UPI,3581.9700000000003
9444,859,1,2024-03-11,2,Debit Card,8599.86
9445,612,13,2024-12-05,4,Debit Card,11584.72
9446,173,30,2025-11-04,4,Credit Card,1570.44
9447,17,69,2024-04-09,4,UPI,19261.28
9448,56,18,2024-11-22,2,Debit Card,6820.68
9449,226,78,2024-02-02,2,UPI,4917.06
9450,558,13,2024-05-22,1,Credit Card,2896.18
9451,67,32,2024-08-31,4,UPI,11811.28
9452,197,71,2025-12-26,1,Credit Card,4650.44
9453,654,72,2025-09-23,2,Debit Card,7656.38
9454,835,50,2025-11-10,3,Debit Card,2709.06
9455,23,71,2024-08-04,4,Debit Card,18601.76
9456,999,80,2025-03-09,4,Debit Card,13617.24
9457,606,31,2025-12-29,4,Cash,13564.2
9458,754,51,2024-02-23,4,UPI,12999.24
9459,237,27,2025-12-20,4,UPI,18772.6
9460,957,60,2025-08-14,2,UPI,9319.94
9461,919,33,2024-05-30,4,Credit Card,19808.08
9462,923,53,2024-02-24,4,Debit Card,18968.96
9463,566,93,2025-05-31,1,Debit Card,2348.92
9464,138,72,2025-03-23,3,Cash,11484.57
9465,473,33,2024-02-04,4,Cash,19808.08
9466,845,41,2024-04-28,1,Debit Card,3655.57
9467,784,19,2024-07-15,2,UPI,5560.24
9468,553,85,2025-07-19,1,UPI,3329.66
9469,610,41,2025-05-28,4,Debit Card,14622.28
9470,695,85,2025-08-16,1,Credit Card,3329.66
9471,640,89,2025-02-25,1,UPI,2092.7
9472,229,42,2025-05-31,2,Debit Card,6273.4
9473,317,23,2025-11-16,1,Debit Card,1114.77
9474,598,75,2024-05-18,2,Cash,4694.26
9475,768,33,2025-12-05,2,Cash,9904.04
9476,721,20,2025-10-11,1,Debit Card,4165.84
9477,727,25,2025-09-19,4,Credit Card,18029.32
9478,886,90,2024-02-13,3,Debit Card,14309.400000000001
9479,612,52,2024-08-06,1,UPI,4068.31
9480,561,12,2025-07-21,1,Credit Card,3245.11
9481,201,32,2024-09-14,1,Credit Card,2952.82
9482,948,33,2025-05-27,3,Cash,14856.060000000001
9483,258,74,2025-01-11,3,Debit Card,2950.5299999999997
9484,480,68,2024-10-15,2,Cash,9500.9
9485,888,15,2025-04-14,3,UPI,10046.22
9486,178,51,2024-04-12,3,Cash,9749.43
9487,757,6,2024-05-28,1,UPI,990.52
9488,123,91,2024-03-24,2,Debit Card,5320.88
9489,342,69,2024-01-26,4,Debit Card,19261.28
9490,171,69,2024-06-23,2,Cash,9630.64
9491,845,82,2025-10-02,3,Cash,14926.23
9492,648,92,2025-02-25,3,Cash,3521.04
9493,59,35,2025-10-15,1,UPI,2700.61
9494,705,86,2024-12-11,4,Credit Card,2534.32
9495,465,34,2024-10-28,4,Credit Card,5087.52
9496,780,63,2024-10-24,4,Cash,1273.44
9497,260,68,2024-05-14,3,Cash,14251.349999999999
9498,373,18,2024-02-24,3,Debit Card,10231.02
9499,973,26,2024-02-25,2,Cash,7159.32
9500,95,86,2025-01-08,3,Debit Card,1900.7400000000002
9501,125,97,2025-08-10,4,UPI,655.36
9502,41,61,2024-12-04,4,UPI,10147.32
9503,891,78,2025-04-01,4,UPI,9834.12
9504,254,95,2024-12-20,1,UPI,962.87
9505,7,74,2024-05-11,2,Cash,1967.02
9506,471,88,2025-05-07,2,Cash,5082.72
9507,728,85,2025-07-07,3,Debit Card,9988.98
9508,511,48,2024-04-19,1,Cash,2683.6
9509,581,72,2025-08-04,2,Debit Card,7656.38
9510,69,96,2024-05-05,1,UPI,1148.39
9511,81,31,2024-10-22,1,Debit Card,3391.05
9512,542,34,2024-06-27,3,Debit Card,3815.6400000000003
9513,585,87,2024-07-15,1,Cash,3219.04
9514,262,89,2024-04-10,2,UPI,4185.4
9515,89,7,2025-07-26,3,Credit Card,6701.969999999999
9516,915,83,2024-07-01,2,Cash,5366.88
9517,208,7,2024-01-09,1,Cash,2233.99
9518,213,47,2025-02-16,1,Credit Card,4910.1
9519,834,8,2025-12-18,4,UPI,6909.16
9520,266,78,2025-07-19,3,Credit Card,7375.59
9521,912,1,2025-11-22,3,Debit Card,12899.79
9522,293,77,2024-04-13,4,Credit Card,17333.64
9523,207,3,2024-05-05,2,UPI,948.58
9524,333,53,2025-06-29,2,UPI,9484.48
9525,77,92,2025-11-07,1,Credit Card,1173.68
9526,288,38,2024-09-26,3,Cash,8551.02
9527,47,51,2025-04-10,1,Credit Card,3249.81
9528,622,15,2024-04-27,4,Debit Card,13394.96
9529,200,100,2024-04-01,1,Credit Card,3687.4
9530,427,67,2025-09-03,2,Credit Card,3671.82
9531,210,64,2025-04-29,2,Credit Card,4273.3
9532,888,68,2024-03-27,4,Debit Card,19001.8
9533,420,5,2024-08-21,2,Credit Card,3803.78
9534,154,90,2024-05-03,4,Cash,19079.2
9535,522,89,2024-07-21,3,Debit Card,6278.099999999999
9536,415,10,2024-02-01,4,Cash,14884.92
9537,353,8,2024-12-22,4,Debit Card,6909.16
9538,157,12,2025-04-07,4,UPI,12980.44
9539,261,64,2025-07-04,2,UPI,4273.3
9540,77,59,2024-04-03,3,Debit Card,10444.41
9541,769,67,2025-06-05,1,Debit Card,1835.91
9542,983,91,2025-12-27,3,Debit Card,7981.32
9543,488,50,2025-02-11,2,UPI,1806.04
9544,131,23,2024-04-09,3,Debit Card,3344.31
9545,579,40,2024-08-31,3,UPI,3313.2300000000005
9546,455,97,2024-02-27,4,UPI,655.36
9547,740,78,2024-12-22,4,Debit Card,9834.12
9548,163,87,2025-05-05,2,Debit Card,6438.08
9549,15,95,2024-11-15,4,Debit Card,3851.48
9550,232,77,2024-01-19,2,UPI,8666.82
9551,195,76,2024-12-22,1,Credit Card,2848.28
9552,861,99,2024-04-26,3,Debit Card,12492.060000000001
9553,542,18,2024-05-15,1,Credit Card,3410.34
9554,359,21,2024-10-22,1,Credit Card,3070.12
9555,850,1,2025-06-08,3,Credit Card,12899.79
9556,331,38,2024-04-10,4,Cash,11401.36
9557,427,41,2025-01-14,1,Credit Card,3655.57
9558,497,42,2024-06-03,3,Credit Card,9410.099999999999
9559,828,9,2025-08-16,1,UPI,1774.84
9560,486,23,2025-08-22,1,Cash,1114.77
9561,808,78,2024-04-14,3,UPI,7375.59
9562,449,11,2025-10-03,4,UPI,4775.96
9563,413,71,2025-06-09,2,Credit Card,9300.88
9564,330,31,2024-05-07,3,UPI,10173.150000000001
9565,732,88,2025-02-04,2,Debit Card,5082.72
9566,889,26,2025-07-25,3,Credit Card,10738.98
9567,991,30,2025-06-12,3,Debit Card,1177.83
9568,147,34,2025-07-10,2,Credit Card,2543.76
9569,259,46,2025-07-03,2,Credit Card,2907.12
9570,292,69,2024-05-03,4,Credit Card,19261.28
9571,811,5,2024-12-25,3,Cash,5705.67
9572,143,61,2024-03-04,3,Credit Card,7610.49
9573,993,83,2025-09-15,3,Debit Card,8050.32
9574,937,38,2024-04-11,4,Credit Card,11401.36
9575,747,28,2025-07-14,2,Credit Card,6112.26
9576,627,26,2024-10-03,3,UPI,10738.98
9577,365,61,2024-08-14,2,Credit Card,5073.66
9578,90,23,2024-01-23,4,Credit Card,4459.08
9579,720,46,2025-11-27,1,Credit Card,1453.56
9580,164,30,2024-03-04,2,Credit Card,785.22
9581,481,67,2024-06-05,4,Credit Card,7343.64
9582,84,92,2025-01-24,1,Credit Card,1173.68
9583,77,33,2024-05-28,3,Cash,14856.060000000001
9584,673,3,2024-12-28,3,Debit Card,1422.8700000000001
9585,517,69,2025-11-11,2,Cash,9630.64
9586,485,83,2025-04-08,1,Debit Card,2683.44
9587,590,42,2025-10-06,4,Cash,12546.8
9588,603,62,2025-02-02,3,Credit Card,3684.69
9589,599,58,2025-02-08,3,Cash,10443.0
9590,782,57,2024-05-11,1,Debit Card,397.08
9591,104,1,2024-07-15,4,UPI,17199.72
9592,452,73,2025-10-08,3,UPI,8338.83
9593,487,60,2024-02-04,3,Credit Card,13979.91
9594,339,69,2025-02-23,2,Credit Card,9630.64
9595,687,59,2025-01-11,4,Debit Card,13925.88
9596,566,46,2025-02-02,3,UPI,4360.68
9597,900,34,2024-08-07,1,Credit Card,1271.88
9598,478,97,2025-11-27,3,Cash,491.52
9599,723,25,2025-05-31,4,Cash,18029.32
9600,607,42,2025-08-05,2,UPI,6273.4
9601,223,29,2024-12-07,3,Debit Card,7258.98
9602,9,25,2025-02-19,1,Credit Card,4507.33
9603,53,54,2025-03-31,3,Credit Card,5258.91
9604,77,73,2024-10-23,1,Credit Card,2779.61
9605,718,67,2024-11-26,4,UPI,7343.64
9606,503,15,2025-12-05,2,Cash,6697.48
9607,316,4,2025-11-10,4,Debit Card,7898.56
9608,814,38,2024-12-04,3,UPI,8551.02
9609,822,20,2024-10-24,3,UPI,12497.52
9610,842,23,2025-11-07,2,Credit Card,2229.54
9611,624,37,2024-11-07,1,Cash,3258.5
9612,863,62,2025-08-05,4,Debit Card,4912.92
9613,165,8,2024-02-24,1,Debit Card,1727.29
9614,279,37,2025-11-24,3,Credit Card,9775.5
9615,27,45,2025-06-17,1,Debit Card,1644.22
9616,70,97,2024-04-14,4,Cash,655.36
9617,218,33,2024-06-23,1,Credit Card,4952.02
9618,962,7,2024-10-20,3,Credit Card,6701.969999999999
9619,365,22,2025-07-04,4,Cash,6106.44
9620,701,5,2025-01-09,1,Debit Card,1901.89
9621,845,15,2025-03-25,1,Cash,3348.74
9622,947,21,2025-03-20,4,Debit Card,12280.48
9623,306,89,2024-02-29,3,Debit Card,6278.099999999999
9624,124,17,2025-01-26,4,Debit Card,17633.4
9625,19,56,2025-01-24,3,Cash,8220.539999999999
9626,257,50,2024-07-30,1,Cash,903.02
9627,296,7,2025-10-28,4,UPI,8935.96
9628,928,50,2025-11-15,3,Cash,2709.06
9629,22,60,2025-06-18,4,Credit Card,18639.88
9630,880,83,2024-08-27,1,Credit Card,2683.44
9631,989,7,2025-05-02,4,Credit Card,8935.96
9632,450,40,2025-12-21,1,Credit Card,1104.41
9633,552,45,2024-05-01,1,UPI,1644.22
9634,550,59,2024-09-09,1,Cash,3481.47
9635,48,88,2024-05-20,3,Cash,7624.08
9636,695,75,2025-03-27,3,Debit Card,7041.39
9637,587,55,2024-06-01,2,Cash,7304.82
9638,721,64,2025-12-26,3,Debit Card,6409.950000000001
9639,183,65,2024-11-03,2,Debit Card,3158.78
9640,435,54,2025-07-13,4,Credit Card,7011.88
9641,107,96,2024-11-12,1,UPI,1148.39
9642,188,40,2025-06-12,3,UPI,3313.2300000000005
9643,776,53,2024-10-22,1,Cash,4742.24
9644,86,44,2024-12-10,2,Debit Card,8502.5
9645,836,63,2025-08-03,3,Credit Card,955.08
9646,843,2,2025-08-19,3,Debit Card,8757.72
9647,456,79,2024-10-08,3,Credit Card,13495.829999999998
9648,137,21,2024-07-26,3,Debit Card,9210.36
9649,858,88,2025-07-05,1,Cash,2541.36
9650,898,50,2024-04-05,3,Cash,2709.06
9651,336,81,2025-03-27,2,Debit Card,1542.6
9652,607,52,2025-01-07,3,UPI,12204.93
9653,838,9,2025-10-09,2,Credit Card,3549.68
9654,757,99,2024-03-13,2,UPI,8328.04
9655,469,20,2025-11-11,1,UPI,4165.84
9656,602,83,2024-11-28,3,Debit Card,8050.32
9657,571,18,2025-01-27,2,Credit Card,6820.68
9658,403,84,2025-12-10,3,Credit Card,6060.33
9659,540,30,2024-04-15,1,Cash,392.61
9660,72,65,2024-04-10,1,Debit Card,1579.39
9661,782,24,2024-12-24,3,Debit Card,2539.23
9662,24,88,2024-11-24,2,Debit Card,5082.72
9663,624,47,2025-09-09,4,Cash,19640.4
9664,812,83,2025-01-29,4,Cash,10733.76
9665,485,94,2024-02-04,1,Credit Card,4605.0
9666,56,90,2024-06-05,2,Cash,9539.6
9667,986,44,2024-09-29,4,Debit Card,17005.0
9668,223,29,2025-01-30,2,Debit Card,4839.32
9669,632,77,2024-07-25,3,UPI,13000.23
9670,179,68,2025-08-27,1,Cash,4750.45
9671,800,17,2025-09-12,3,Debit Card,13225.050000000001
9672,434,97,2024-11-01,3,Debit Card,491.52
9673,937,5,2025-09-17,3,Credit Card,5705.67
9674,450,92,2025-06-19,2,Cash,2347.36
9675,793,88,2025-04-06,4,Debit Card,10165.44
9676,884,81,2024-09-08,3,Credit Card,2313.8999999999996
9677,492,50,2024-09-23,1,UPI,903.02
9678,189,40,2024-07-27,2,UPI,2208.82
9679,578,46,2025-07-20,4,Credit Card,5814.24
9680,810,51,2025-06-22,3,Cash,9749.43
9681,961,11,2025-05-17,1,Debit Card,1193.99
9682,420,12,2025-05-28,3,Cash,9735.33
9683,249,13,2025-08-02,4,Credit Card,11584.72
9684,588,64,2024-05-27,4,Debit Card,8546.6
9685,649,8,2025-10-03,3,Debit Card,5181.87
9686,164,65,2024-03-23,3,Debit Card,4738.17
9687,745,9,2024-02-11,2,Cash,3549.68
9688,255,92,2024-06-04,4,Cash,4694.72
9689,476,2,2025-10-30,4,Credit Card,11676.96
9690,806,78,2025-03-28,3,UPI,7375.59
9691,417,13,2025-09-10,1,Credit Card,2896.18
9692,170,2,2024-10-10,3,Debit Card,8757.72
9693,317,68,2024-07-06,3,Credit Card,14251.349999999999
9694,174,76,2025-09-08,4,UPI,11393.12
9695,470,48,2025-09-15,2,Credit Card,5367.2
9696,345,74,2025-04-18,3,UPI,2950.5299999999997
9697,445,3,2025-05-21,1,UPI,474.29
9698,18,68,2024-05-12,1,Debit Card,4750.45
9699,70,6,2024-09-27,3,UPI,2971.56
9700,338,87,2025-09-13,1,Cash,3219.04
9701,628,5,2024-03-13,1,Credit Card,1901.89
9702,592,3,2025-03-11,3,Credit Card,1422.8700000000001
9703,527,10,2024-10-19,1,Cash,3721.23
9704,688,43,2025-10-16,1,Cash,4490.77
9705,456,19,2025-03-12,3,Debit Card,8340.36
9706,269,14,2025-10-28,4,Credit Card,11534.6
9707,631,21,2025-10-22,2,Cash,6140.24
9708,811,43,2024-02-29,2,Debit Card,8981.54
9709,188,28,2025-08-20,4,Credit Card,12224.52
9710,569,21,2025-12-04,3,Credit Card,9210.36
9711,711,36,2024-11-22,4,Cash,13158.76
9712,529,24,2024-06-30,2,UPI,1692.82
9713,434,54,2025-03-09,2,UPI,3505.94
9714,288,38,2025-06-02,2,Cash,5700.68
9715,918,17,2025-09-29,2,UPI,8816.7
9716,567,22,2024-03-23,3,Credit Card,4579.83
9717,499,83,2024-01-28,2,Debit Card,5366.88
9718,441,45,2024-09-22,2,Debit Card,3288.44
9719,781,74,2024-10-09,3,Cash,2950.5299999999997
9720,303,61,2025-01-31,4,Debit Card,10147.32
9721,87,11,2025-11-30,3,Cash,3581.9700000000003
9722,830,61,2025-01-17,2,UPI,5073.66
9723,438,38,2025-08-03,1,Credit Card,2850.34
9724,541,66,2024-11-14,3,UPI,11487.99
9725,22,33,2025-09-02,3,Cash,14856.060000000001
9726,833,43,2024-07-11,4,Credit Card,17963.08
9727,797,31,2024-08-14,2,Credit Card,6782.1
9728,560,35,2025-03-26,1,Credit Card,2700.61
9729,517,37,2024-06-30,3,UPI,9775.5
9730,762,47,2024-11-22,3,Credit Card,14730.300000000001
9731,675,100,2025-08-27,3,UPI,11062.2
9732,503,23,2025-10-16,1,UPI,1114.77
9733,714,36,2024-07-21,3,Credit Card,9869.07
9734,467,40,2025-02-05,3,Cash,3313.2300000000005
9735,101,90,2025-10-05,1,Credit Card,4769.8
9736,583,89,2025-04-16,3,Credit Card,6278.099999999999
9737,942,81,2025-10-07,1,UPI,771.3
9738,675,15,2024-06-27,4,Credit Card,13394.96
9739,685,37,2025-11-28,1,Cash,3258.5
9740,141,4,2024-01-18,4,Credit Card,7898.56
9741,138,22,2025-04-07,1,Cash,1526.61
9742,578,81,2025-08-31,2,Debit Card,1542.6
9743,710,22,2025-06-29,3,Debit Card,4579.83
9744,840,81,2025-02-06,4,Debit Card,3085.2
9745,228,78,2025-01-27,3,Credit Card,7375.59
9746,281,78,2024-10-26,3,UPI,7375.59
9747,684,17,2024-12-16,1,Cash,4408.35
9748,828,72,2024-07-05,2,Debit Card,7656.38
9749,431,98,2024-12-12,1,Cash,169.53
9750,40,90,2025-09-14,3,UPI,14309.400000000001
9751,519,94,2025-02-12,1,Cash,4605.0
9752,686,86,2024-03-11,4,Cash,2534.32
9753,663,80,2024-11-22,2,Debit Card,6808.62
9754,211,94,2024-07-30,3,Cash,13815.0
9755,302,80,2024-11-04,1,Debit Card,3404.31
9756,86,38,2024-04-17,4,UPI,11401.36
9757,397,24,2024-06-25,2,Debit Card,1692.82
9758,253,100,2025-03-02,1,Cash,3687.4
9759,533,99,2025-06-14,1,UPI,4164.02
9760,769,6,2025-02-21,3,Credit Card,2971.56
9761,891,68,2024-09-04,4,Credit Card,19001.8
9762,915,82,2024-07-27,2,UPI,9950.82
9763,381,6,2024-08-03,1,UPI,990.52
9764,444,26,2025-12-13,2,Cash,7159.32
9765,33,91,2025-03-13,4,Credit Card,10641.76
9766,260,41,2025-09-09,3,UPI,10966.710000000001
9767,234,75,2024-11-06,3,Credit Card,7041.39
9768,515,38,2025-01-17,3,Credit Card,8551.02
9769,859,80,2024-09-27,2,Cash,6808.62
9770,308,83,2024-04-30,2,UPI,5366.88
9771,739,43,2025-02-10,1,Debit Card,4490.77
9772,796,53,2024-09-01,4,UPI,18968.96
9773,70,15,2024-03-06,4,Credit Card,13394.96
9774,454,90,2024-08-15,4,Debit Card,19079.2
9775,439,56,2024-05-16,2,Debit Card,5480.36
9776,825,56,2024-07-12,3,Credit Card,8220.539999999999
9777,364,31,2025-12-06,4,Debit Card,13564.2
9778,983,83,2025-10-19,1,Debit Card,2683.44
9779,766,57,2025-10-18,2,UPI,794.16
9780,481,51,2025-05-03,3,Credit Card,9749.43
9781,144,24,2025-08-06,4,Cash,3385.64
9782,24,58,2024-12-19,3,Debit Card,10443.0
9783,965,73,2025-12-04,1,Credit Card,2779.61
9784,425,87,2025-07-09,4,UPI,12876.16
9785,746,4,2024-06-05,4,UPI,7898.56
9786,845,10,2025-04-20,3,UPI,11163.69
9787,175,63,2024-01-16,2,Debit Card,636.72
9788,844,73,2024-03-18,3,Cash,8338.83
9789,325,83,2024-02-21,1,UPI,2683.44
9790,869,15,2025-05-28,3,Cash,10046.22
9791,671,98,2025-05-18,3,Credit Card,508.59000000000003
9792,860,63,2024-03-01,4,UPI,1273.44
9793,348,19,2024-05-11,2,Debit Card,5560.24
9794,798,63,2025-01-16,2,UPI,636.72
9795,18,56,2025-07-17,2,Debit Card,5480.36
9796,44,21,2025-11-22,2,Credit Card,6140.24
9797,155,34,2025-06-26,3,Cash,3815.6400000000003
9798,867,17,2025-02-13,4,Cash,17633.4
9799,922,18,2024-06-03,4,Cash,13641.36
9800,377,81,2025-09-24,2,UPI,1542.6
9801,743,66,2024-02-20,3,UPI,11487.99
9802,883,51,2024-04-04,2,Credit Card,6499.62
9803,828,65,2025-11-18,2,Cash,3158.78
9804,402,43,2025-06-06,4,Credit Card,17963.08
9805,225,57,2025-06-07,4,Debit Card,1588.32
9806,217,10,2024-12-20,2,UPI,7442.46
9807,568,37,2024-02-14,3,Cash,9775.5
9808,31,48,2024-07-23,2,UPI,5367.2
9809,869,69,2025-12-31,4,Cash,19261.28
9810,59,56,2025-03-06,4,Cash,10960.72
9811,892,76,2024-09-12,3,UPI,8544.84
9812,898,36,2024-09-04,2,UPI,6579.38
9813,353,31,2025-06-16,2,Credit Card,6782.1
9814,935,55,2024-02-10,1,UPI,3652.41
9815,445,38,2025-04-03,2,UPI,5700.68
9816,235,73,2024-10-03,3,UPI,8338.83
9817,107,90,2024-07-13,4,Debit Card,19079.2
9818,191,15,2024-03-11,1,Debit Card,3348.74
9819,992,16,2024-09-26,3,Debit Card,8361.210000000001
9820,530,77,2024-11-30,3,Credit Card,13000.23
9821,913,89,2025-08-07,1,Credit Card,2092.7
9822,738,94,2024-11-03,2,Cash,9210.0
9823,679,53,2025-03-02,1,Credit Card,4742.24
9824,583,56,2024-07-17,3,UPI,8220.539999999999
9825,874,7,2024-03-16,2,Cash,4467.98
9826,566,57,2025-10-19,4,UPI,1588.32
9827,245,55,2025-06-08,1,Cash,3652.41
9828,995,52,2025-10-02,3,Credit Card,12204.93
9829,862,4,2024-08-17,2,Debit Card,3949.28
9830,76,43,2024-03-25,3,UPI,13472.310000000001
9831,547,40,2024-06-10,2,Cash,2208.82
9832,267,30,2025-01-31,2,Debit Card,785.22
9833,317,10,2025-01-05,1,UPI,3721.23
9834,812,94,2025-07-16,4,UPI,18420.0
9835,121,7,2024-08-02,2,Debit Card,4467.98
9836,836,36,2024-01-01,3,Credit Card,9869.07
9837,25,35,2025-01-11,2,Debit Card,5401.22
9838,432,88,2025-02-15,4,Credit Card,10165.44
9839,160,39,2025-09-26,3,Cash,11720.849999999999
9840,596,36,2024-07-18,2,Credit Card,6579.38
9841,114,20,2024-07-01,2,Cash,8331.68
9842,735,49,2025-02-13,1,Cash,4541.46
9843,900,96,2025-02-01,4,Cash,4593.56
9844,502,59,2024-08-03,2,Cash,6962.94
9845,166,49,2024-12-14,4,UPI,18165.84
9846,703,90,2025-08-02,2,Cash,9539.6
9847,175,26,2025-08-16,3,UPI,10738.98
9848,1,36,2025-10-15,4,UPI,13158.76
9849,899,43,2024-02-10,3,Cash,13472.310000000001
9850,741,99,2024-01-03,4,Credit Card,16656.08
9851,86,43,2024-04-03,3,Credit Card,13472.310000000001
9852,574,99,2024-02-28,2,Debit Card,8328.04
9853,320,76,2025-02-10,3,UPI,8544.84
9854,401,33,2024-01-18,3,UPI,14856.060000000001
9855,382,100,2025-05-08,2,Credit Card,7374.8
9856,718,78,2025-05-22,4,UPI,9834.12
9857,617,97,2025-08-08,3,Credit Card,491.52
9858,318,45,2024-11-27,1,Debit Card,1644.22
9859,803,45,2024-06-17,1,Cash,1644.22
9860,250,88,2025-11-02,3,Cash,7624.08
9861,525,15,2025-11-11,3,Cash,10046.22
9862,675,95,2024-07-24,3,Debit Card,2888.61
9863,555,17,2025-06-04,4,UPI,17633.4
9864,898,12,2025-05-19,2,Debit Card,6490.22
9865,952,22,2024-12-11,1,UPI,1526.61
9866,623,23,2024-10-30,1,UPI,1114.77
9867,717,90,2024-04-24,4,Cash,19079.2
9868,896,78,2025-10-25,3,Credit Card,7375.59
9869,256,12,2024-03-27,3,Credit Card,9735.33
9870,307,68,2024-04-04,2,Cash,9500.9
9871,950,51,2025-03-03,2,UPI,6499.62
9872,144,13,2025-11-28,1,Debit Card,2896.18
9873,658,57,2025-03-25,2,Cash,794.16
9874,391,55,2025-09-17,1,Cash,3652.41
9875,813,82,2025-06-24,4,Debit Card,19901.64
9876,676,28,2025-12-15,3,UPI,9168.39
9877,169,44,2024-01-02,3,Cash,12753.75
9878,990,19,2024-03-18,1,Cash,2780.12
9879,298,46,2024-11-19,3,UPI,4360.68
9880,233,3,2024-04-07,4,Debit Card,1897.16
9881,903,83,2025-09-20,2,Debit Card,5366.88
9882,271,20,2024-04-19,4,Credit Card,16663.36
9883,60,25,2025-11-09,3,Credit Card,13521.99
9884,296,75,2025-04-01,4,Debit Card,9388.52
9885,467,56,2025-05-02,3,Credit Card,8220.539999999999
9886,235,81,2025-01-05,1,Credit Card,771.3
9887,677,61,2024-12-02,2,UPI,5073.66
9888,706,55,2025-08-21,2,Cash,7304.82
9889,234,35,2024-01-22,3,Credit Card,8101.83
9890,368,78,2025-12-22,3,Credit Card,7375.59
9891,695,59,2024-10-31,2,UPI,6962.94
9892,845,39,2024-09-28,4,Debit Card,15627.8
9893,232,57,2025-05-04,4,Credit Card,1588.32
9894,873,83,2025-03-21,4,Cash,10733.76
9895,491,67,2024-10-04,2,Credit Card,3671.82
9896,619,34,2025-10-12,1,Cash,1271.88
9897,503,41,2025-01-11,3,Debit Card,10966.710000000001
9898,890,22,2024-08-19,3,Credit Card,4579.83
9899,735,27,2025-08-14,2,Cash,9386.3
9900,592,21,2025-03-01,1,Cash,3070.12
9901,746,41,2024-02-24,2,Cash,7311.14
9902,381,31,2025-03-16,4,Debit Card,13564.2
9903,696,27,2024-02-03,4,Cash,18772.6
9904,428,37,2024-11-24,3,UPI,9775.5
9905,697,66,2025-03-29,3,Debit Card,11487.99
9906,646,54,2025-01-22,3,Cash,5258.91
9907,732,9,2025-03-05,3,Debit Card,5324.5199999999995
9908,800,83,2025-04-20,4,Debit Card,10733.76
9909,364,42,2024-05-04,4,UPI,12546.8
9910,202,36,2025-06-06,1,Cash,3289.69
9911,882,10,2025-04-26,3,Debit Card,11163.69
9912,146,59,2024-11-12,2,Debit Card,6962.94
9913,836,40,2024-05-01,1,Cash,1104.41
9914,639,54,2025-06-30,1,UPI,1752.97
9915,457,39,2025-08-03,4,Credit Card,15627.8
9916,135,7,2024-11-08,3,Cash,6701.969999999999
9917,626,4,2025-05-01,1,Credit Card,1974.64
9918,264,15,2025-10-12,3,Cash,10046.22
9919,64,76,2024-01-12,4,Cash,11393.12
9920,491,48,2024-05-04,1,Debit Card,2683.6
9921,647,6,2025-10-20,1,Cash,990.52
9922,41,73,2024-03-17,2,UPI,5559.22
9923,296,35,2025-08-02,4,UPI,10802.44
9924,3,72,2025-12-18,2,Cash,7656.38
9925,913,71,2024-08-23,4,Debit Card,18601.76
9926,706,68,2025-07-24,2,Debit Card,9500.9
9927,975,58,2024-09-10,4,Credit Card,13924.0
9928,110,77,2025-02-09,4,Cash,17333.64
9929,221,19,2024-08-30,1,Credit Card,2780.12
9930,370,62,2025-04-05,2,Debit Card,2456.46
9931,368,71,2024-10-03,2,UPI,9300.88
9932,436,10,2025-04-13,2,Debit Card,7442.46
9933,918,25,2024-08-07,1,UPI,4507.33
9934,4,44,2024-08-12,3,Credit Card,12753.75
9935,244,99,2024-04-10,4,Debit Card,16656.08
9936,902,58,2025-09-25,2,UPI,6962.0
9937,166,25,2025-12-30,4,Credit Card,18029.32
9938,26,93,2025-05-21,1,Debit Card,2348.92
9939,395,76,2025-08-09,4,Cash,11393.12
9940,474,40,2024-11-26,1,Debit Card,1104.41
9941,17,76,2024-08-24,3,Credit Card,8544.84
9942,728,70,2024-12-04,2,Debit Card,6284.9
9943,92,10,2025-05-20,1,Credit Card,3721.23
9944,483,66,2024-06-13,4,UPI,15317.32
9945,543,25,2025-10-30,1,Debit Card,4507.33
9946,205,71,2025-12-23,1,Credit Card,4650.44
9947,502,87,2025-12-28,3,Credit Card,9657.119999999999
9948,931,11,2024-08-05,2,Cash,2387.98
9949,400,36,2025-01-10,1,UPI,3289.69
9950,207,49,2024-01-12,1,Cash,4541.46
9951,619,48,2025-03-07,4,Cash,10734.4
9952,146,87,2024-03-23,1,Debit Card,3219.04
9953,879,7,2025-03-06,1,Credit Card,2233.99
9954,101,91,2025-09-16,2,Credit Card,5320.88
9955,880,77,2025-04-22,2,Credit Card,8666.82
9956,830,51,2025-12-07,4,Debit Card,12999.24
9957,880,17,2025-01-03,1,Debit Card,4408.35
9958,241,32,2025-10-14,1,UPI,2952.82
9959,923,26,2025-09-27,1,Cash,3579.66
9960,759,22,2024-05-20,3,UPI,4579.83
9961,163,13,2025-12-20,3,UPI,8688.539999999999
9962,884,12,2025-09-18,4,Debit Card,12980.44
9963,173,71,2025-12-18,3,Credit Card,13951.32
9964,502,1,2025-03-31,4,Debit Card,17199.72
9965,547,33,2025-05-16,1,Debit Card,4952.02
9966,284,14,2025-02-06,3,Debit Card,8650.95
9967,359,64,2024-10-14,2,UPI,4273.3
9968,381,43,2024-12-20,3,Credit Card,13472.310000000001
9969,870,58,2024-12-08,1,Debit Card,3481.0
9970,905,41,2024-05-28,2,UPI,7311.14
9971,972,81,2024-07-28,4,Debit Card,3085.2
9972,911,68,2024-04-21,1,Cash,4750.45
9973,533,39,2025-10-15,2,Credit Card,7813.9
9974,820,1,2025-06-19,3,UPI,12899.79
9975,163,41,2024-02-18,4,Cash,14622.28
9976,609,45,2024-11-26,3,Debit Card,4932.66
9977,307,88,2024-12-30,2,Cash,5082.72
9978,339,98,2024-01-11,2,Cash,339.06
9979,55,98,2024-07-06,1,UPI,169.53
9980,983,88,2025-05-23,4,Credit Card,10165.44
9981,333,79,2025-08-02,4,Credit Card,17994.44
9982,127,81,2025-03-20,2,UPI,1542.6
9983,940,13,2024-03-30,1,Debit Card,2896.18
9984,705,71,2025-09-13,2,Cash,9300.88
9985,243,9,2025-11-06,2,Credit Card,3549.68
9986,861,63,2025-03-23,4,Credit Card,1273.44
9987,600,99,2025-12-18,3,Cash,12492.060000000001
9988,848,23,2024-02-01,3,Debit Card,3344.31
9989,409,54,2024-11-22,4,Cash,7011.88
9990,503,47,2024-03-14,1,UPI,4910.1
9991,727,39,2024-09-07,4,UPI,15627.8
9992,604,87,2025-03-25,1,Debit Card,3219.04
9993,303,26,2024-12-20,4,Credit Card,14318.64
9994,464,1,2025-06-16,1,Credit Card,4299.93
9995,235,14,2024-10-22,2,Debit Card,5767.3
9996,696,96,2024-10-24,2,Debit Card,2296.78
9997,38,74,2024-11-23,1,UPI,983.51
9998,139,65,2024-10-28,4,UPI,6317.56
9999,195,69,2025-05-26,2,Debit Card,9630.64
10000,527,67,2024-12-03,4,Credit Card,7343.64
